ds,y,ticker,name
2021-08-18,3093.044189453125,TCS.NS,Tata Consultancy Services
2021-08-20,3092.13232421875,TCS.NS,Tata Consultancy Services
2021-08-23,3159.803955078125,TCS.NS,Tata Consultancy Services
2021-08-24,3138.78125,TCS.NS,Tata Consultancy Services
2021-08-25,3178.568115234375,TCS.NS,Tata Consultancy Services
2021-08-26,3189.730712890625,TCS.NS,Tata Consultancy Services
2021-08-27,3231.68896484375,TCS.NS,Tata Consultancy Services
2021-08-30,3215.313720703125,TCS.NS,Tata Consultancy Services
2021-08-31,3289.283203125,TCS.NS,Tata Consultancy Services
2021-09-01,3227.17138671875,TCS.NS,Tata Consultancy Services
2021-09-02,3332.978759765625,TCS.NS,Tata Consultancy Services
2021-09-03,3337.583984375,TCS.NS,Tata Consultancy Services
2021-09-06,3346.2265625,TCS.NS,Tata Consultancy Services
2021-09-07,3314.866455078125,TCS.NS,Tata Consultancy Services
2021-09-08,3278.598388671875,TCS.NS,Tata Consultancy Services
2021-09-09,3293.58349609375,TCS.NS,Tata Consultancy Services
2021-09-13,3340.44970703125,TCS.NS,Tata Consultancy Services
2021-09-14,3375.675048828125,TCS.NS,Tata Consultancy Services
2021-09-15,3435.311767578125,TCS.NS,Tata Consultancy Services
2021-09-16,3390.790771484375,TCS.NS,Tata Consultancy Services
2021-09-17,3325.24755859375,TCS.NS,Tata Consultancy Services
2021-09-20,3321.468505859375,TCS.NS,Tata Consultancy Services
2021-09-21,3355.73828125,TCS.NS,Tata Consultancy Services
2021-09-22,3355.044189453125,TCS.NS,Tata Consultancy Services
2021-09-23,3361.211181640625,TCS.NS,Tata Consultancy Services
2021-09-24,3362.992919921875,TCS.NS,Tata Consultancy Services
2021-09-27,3333.15234375,TCS.NS,Tata Consultancy Services
2021-09-28,3282.942138671875,TCS.NS,Tata Consultancy Services
2021-09-29,3294.017578125,TCS.NS,Tata Consultancy Services
2021-09-30,3279.81396484375,TCS.NS,Tata Consultancy Services
2021-10-01,3240.419189453125,TCS.NS,Tata Consultancy Services
2021-10-04,3277.860107421875,TCS.NS,Tata Consultancy Services
2021-10-05,3329.981689453125,TCS.NS,Tata Consultancy Services
2021-10-06,3310.5234375,TCS.NS,Tata Consultancy Services
2021-10-07,3381.756103515625,TCS.NS,Tata Consultancy Services
2021-10-08,3418.89306640625,TCS.NS,Tata Consultancy Services
2021-10-11,3201.67529296875,TCS.NS,Tata Consultancy Services
2021-10-12,3173.225341796875,TCS.NS,Tata Consultancy Services
2021-10-13,3175.266845703125,TCS.NS,Tata Consultancy Services
2021-10-14,3143.281494140625,TCS.NS,Tata Consultancy Services
2021-10-18,3174.353271484375,TCS.NS,Tata Consultancy Services
2021-10-19,3163.038330078125,TCS.NS,Tata Consultancy Services
2021-10-20,3141.018310546875,TCS.NS,Tata Consultancy Services
2021-10-21,3074.5654296875,TCS.NS,Tata Consultancy Services
2021-10-22,3045.277587890625,TCS.NS,Tata Consultancy Services
2021-10-25,3040.142333984375,TCS.NS,Tata Consultancy Services
2021-10-26,3031.134521484375,TCS.NS,Tata Consultancy Services
2021-10-27,3037.357421875,TCS.NS,Tata Consultancy Services
2021-10-28,2978.084716796875,TCS.NS,Tata Consultancy Services
2021-10-29,2957.283203125,TCS.NS,Tata Consultancy Services
2021-11-01,3025.73779296875,TCS.NS,Tata Consultancy Services
2021-11-02,3032.526123046875,TCS.NS,Tata Consultancy Services
2021-11-03,3039.53369140625,TCS.NS,Tata Consultancy Services
2021-11-04,3053.806640625,TCS.NS,Tata Consultancy Services
2021-11-08,3048.67236328125,TCS.NS,Tata Consultancy Services
2021-11-09,3051.23974609375,TCS.NS,Tata Consultancy Services
2021-11-10,3032.614013671875,TCS.NS,Tata Consultancy Services
2021-11-11,3036.008056640625,TCS.NS,Tata Consultancy Services
2021-11-12,3068.951171875,TCS.NS,Tata Consultancy Services
2021-11-15,3092.6689453125,TCS.NS,Tata Consultancy Services
2021-11-16,3095.366943359375,TCS.NS,Tata Consultancy Services
2021-11-17,3065.339599609375,TCS.NS,Tata Consultancy Services
2021-11-18,3025.128662109375,TCS.NS,Tata Consultancy Services
2021-11-22,3010.0712890625,TCS.NS,Tata Consultancy Services
2021-11-23,3015.163330078125,TCS.NS,Tata Consultancy Services
2021-11-24,2996.928466796875,TCS.NS,Tata Consultancy Services
2021-11-25,2999.19189453125,TCS.NS,Tata Consultancy Services
2021-11-26,3000.019287109375,TCS.NS,Tata Consultancy Services
2021-11-29,3048.019287109375,TCS.NS,Tata Consultancy Services
2021-11-30,3071.649658203125,TCS.NS,Tata Consultancy Services
2021-12-01,3113.992919921875,TCS.NS,Tata Consultancy Services
2021-12-02,3170.653564453125,TCS.NS,Tata Consultancy Services
2021-12-03,3168.521728515625,TCS.NS,Tata Consultancy Services
2021-12-06,3077.959716796875,TCS.NS,Tata Consultancy Services
2021-12-07,3119.824462890625,TCS.NS,Tata Consultancy Services
2021-12-08,3156.728271484375,TCS.NS,Tata Consultancy Services
2021-12-09,3134.8388671875,TCS.NS,Tata Consultancy Services
2021-12-10,3165.344970703125,TCS.NS,Tata Consultancy Services
2021-12-13,3141.71435546875,TCS.NS,Tata Consultancy Services
2021-12-14,3154.029541015625,TCS.NS,Tata Consultancy Services
2021-12-15,3107.509033203125,TCS.NS,Tata Consultancy Services
2021-12-16,3117.30078125,TCS.NS,Tata Consultancy Services
2021-12-17,3119.6943359375,TCS.NS,Tata Consultancy Services
2021-12-20,3095.80224609375,TCS.NS,Tata Consultancy Services
2021-12-21,3140.539794921875,TCS.NS,Tata Consultancy Services
2021-12-22,3160.07861328125,TCS.NS,Tata Consultancy Services
2021-12-23,3187.8876953125,TCS.NS,Tata Consultancy Services
2021-12-24,3195.02392578125,TCS.NS,Tata Consultancy Services
2021-12-27,3216.957275390625,TCS.NS,Tata Consultancy Services
2021-12-28,3226.05224609375,TCS.NS,Tata Consultancy Services
2021-12-29,3215.739013671875,TCS.NS,Tata Consultancy Services
2021-12-30,3249.726806640625,TCS.NS,Tata Consultancy Services
2021-12-31,3253.730224609375,TCS.NS,Tata Consultancy Services
2022-01-03,3322.83740234375,TCS.NS,Tata Consultancy Services
2022-01-04,3381.1513671875,TCS.NS,Tata Consultancy Services
2022-01-05,3360.43701171875,TCS.NS,Tata Consultancy Services
2022-01-06,3313.8720703125,TCS.NS,Tata Consultancy Services
2022-01-07,3353.953125,TCS.NS,Tata Consultancy Services
2022-01-10,3376.886962890625,TCS.NS,Tata Consultancy Services
2022-01-11,3408.262939453125,TCS.NS,Tata Consultancy Services
2022-01-12,3359.523193359375,TCS.NS,Tata Consultancy Services
2022-01-13,3392.596923828125,TCS.NS,Tata Consultancy Services
2022-01-14,3453.73974609375,TCS.NS,Tata Consultancy Services
2022-01-17,3498.12890625,TCS.NS,Tata Consultancy Services
2022-01-18,3473.280029296875,TCS.NS,Tata Consultancy Services
2022-01-19,3413.162841796875,TCS.NS,Tata Consultancy Services
2022-01-20,3336.34912109375,TCS.NS,Tata Consultancy Services
2022-01-21,3342.408447265625,TCS.NS,Tata Consultancy Services
2022-01-24,3288.22021484375,TCS.NS,Tata Consultancy Services
2022-01-25,3286.955810546875,TCS.NS,Tata Consultancy Services
2022-01-27,3181.761962890625,TCS.NS,Tata Consultancy Services
2022-01-28,3217.335205078125,TCS.NS,Tata Consultancy Services
2022-01-31,3257.615966796875,TCS.NS,Tata Consultancy Services
2022-02-01,3313.7666015625,TCS.NS,Tata Consultancy Services
2022-02-02,3362.20068359375,TCS.NS,Tata Consultancy Services
2022-02-03,3334.648681640625,TCS.NS,Tata Consultancy Services
2022-02-04,3326.19091796875,TCS.NS,Tata Consultancy Services
2022-02-07,3294.89013671875,TCS.NS,Tata Consultancy Services
2022-02-08,3263.89404296875,TCS.NS,Tata Consultancy Services
2022-02-09,3278.803466796875,TCS.NS,Tata Consultancy Services
2022-02-10,3287.34814453125,TCS.NS,Tata Consultancy Services
2022-02-11,3221.607421875,TCS.NS,Tata Consultancy Services
2022-02-14,3255.437255859375,TCS.NS,Tata Consultancy Services
2022-02-15,3328.719970703125,TCS.NS,Tata Consultancy Services
2022-02-16,3324.622314453125,TCS.NS,Tata Consultancy Services
2022-02-17,3299.424072265625,TCS.NS,Tata Consultancy Services
2022-02-18,3307.881591796875,TCS.NS,Tata Consultancy Services
2022-02-21,3242.925048828125,TCS.NS,Tata Consultancy Services
2022-02-22,3126.963623046875,TCS.NS,Tata Consultancy Services
2022-02-23,3107.258056640625,TCS.NS,Tata Consultancy Services
2022-02-24,2965.880859375,TCS.NS,Tata Consultancy Services
2022-02-25,3069.723388671875,TCS.NS,Tata Consultancy Services
2022-02-28,3098.8876953125,TCS.NS,Tata Consultancy Services
2022-03-02,3091.869384765625,TCS.NS,Tata Consultancy Services
2022-03-03,3090.343505859375,TCS.NS,Tata Consultancy Services
2022-03-04,3072.862060546875,TCS.NS,Tata Consultancy Services
2022-03-07,3038.4658203125,TCS.NS,Tata Consultancy Services
2022-03-08,3138.777099609375,TCS.NS,Tata Consultancy Services
2022-03-09,3167.24462890625,TCS.NS,Tata Consultancy Services
2022-03-10,3157.08740234375,TCS.NS,Tata Consultancy Services
2022-03-11,3138.079833984375,TCS.NS,Tata Consultancy Services
2022-03-14,3176.3125,TCS.NS,Tata Consultancy Services
2022-03-15,3133.5029296875,TCS.NS,Tata Consultancy Services
2022-03-16,3187.559814453125,TCS.NS,Tata Consultancy Services
2022-03-17,3202.2509765625,TCS.NS,Tata Consultancy Services
2022-03-21,3162.10107421875,TCS.NS,Tata Consultancy Services
2022-03-22,3226.8388671875,TCS.NS,Tata Consultancy Services
2022-03-23,3236.822021484375,TCS.NS,Tata Consultancy Services
2022-03-24,3269.474853515625,TCS.NS,Tata Consultancy Services
2022-03-25,3232.506103515625,TCS.NS,Tata Consultancy Services
2022-03-28,3232.723388671875,TCS.NS,Tata Consultancy Services
2022-03-29,3230.675537109375,TCS.NS,Tata Consultancy Services
2022-03-30,3253.518798828125,TCS.NS,Tata Consultancy Services
2022-03-31,3260.8427734375,TCS.NS,Tata Consultancy Services
2022-04-01,3277.234375,TCS.NS,Tata Consultancy Services
2022-04-04,3287.34814453125,TCS.NS,Tata Consultancy Services
2022-04-05,3326.10400390625,TCS.NS,Tata Consultancy Services
2022-04-06,3274.27001953125,TCS.NS,Tata Consultancy Services
2022-04-07,3212.190673828125,TCS.NS,Tata Consultancy Services
2022-04-08,3213.49853515625,TCS.NS,Tata Consultancy Services
2022-04-11,3222.87158203125,TCS.NS,Tata Consultancy Services
2022-04-12,3218.250732421875,TCS.NS,Tata Consultancy Services
2022-04-13,3192.834716796875,TCS.NS,Tata Consultancy Services
2022-04-18,3076.088134765625,TCS.NS,Tata Consultancy Services
2022-04-19,3027.130859375,TCS.NS,Tata Consultancy Services
2022-04-20,3101.154541015625,TCS.NS,Tata Consultancy Services
2022-04-21,3163.80078125,TCS.NS,Tata Consultancy Services
2022-04-22,3149.76318359375,TCS.NS,Tata Consultancy Services
2022-04-25,3093.6572265625,TCS.NS,Tata Consultancy Services
2022-04-26,3092.000732421875,TCS.NS,Tata Consultancy Services
2022-04-27,3104.991943359375,TCS.NS,Tata Consultancy Services
2022-04-28,3125.13232421875,TCS.NS,Tata Consultancy Services
2022-04-29,3092.34912109375,TCS.NS,Tata Consultancy Services
2022-05-02,3088.599609375,TCS.NS,Tata Consultancy Services
2022-05-04,3033.9755859375,TCS.NS,Tata Consultancy Services
2022-05-05,3063.31494140625,TCS.NS,Tata Consultancy Services
2022-05-06,2992.86572265625,TCS.NS,Tata Consultancy Services
2022-05-09,3003.764404296875,TCS.NS,Tata Consultancy Services
2022-05-10,2998.228271484375,TCS.NS,Tata Consultancy Services
2022-05-11,2974.905029296875,TCS.NS,Tata Consultancy Services
2022-05-12,2971.984130859375,TCS.NS,Tata Consultancy Services
2022-05-13,2977.433349609375,TCS.NS,Tata Consultancy Services
2022-05-16,2944.214599609375,TCS.NS,Tata Consultancy Services
2022-05-17,3009.431884765625,TCS.NS,Tata Consultancy Services
2022-05-18,3006.990234375,TCS.NS,Tata Consultancy Services
2022-05-19,2844.07666015625,TCS.NS,Tata Consultancy Services
2022-05-20,2871.149169921875,TCS.NS,Tata Consultancy Services
2022-05-23,2896.2158203125,TCS.NS,Tata Consultancy Services
2022-05-24,2866.7900390625,TCS.NS,Tata Consultancy Services
2022-05-25,2780.461181640625,TCS.NS,Tata Consultancy Services
2022-05-26,2832.512939453125,TCS.NS,Tata Consultancy Services
2022-05-27,2862.66455078125,TCS.NS,Tata Consultancy Services
2022-05-30,2962.68603515625,TCS.NS,Tata Consultancy Services
2022-05-31,2953.118408203125,TCS.NS,Tata Consultancy Services
2022-06-01,2945.086669921875,TCS.NS,Tata Consultancy Services
2022-06-02,3004.598876953125,TCS.NS,Tata Consultancy Services
2022-06-03,3019.653076171875,TCS.NS,Tata Consultancy Services
2022-06-06,3011.577392578125,TCS.NS,Tata Consultancy Services
2022-06-07,2951.670166015625,TCS.NS,Tata Consultancy Services
2022-06-08,2988.053955078125,TCS.NS,Tata Consultancy Services
2022-06-09,3008.19775390625,TCS.NS,Tata Consultancy Services
2022-06-10,2949.212158203125,TCS.NS,Tata Consultancy Services
2022-06-13,2826.0615234375,TCS.NS,Tata Consultancy Services
2022-06-14,2818.11767578125,TCS.NS,Tata Consultancy Services
2022-06-15,2814.386962890625,TCS.NS,Tata Consultancy Services
2022-06-16,2757.946533203125,TCS.NS,Tata Consultancy Services
2022-06-17,2711.3369140625,TCS.NS,Tata Consultancy Services
2022-06-20,2731.964111328125,TCS.NS,Tata Consultancy Services
2022-06-21,2819.34619140625,TCS.NS,Tata Consultancy Services
2022-06-22,2829.001953125,TCS.NS,Tata Consultancy Services
2022-06-23,2904.358642578125,TCS.NS,Tata Consultancy Services
2022-06-24,2890.5771484375,TCS.NS,Tata Consultancy Services
2022-06-27,2909.537353515625,TCS.NS,Tata Consultancy Services
2022-06-28,2912.5654296875,TCS.NS,Tata Consultancy Services
2022-06-29,2888.294921875,TCS.NS,Tata Consultancy Services
2022-06-30,2867.755615234375,TCS.NS,Tata Consultancy Services
2022-07-01,2909.88818359375,TCS.NS,Tata Consultancy Services
2022-07-04,2839.623291015625,TCS.NS,Tata Consultancy Services
2022-07-05,2823.16455078125,TCS.NS,Tata Consultancy Services
2022-07-06,2862.181640625,TCS.NS,Tata Consultancy Services
2022-07-07,2885.96923828125,TCS.NS,Tata Consultancy Services
2022-07-08,2866.307373046875,TCS.NS,Tata Consultancy Services
2022-07-11,2733.193603515625,TCS.NS,Tata Consultancy Services
2022-07-12,2707.650634765625,TCS.NS,Tata Consultancy Services
2022-07-13,2667.3173828125,TCS.NS,Tata Consultancy Services
2022-07-14,2639.154296875,TCS.NS,Tata Consultancy Services
2022-07-15,2635.501953125,TCS.NS,Tata Consultancy Services
2022-07-18,2696.1396484375,TCS.NS,Tata Consultancy Services
2022-07-19,2705.6005859375,TCS.NS,Tata Consultancy Services
2022-07-20,2785.292724609375,TCS.NS,Tata Consultancy Services
2022-07-21,2796.29345703125,TCS.NS,Tata Consultancy Services
2022-07-22,2790.748779296875,TCS.NS,Tata Consultancy Services
2022-07-25,2787.008544921875,TCS.NS,Tata Consultancy Services
2022-07-26,2742.256103515625,TCS.NS,Tata Consultancy Services
2022-07-27,2806.459228515625,TCS.NS,Tata Consultancy Services
2022-07-28,2869.5166015625,TCS.NS,Tata Consultancy Services
2022-07-29,2905.95166015625,TCS.NS,Tata Consultancy Services
2022-08-01,2903.223876953125,TCS.NS,Tata Consultancy Services
2022-08-02,2897.06298828125,TCS.NS,Tata Consultancy Services
2022-08-03,2939.043212890625,TCS.NS,Tata Consultancy Services
2022-08-04,2952.640869140625,TCS.NS,Tata Consultancy Services
2022-08-05,2961.529052734375,TCS.NS,Tata Consultancy Services
2022-08-08,2969.802734375,TCS.NS,Tata Consultancy Services
2022-08-10,2952.02490234375,TCS.NS,Tata Consultancy Services
2022-08-11,3012.090087890625,TCS.NS,Tata Consultancy Services
2022-08-12,2993.65283203125,TCS.NS,Tata Consultancy Services
2022-08-16,2985.86376953125,TCS.NS,Tata Consultancy Services
2022-08-17,2993.2568359375,TCS.NS,Tata Consultancy Services
2022-08-18,2975.786865234375,TCS.NS,Tata Consultancy Services
2022-08-19,2979.746826171875,TCS.NS,Tata Consultancy Services
2022-08-22,2952.288330078125,TCS.NS,Tata Consultancy Services
2022-08-23,2890.726806640625,TCS.NS,Tata Consultancy Services
2022-08-24,2864.984130859375,TCS.NS,Tata Consultancy Services
2022-08-25,2832.288818359375,TCS.NS,Tata Consultancy Services
2022-08-26,2835.809326171875,TCS.NS,Tata Consultancy Services
2022-08-29,2756.909912109375,TCS.NS,Tata Consultancy Services
2022-08-30,2826.084716796875,TCS.NS,Tata Consultancy Services
2022-09-01,2756.16162109375,TCS.NS,Tata Consultancy Services
2022-09-02,2755.01806640625,TCS.NS,Tata Consultancy Services
2022-09-05,2757.657470703125,TCS.NS,Tata Consultancy Services
2022-09-06,2752.0693359375,TCS.NS,Tata Consultancy Services
2022-09-07,2771.915771484375,TCS.NS,Tata Consultancy Services
2022-09-08,2789.560546875,TCS.NS,Tata Consultancy Services
2022-09-09,2831.8046875,TCS.NS,Tata Consultancy Services
2022-09-12,2854.071044921875,TCS.NS,Tata Consultancy Services
2022-09-13,2842.10205078125,TCS.NS,Tata Consultancy Services
2022-09-14,2746.21630859375,TCS.NS,Tata Consultancy Services
2022-09-15,2732.091552734375,TCS.NS,Tata Consultancy Services
2022-09-16,2647.91162109375,TCS.NS,Tata Consultancy Services
2022-09-19,2665.60107421875,TCS.NS,Tata Consultancy Services
2022-09-20,2675.72216796875,TCS.NS,Tata Consultancy Services
2022-09-21,2641.310546875,TCS.NS,Tata Consultancy Services
2022-09-22,2646.76708984375,TCS.NS,Tata Consultancy Services
2022-09-23,2624.45703125,TCS.NS,Tata Consultancy Services
2022-09-26,2635.326171875,TCS.NS,Tata Consultancy Services
2022-09-27,2655.611572265625,TCS.NS,Tata Consultancy Services
2022-09-28,2671.629638671875,TCS.NS,Tata Consultancy Services
2022-09-29,2637.87841796875,TCS.NS,Tata Consultancy Services
2022-09-30,2644.2587890625,TCS.NS,Tata Consultancy Services
2022-10-03,2627.008544921875,TCS.NS,Tata Consultancy Services
2022-10-04,2720.47412109375,TCS.NS,Tata Consultancy Services
2022-10-06,2729.979248046875,TCS.NS,Tata Consultancy Services
2022-10-07,2697.371337890625,TCS.NS,Tata Consultancy Services
2022-10-10,2744.588623046875,TCS.NS,Tata Consultancy Services
2022-10-11,2701.464111328125,TCS.NS,Tata Consultancy Services
2022-10-12,2728.923583984375,TCS.NS,Tata Consultancy Services
2022-10-13,2731.16748046875,TCS.NS,Tata Consultancy Services
2022-10-14,2727.514404296875,TCS.NS,Tata Consultancy Services
2022-10-17,2745.69189453125,TCS.NS,Tata Consultancy Services
2022-10-18,2774.76513671875,TCS.NS,Tata Consultancy Services
2022-10-19,2754.603515625,TCS.NS,Tata Consultancy Services
2022-10-20,2785.88330078125,TCS.NS,Tata Consultancy Services
2022-10-21,2768.32421875,TCS.NS,Tata Consultancy Services
2022-10-24,2789.765380859375,TCS.NS,Tata Consultancy Services
2022-10-25,2790.118896484375,TCS.NS,Tata Consultancy Services
2022-10-27,2785.971435546875,TCS.NS,Tata Consultancy Services
2022-10-28,2791.13330078125,TCS.NS,Tata Consultancy Services
2022-10-31,2817.515869140625,TCS.NS,Tata Consultancy Services
2022-11-01,2876.237060546875,TCS.NS,Tata Consultancy Services
2022-11-02,2860.35498046875,TCS.NS,Tata Consultancy Services
2022-11-03,2829.515625,TCS.NS,Tata Consultancy Services
2022-11-04,2838.9130859375,TCS.NS,Tata Consultancy Services
2022-11-07,2853.2958984375,TCS.NS,Tata Consultancy Services
2022-11-09,2837.72216796875,TCS.NS,Tata Consultancy Services
2022-11-10,2828.545166015625,TCS.NS,Tata Consultancy Services
2022-11-11,2925.869873046875,TCS.NS,Tata Consultancy Services
2022-11-14,2943.12060546875,TCS.NS,Tata Consultancy Services
2022-11-15,2940.5615234375,TCS.NS,Tata Consultancy Services
2022-11-16,2960.635498046875,TCS.NS,Tata Consultancy Services
2022-11-17,2955.031982421875,TCS.NS,Tata Consultancy Services
2022-11-18,2950.13525390625,TCS.NS,Tata Consultancy Services
2022-11-21,2897.2373046875,TCS.NS,Tata Consultancy Services
2022-11-22,2924.988037109375,TCS.NS,Tata Consultancy Services
2022-11-23,2919.120361328125,TCS.NS,Tata Consultancy Services
2022-11-24,2982.517578125,TCS.NS,Tata Consultancy Services
2022-11-25,2990.900146484375,TCS.NS,Tata Consultancy Services
2022-11-28,2995.841552734375,TCS.NS,Tata Consultancy Services
2022-11-29,2997.69384765625,TCS.NS,Tata Consultancy Services
2022-11-30,2991.914794921875,TCS.NS,Tata Consultancy Services
2022-12-01,3066.783203125,TCS.NS,Tata Consultancy Services
2022-12-02,3034.57666015625,TCS.NS,Tata Consultancy Services
2022-12-05,3022.885498046875,TCS.NS,Tata Consultancy Services
2022-12-06,2987.10595703125,TCS.NS,Tata Consultancy Services
2022-12-07,2982.914794921875,TCS.NS,Tata Consultancy Services
2022-12-08,2956.3994140625,TCS.NS,Tata Consultancy Services
2022-12-09,2905.399169921875,TCS.NS,Tata Consultancy Services
2022-12-12,2899.840576171875,TCS.NS,Tata Consultancy Services
2022-12-13,2940.12060546875,TCS.NS,Tata Consultancy Services
2022-12-14,2969.458740234375,TCS.NS,Tata Consultancy Services
2022-12-15,2916.29638671875,TCS.NS,Tata Consultancy Services
2022-12-16,2859.0751953125,TCS.NS,Tata Consultancy Services
2022-12-19,2825.36865234375,TCS.NS,Tata Consultancy Services
2022-12-20,2862.340087890625,TCS.NS,Tata Consultancy Services
2022-12-21,2884.046142578125,TCS.NS,Tata Consultancy Services
2022-12-22,2876.237060546875,TCS.NS,Tata Consultancy Services
2022-12-23,2848.574951171875,TCS.NS,Tata Consultancy Services
2022-12-26,2870.237060546875,TCS.NS,Tata Consultancy Services
2022-12-27,2876.060302734375,TCS.NS,Tata Consultancy Services
2022-12-28,2873.943115234375,TCS.NS,Tata Consultancy Services
2022-12-29,2884.22265625,TCS.NS,Tata Consultancy Services
2022-12-30,2873.58984375,TCS.NS,Tata Consultancy Services
2023-01-02,2877.78125,TCS.NS,Tata Consultancy Services
2023-01-03,2921.81103515625,TCS.NS,Tata Consultancy Services
2023-01-04,2924.72265625,TCS.NS,Tata Consultancy Services
2023-01-05,2921.5908203125,TCS.NS,Tata Consultancy Services
2023-01-06,2833.75146484375,TCS.NS,Tata Consultancy Services
2023-01-09,2929.3994140625,TCS.NS,Tata Consultancy Services
2023-01-10,2899.796142578125,TCS.NS,Tata Consultancy Services
2023-01-11,2937.1201171875,TCS.NS,Tata Consultancy Services
2023-01-12,2942.10546875,TCS.NS,Tata Consultancy Services
2023-01-13,2977.576416015625,TCS.NS,Tata Consultancy Services
2023-01-16,3008.709716796875,TCS.NS,Tata Consultancy Services
2023-01-17,3048.732177734375,TCS.NS,Tata Consultancy Services
2023-01-18,3059.2001953125,TCS.NS,Tata Consultancy Services
2023-01-19,3043.94921875,TCS.NS,Tata Consultancy Services
2023-01-20,3034.92529296875,TCS.NS,Tata Consultancy Services
2023-01-23,3081.670654296875,TCS.NS,Tata Consultancy Services
2023-01-24,3100.982666015625,TCS.NS,Tata Consultancy Services
2023-01-25,3095.071044921875,TCS.NS,Tata Consultancy Services
2023-01-27,3078.1962890625,TCS.NS,Tata Consultancy Services
2023-01-30,3098.590576171875,TCS.NS,Tata Consultancy Services
2023-01-31,3030.95458984375,TCS.NS,Tata Consultancy Services
2023-02-01,3075.760009765625,TCS.NS,Tata Consultancy Services
2023-02-02,3122.730712890625,TCS.NS,Tata Consultancy Services
2023-02-03,3142.493896484375,TCS.NS,Tata Consultancy Services
2023-02-06,3122.32421875,TCS.NS,Tata Consultancy Services
2023-02-07,3133.695068359375,TCS.NS,Tata Consultancy Services
2023-02-08,3176.60498046875,TCS.NS,Tata Consultancy Services
2023-02-09,3195.329833984375,TCS.NS,Tata Consultancy Services
2023-02-10,3192.352783203125,TCS.NS,Tata Consultancy Services
2023-02-13,3142.583251953125,TCS.NS,Tata Consultancy Services
2023-02-14,3158.556640625,TCS.NS,Tata Consultancy Services
2023-02-15,3177.101318359375,TCS.NS,Tata Consultancy Services
2023-02-16,3210.851806640625,TCS.NS,Tata Consultancy Services
2023-02-17,3159.504150390625,TCS.NS,Tata Consultancy Services
2023-02-20,3147.005859375,TCS.NS,Tata Consultancy Services
2023-02-21,3114.24755859375,TCS.NS,Tata Consultancy Services
2023-02-22,3069.623779296875,TCS.NS,Tata Consultancy Services
2023-02-23,3080.677978515625,TCS.NS,Tata Consultancy Services
2023-02-24,3068.63037109375,TCS.NS,Tata Consultancy Services
2023-02-27,3006.724853515625,TCS.NS,Tata Consultancy Services
2023-02-28,2989.578857421875,TCS.NS,Tata Consultancy Services
2023-03-01,3055.320068359375,TCS.NS,Tata Consultancy Services
2023-03-02,2997.3388671875,TCS.NS,Tata Consultancy Services
2023-03-03,3016.02001953125,TCS.NS,Tata Consultancy Services
2023-03-06,3042.821533203125,TCS.NS,Tata Consultancy Services
2023-03-08,3059.561279296875,TCS.NS,Tata Consultancy Services
2023-03-09,3011.23681640625,TCS.NS,Tata Consultancy Services
2023-03-10,3005.957763671875,TCS.NS,Tata Consultancy Services
2023-03-13,2961.69384765625,TCS.NS,Tata Consultancy Services
2023-03-14,2901.23193359375,TCS.NS,Tata Consultancy Services
2023-03-15,2886.748046875,TCS.NS,Tata Consultancy Services
2023-03-16,2874.204345703125,TCS.NS,Tata Consultancy Services
2023-03-17,2869.06103515625,TCS.NS,Tata Consultancy Services
2023-03-20,2836.5732421875,TCS.NS,Tata Consultancy Services
2023-03-21,2803.00341796875,TCS.NS,Tata Consultancy Services
2023-03-22,2825.29345703125,TCS.NS,Tata Consultancy Services
2023-03-23,2819.743408203125,TCS.NS,Tata Consultancy Services
2023-03-24,2815.998046875,TCS.NS,Tata Consultancy Services
2023-03-27,2817.623046875,TCS.NS,Tata Consultancy Services
2023-03-28,2811.84716796875,TCS.NS,Tata Consultancy Services
2023-03-29,2832.602294921875,TCS.NS,Tata Consultancy Services
2023-03-31,2893.065185546875,TCS.NS,Tata Consultancy Services
2023-04-03,2887.740966796875,TCS.NS,Tata Consultancy Services
2023-04-05,2923.656982421875,TCS.NS,Tata Consultancy Services
2023-04-06,2906.420654296875,TCS.NS,Tata Consultancy Services
2023-04-10,2944.954345703125,TCS.NS,Tata Consultancy Services
2023-04-11,2900.194091796875,TCS.NS,Tata Consultancy Services
2023-04-12,2925.326416015625,TCS.NS,Tata Consultancy Services
2023-04-13,2877.67919921875,TCS.NS,Tata Consultancy Services
2023-04-17,2833.144287109375,TCS.NS,Tata Consultancy Services
2023-04-18,2825.248291015625,TCS.NS,Tata Consultancy Services
2023-04-19,2788.114013671875,TCS.NS,Tata Consultancy Services
2023-04-20,2801.830810546875,TCS.NS,Tata Consultancy Services
2023-04-21,2852.410888671875,TCS.NS,Tata Consultancy Services
2023-04-24,2864.999755859375,TCS.NS,Tata Consultancy Services
2023-04-25,2866.08203125,TCS.NS,Tata Consultancy Services
2023-04-26,2886.0712890625,TCS.NS,Tata Consultancy Services
2023-04-27,2876.86669921875,TCS.NS,Tata Consultancy Services
2023-04-28,2905.1123046875,TCS.NS,Tata Consultancy Services
2023-05-02,2905.247802734375,TCS.NS,Tata Consultancy Services
2023-05-03,2869.6015625,TCS.NS,Tata Consultancy Services
2023-05-04,2906.420654296875,TCS.NS,Tata Consultancy Services
2023-05-05,2915.4453125,TCS.NS,Tata Consultancy Services
2023-05-08,2933.4033203125,TCS.NS,Tata Consultancy Services
2023-05-09,2962.866943359375,TCS.NS,Tata Consultancy Services
2023-05-10,2966.070556640625,TCS.NS,Tata Consultancy Services
2023-05-11,2961.8740234375,TCS.NS,Tata Consultancy Services
2023-05-12,2954.7900390625,TCS.NS,Tata Consultancy Services
2023-05-15,2937.4189453125,TCS.NS,Tata Consultancy Services
2023-05-16,2940.216064453125,TCS.NS,Tata Consultancy Services
2023-05-17,2895.591552734375,TCS.NS,Tata Consultancy Services
2023-05-18,2887.605224609375,TCS.NS,Tata Consultancy Services
2023-05-19,2908.361083984375,TCS.NS,Tata Consultancy Services
2023-05-22,2976.809326171875,TCS.NS,Tata Consultancy Services
2023-05-23,2975.320068359375,TCS.NS,Tata Consultancy Services
2023-05-24,2981.00537109375,TCS.NS,Tata Consultancy Services
2023-05-25,2972.116943359375,TCS.NS,Tata Consultancy Services
2023-05-26,3004.062255859375,TCS.NS,Tata Consultancy Services
2023-05-29,2996.346923828125,TCS.NS,Tata Consultancy Services
2023-05-30,2992.6015625,TCS.NS,Tata Consultancy Services
2023-05-31,2968.507080078125,TCS.NS,Tata Consultancy Services
2023-06-01,2999.640380859375,TCS.NS,Tata Consultancy Services
2023-06-02,2983.0361328125,TCS.NS,Tata Consultancy Services
2023-06-05,2967.966064453125,TCS.NS,Tata Consultancy Services
2023-06-06,2916.888427734375,TCS.NS,Tata Consultancy Services
2023-06-07,2955.33154296875,TCS.NS,Tata Consultancy Services
2023-06-08,2920.6337890625,TCS.NS,Tata Consultancy Services
2023-06-09,2896.13330078125,TCS.NS,Tata Consultancy Services
2023-06-12,2930.064208984375,TCS.NS,Tata Consultancy Services
2023-06-13,2927.176025390625,TCS.NS,Tata Consultancy Services
2023-06-14,2933.80908203125,TCS.NS,Tata Consultancy Services
2023-06-15,2924.0361328125,TCS.NS,Tata Consultancy Services
2023-06-16,2886.398193359375,TCS.NS,Tata Consultancy Services
2023-06-19,2918.672119140625,TCS.NS,Tata Consultancy Services
2023-06-20,2934.39990234375,TCS.NS,Tata Consultancy Services
2023-06-21,2962.128662109375,TCS.NS,Tata Consultancy Services
2023-06-22,2944.21875,TCS.NS,Tata Consultancy Services
2023-06-23,2924.081298828125,TCS.NS,Tata Consultancy Services
2023-06-26,2899.806884765625,TCS.NS,Tata Consultancy Services
2023-06-27,2906.80810546875,TCS.NS,Tata Consultancy Services
2023-06-28,2923.2626953125,TCS.NS,Tata Consultancy Services
2023-06-30,3002.17578125,TCS.NS,Tata Consultancy Services
2023-07-03,2974.947998046875,TCS.NS,Tata Consultancy Services
2023-07-04,3008.176513671875,TCS.NS,Tata Consultancy Services
2023-07-05,3018.267333984375,TCS.NS,Tata Consultancy Services
2023-07-06,3020.94921875,TCS.NS,Tata Consultancy Services
2023-07-07,3026.72216796875,TCS.NS,Tata Consultancy Services
2023-07-10,2974.628662109375,TCS.NS,Tata Consultancy Services
2023-07-11,2975.038330078125,TCS.NS,Tata Consultancy Services
2023-07-12,2963.673828125,TCS.NS,Tata Consultancy Services
2023-07-13,3036.995361328125,TCS.NS,Tata Consultancy Services
2023-07-14,3195.27490234375,TCS.NS,Tata Consultancy Services
2023-07-17,3174.410400390625,TCS.NS,Tata Consultancy Services
2023-07-18,3179.092529296875,TCS.NS,Tata Consultancy Services
2023-07-19,3154.727783203125,TCS.NS,Tata Consultancy Services
2023-07-20,3156.778564453125,TCS.NS,Tata Consultancy Services
2023-07-21,3070.1865234375,TCS.NS,Tata Consultancy Services
2023-07-24,3094.2958984375,TCS.NS,Tata Consultancy Services
2023-07-25,3098.306396484375,TCS.NS,Tata Consultancy Services
2023-07-26,3088.41650390625,TCS.NS,Tata Consultancy Services
2023-07-27,3096.255615234375,TCS.NS,Tata Consultancy Services
2023-07-28,3058.42822265625,TCS.NS,Tata Consultancy Services
2023-07-31,3118.632568359375,TCS.NS,Tata Consultancy Services
2023-08-01,3146.524169921875,TCS.NS,Tata Consultancy Services
2023-08-02,3136.133544921875,TCS.NS,Tata Consultancy Services
2023-08-03,3099.03564453125,TCS.NS,Tata Consultancy Services
2023-08-04,3138.77685546875,TCS.NS,Tata Consultancy Services
2023-08-07,3175.692626953125,TCS.NS,Tata Consultancy Services
2023-08-08,3163.432861328125,TCS.NS,Tata Consultancy Services
2023-08-09,3156.049560546875,TCS.NS,Tata Consultancy Services
2023-08-10,3137.454833984375,TCS.NS,Tata Consultancy Services
2023-08-11,3143.562255859375,TCS.NS,Tata Consultancy Services
2023-08-14,3144.519287109375,TCS.NS,Tata Consultancy Services
2023-08-16,3152.31201171875,TCS.NS,Tata Consultancy Services
2023-08-17,3131.666748046875,TCS.NS,Tata Consultancy Services
2023-08-18,3069.09326171875,TCS.NS,Tata Consultancy Services
2023-08-21,3100.5849609375,TCS.NS,Tata Consultancy Services
2023-08-22,3082.810546875,TCS.NS,Tata Consultancy Services
2023-08-23,3097.48583984375,TCS.NS,Tata Consultancy Services
2023-08-24,3087.91552734375,TCS.NS,Tata Consultancy Services
2023-08-25,3082.0361328125,TCS.NS,Tata Consultancy Services
2023-08-28,3076.795166015625,TCS.NS,Tata Consultancy Services
2023-08-29,3077.341796875,TCS.NS,Tata Consultancy Services
2023-08-30,3090.83203125,TCS.NS,Tata Consultancy Services
2023-08-31,3059.7041015625,TCS.NS,Tata Consultancy Services
2023-09-01,3080.1220703125,TCS.NS,Tata Consultancy Services
2023-09-04,3115.943603515625,TCS.NS,Tata Consultancy Services
2023-09-05,3125.83349609375,TCS.NS,Tata Consultancy Services
2023-09-06,3126.33447265625,TCS.NS,Tata Consultancy Services
2023-09-07,3149.44140625,TCS.NS,Tata Consultancy Services
2023-09-08,3137.2724609375,TCS.NS,Tata Consultancy Services
2023-09-11,3172.59326171875,TCS.NS,Tata Consultancy Services
2023-09-12,3263.87890625,TCS.NS,Tata Consultancy Services
2023-09-13,3252.0751953125,TCS.NS,Tata Consultancy Services
2023-09-14,3244.9658203125,TCS.NS,Tata Consultancy Services
2023-09-15,3279.830322265625,TCS.NS,Tata Consultancy Services
2023-09-18,3286.98583984375,TCS.NS,Tata Consultancy Services
2023-09-20,3286.89453125,TCS.NS,Tata Consultancy Services
2023-09-21,3267.981201171875,TCS.NS,Tata Consultancy Services
2023-09-22,3284.70703125,TCS.NS,Tata Consultancy Services
2023-09-25,3260.552001953125,TCS.NS,Tata Consultancy Services
2023-09-26,3268.345703125,TCS.NS,Tata Consultancy Services
2023-09-27,3271.627197265625,TCS.NS,Tata Consultancy Services
2023-09-28,3223.72802734375,TCS.NS,Tata Consultancy Services
2023-09-29,3216.300048828125,TCS.NS,Tata Consultancy Services
2023-10-03,3202.85498046875,TCS.NS,Tata Consultancy Services
2023-10-04,3224.6396484375,TCS.NS,Tata Consultancy Services
2023-10-05,3271.67236328125,TCS.NS,Tata Consultancy Services
2023-10-06,3300.885986328125,TCS.NS,Tata Consultancy Services
2023-10-09,3316.335693359375,TCS.NS,Tata Consultancy Services
2023-10-10,3307.72216796875,TCS.NS,Tata Consultancy Services
2023-10-11,3290.403564453125,TCS.NS,Tata Consultancy Services
2023-10-12,3229.01416015625,TCS.NS,Tata Consultancy Services
2023-10-13,3254.809814453125,TCS.NS,Tata Consultancy Services
2023-10-16,3212.152099609375,TCS.NS,Tata Consultancy Services
2023-10-17,3196.65673828125,TCS.NS,Tata Consultancy Services
2023-10-18,3178.609130859375,TCS.NS,Tata Consultancy Services
2023-10-19,3157.956298828125,TCS.NS,Tata Consultancy Services
2023-10-20,3193.504638671875,TCS.NS,Tata Consultancy Services
2023-10-23,3116.37548828125,TCS.NS,Tata Consultancy Services
2023-10-25,3098.052978515625,TCS.NS,Tata Consultancy Services
2023-10-26,3049.298828125,TCS.NS,Tata Consultancy Services
2023-10-27,3062.275634765625,TCS.NS,Tata Consultancy Services
2023-10-30,3087.497802734375,TCS.NS,Tata Consultancy Services
2023-10-31,3078.542236328125,TCS.NS,Tata Consultancy Services
2023-11-01,3043.723876953125,TCS.NS,Tata Consultancy Services
2023-11-02,3070.6376953125,TCS.NS,Tata Consultancy Services
2023-11-03,3062.2294921875,TCS.NS,Tata Consultancy Services
2023-11-06,3089.05126953125,TCS.NS,Tata Consultancy Services
2023-11-07,3080.095458984375,TCS.NS,Tata Consultancy Services
2023-11-08,3090.239501953125,TCS.NS,Tata Consultancy Services
2023-11-09,3059.07666015625,TCS.NS,Tata Consultancy Services
2023-11-10,3046.283203125,TCS.NS,Tata Consultancy Services
2023-11-13,3044.54638671875,TCS.NS,Tata Consultancy Services
2023-11-15,3111.030029296875,TCS.NS,Tata Consultancy Services
2023-11-16,3196.520751953125,TCS.NS,Tata Consultancy Services
2023-11-17,3200.724365234375,TCS.NS,Tata Consultancy Services
2023-11-20,3216.396728515625,TCS.NS,Tata Consultancy Services
2023-11-21,3207.806640625,TCS.NS,Tata Consultancy Services
2023-11-22,3226.03759765625,TCS.NS,Tata Consultancy Services
2023-11-23,3206.024658203125,TCS.NS,Tata Consultancy Services
2023-11-24,3159.281005859375,TCS.NS,Tata Consultancy Services
2023-11-28,3171.20703125,TCS.NS,Tata Consultancy Services
2023-11-29,3211.050537109375,TCS.NS,Tata Consultancy Services
2023-11-30,3187.1533203125,TCS.NS,Tata Consultancy Services
2023-12-01,3209.13134765625,TCS.NS,Tata Consultancy Services
2023-12-04,3209.862548828125,TCS.NS,Tata Consultancy Services
2023-12-05,3227.36328125,TCS.NS,Tata Consultancy Services
2023-12-06,3293.61767578125,TCS.NS,Tata Consultancy Services
2023-12-07,3303.487060546875,TCS.NS,Tata Consultancy Services
2023-12-08,3314.270263671875,TCS.NS,Tata Consultancy Services
2023-12-11,3329.07470703125,TCS.NS,Tata Consultancy Services
2023-12-12,3355.759765625,TCS.NS,Tata Consultancy Services
2023-12-13,3283.976318359375,TCS.NS,Tata Consultancy Services
2023-12-14,3351.327392578125,TCS.NS,Tata Consultancy Services
2023-12-15,3528.38623046875,TCS.NS,Tata Consultancy Services
2023-12-18,3526.740966796875,TCS.NS,Tata Consultancy Services
2023-12-19,3487.445556640625,TCS.NS,Tata Consultancy Services
2023-12-20,3454.41015625,TCS.NS,Tata Consultancy Services
2023-12-21,3461.218017578125,TCS.NS,Tata Consultancy Services
2023-12-22,3494.57373046875,TCS.NS,Tata Consultancy Services
2023-12-26,3468.574462890625,TCS.NS,Tata Consultancy Services
2023-12-27,3482.8759765625,TCS.NS,Tata Consultancy Services
2023-12-28,3472.549560546875,TCS.NS,Tata Consultancy Services
2023-12-29,3466.609375,TCS.NS,Tata Consultancy Services
2024-01-01,3482.78515625,TCS.NS,Tata Consultancy Services
2024-01-02,3457.28857421875,TCS.NS,Tata Consultancy Services
2024-01-03,3373.716796875,TCS.NS,Tata Consultancy Services
2024-01-04,3350.91552734375,TCS.NS,Tata Consultancy Services
2024-01-05,3415.890869140625,TCS.NS,Tata Consultancy Services
2024-01-08,3361.425537109375,TCS.NS,Tata Consultancy Services
2024-01-09,3372.02587890625,TCS.NS,Tata Consultancy Services
2024-01-10,3393.181884765625,TCS.NS,Tata Consultancy Services
2024-01-11,3413.742919921875,TCS.NS,Tata Consultancy Services
2024-01-12,3548.30810546875,TCS.NS,Tata Consultancy Services
2024-01-15,3567.49951171875,TCS.NS,Tata Consultancy Services
2024-01-16,3528.659912109375,TCS.NS,Tata Consultancy Services
2024-01-17,3549.953125,TCS.NS,Tata Consultancy Services
2024-01-18,3566.402099609375,TCS.NS,Tata Consultancy Services
2024-01-19,3628.471435546875,TCS.NS,Tata Consultancy Services
2024-01-23,3550.436767578125,TCS.NS,Tata Consultancy Services
2024-01-24,3535.29931640625,TCS.NS,Tata Consultancy Services
2024-01-25,3506.31201171875,TCS.NS,Tata Consultancy Services
2024-01-29,3497.75439453125,TCS.NS,Tata Consultancy Services
2024-01-30,3497.340087890625,TCS.NS,Tata Consultancy Services
2024-01-31,3511.51123046875,TCS.NS,Tata Consultancy Services
2024-02-01,3546.663818359375,TCS.NS,Tata Consultancy Services
2024-02-02,3649.86669921875,TCS.NS,Tata Consultancy Services
2024-02-05,3656.307861328125,TCS.NS,Tata Consultancy Services
2024-02-06,3806.027587890625,TCS.NS,Tata Consultancy Services
2024-02-07,3757.6240234375,TCS.NS,Tata Consultancy Services
2024-02-08,3804.279541015625,TCS.NS,Tata Consultancy Services
2024-02-09,3803.911376953125,TCS.NS,Tata Consultancy Services
2024-02-12,3791.94873046875,TCS.NS,Tata Consultancy Services
2024-02-13,3818.45068359375,TCS.NS,Tata Consultancy Services
2024-02-14,3772.991943359375,TCS.NS,Tata Consultancy Services
2024-02-15,3775.844482421875,TCS.NS,Tata Consultancy Services
2024-02-16,3798.94189453125,TCS.NS,Tata Consultancy Services
2024-02-19,3776.396728515625,TCS.NS,Tata Consultancy Services
2024-02-20,3709.0830078125,TCS.NS,Tata Consultancy Services
2024-02-21,3673.055908203125,TCS.NS,Tata Consultancy Services
2024-02-22,3761.029052734375,TCS.NS,Tata Consultancy Services
2024-02-23,3728.821044921875,TCS.NS,Tata Consultancy Services
2024-02-26,3681.843994140625,TCS.NS,Tata Consultancy Services
2024-02-27,3776.94873046875,TCS.NS,Tata Consultancy Services
2024-02-28,3790.337890625,TCS.NS,Tata Consultancy Services
2024-02-29,3768.390869140625,TCS.NS,Tata Consultancy Services
2024-03-01,3767.7001953125,TCS.NS,Tata Consultancy Services
2024-03-04,3755.1396484375,TCS.NS,Tata Consultancy Services
2024-03-05,3692.012451171875,TCS.NS,Tata Consultancy Services
2024-03-06,3740.048095703125,TCS.NS,Tata Consultancy Services
2024-03-07,3780.81396484375,TCS.NS,Tata Consultancy Services
2024-03-11,3793.466796875,TCS.NS,Tata Consultancy Services
2024-03-12,3857.7900390625,TCS.NS,Tata Consultancy Services
2024-03-13,3817.99072265625,TCS.NS,Tata Consultancy Services
2024-03-14,3871.915283203125,TCS.NS,Tata Consultancy Services
2024-03-15,3882.6357421875,TCS.NS,Tata Consultancy Services
2024-03-18,3821.211181640625,TCS.NS,Tata Consultancy Services
2024-03-19,3659.989013671875,TCS.NS,Tata Consultancy Services
2024-03-20,3654.09912109375,TCS.NS,Tata Consultancy Services
2024-03-21,3655.985595703125,TCS.NS,Tata Consultancy Services
2024-03-22,3598.886474609375,TCS.NS,Tata Consultancy Services
2024-03-26,3568.151123046875,TCS.NS,Tata Consultancy Services
2024-03-27,3534.47119140625,TCS.NS,Tata Consultancy Services
2024-03-28,3567.04638671875,TCS.NS,Tata Consultancy Services
2024-04-01,3604.269287109375,TCS.NS,Tata Consultancy Services
2024-04-02,3573.947998046875,TCS.NS,Tata Consultancy Services
2024-04-03,3632.382568359375,TCS.NS,Tata Consultancy Services
2024-04-04,3683.91455078125,TCS.NS,Tata Consultancy Services
2024-04-05,3661.783447265625,TCS.NS,Tata Consultancy Services
2024-04-08,3655.617919921875,TCS.NS,Tata Consultancy Services
2024-04-09,3631.6923828125,TCS.NS,Tata Consultancy Services
2024-04-10,3666.752197265625,TCS.NS,Tata Consultancy Services
2024-04-12,3682.16650390625,TCS.NS,Tata Consultancy Services
2024-04-15,3626.76904296875,TCS.NS,Tata Consultancy Services
2024-04-16,3563.825927734375,TCS.NS,Tata Consultancy Services
2024-04-18,3553.8876953125,TCS.NS,Tata Consultancy Services
2024-04-19,3520.94384765625,TCS.NS,Tata Consultancy Services
2024-04-22,3556.28076171875,TCS.NS,Tata Consultancy Services
2024-04-23,3565.57421875,TCS.NS,Tata Consultancy Services
2024-04-24,3525.40673828125,TCS.NS,Tata Consultancy Services
2024-04-25,3544.869384765625,TCS.NS,Tata Consultancy Services
2024-04-26,3516.48046875,TCS.NS,Tata Consultancy Services
2024-04-29,3561.433837890625,TCS.NS,Tata Consultancy Services
2024-04-30,3515.836669921875,TCS.NS,Tata Consultancy Services
2024-05-02,3555.083740234375,TCS.NS,Tata Consultancy Services
2024-05-03,3536.771484375,TCS.NS,Tata Consultancy Services
2024-05-06,3608.2265625,TCS.NS,Tata Consultancy Services
2024-05-07,3661.507568359375,TCS.NS,Tata Consultancy Services
2024-05-08,3659.6669921875,TCS.NS,Tata Consultancy Services
2024-05-09,3644.253173828125,TCS.NS,Tata Consultancy Services
2024-05-10,3583.24267578125,TCS.NS,Tata Consultancy Services
2024-05-13,3632.8427734375,TCS.NS,Tata Consultancy Services
2024-05-14,3589.960205078125,TCS.NS,Tata Consultancy Services
2024-05-15,3570.819580078125,TCS.NS,Tata Consultancy Services
2024-05-16,3615.821044921875,TCS.NS,Tata Consultancy Services
2024-05-17,3553.857177734375,TCS.NS,Tata Consultancy Services
2024-05-21,3540.97314453125,TCS.NS,Tata Consultancy Services
2024-05-22,3551.910888671875,TCS.NS,Tata Consultancy Services
2024-05-23,3608.869384765625,TCS.NS,Tata Consultancy Services
2024-05-24,3568.1318359375,TCS.NS,Tata Consultancy Services
2024-05-27,3565.860595703125,TCS.NS,Tata Consultancy Services
2024-05-28,3559.233154296875,TCS.NS,Tata Consultancy Services
2024-05-29,3525.6328125,TCS.NS,Tata Consultancy Services
2024-05-30,3463.020263671875,TCS.NS,Tata Consultancy Services
2024-05-31,3402.6318359375,TCS.NS,Tata Consultancy Services
2024-06-03,3432.200927734375,TCS.NS,Tata Consultancy Services
2024-06-04,3443.46240234375,TCS.NS,Tata Consultancy Services
2024-06-05,3472.61376953125,TCS.NS,Tata Consultancy Services
2024-06-06,3550.427490234375,TCS.NS,Tata Consultancy Services
2024-06-07,3609.33251953125,TCS.NS,Tata Consultancy Services
2024-06-10,3576.659423828125,TCS.NS,Tata Consultancy Services
2024-06-11,3570.54150390625,TCS.NS,Tata Consultancy Services
2024-06-12,3551.586181640625,TCS.NS,Tata Consultancy Services
2024-06-13,3594.686767578125,TCS.NS,Tata Consultancy Services
2024-06-14,3551.95751953125,TCS.NS,Tata Consultancy Services
2024-06-18,3536.24609375,TCS.NS,Tata Consultancy Services
2024-06-19,3523.8251953125,TCS.NS,Tata Consultancy Services
2024-06-20,3510.431396484375,TCS.NS,Tata Consultancy Services
2024-06-21,3532.214111328125,TCS.NS,Tata Consultancy Services
2024-06-24,3537.821533203125,TCS.NS,Tata Consultancy Services
2024-06-25,3557.888916015625,TCS.NS,Tata Consultancy Services
2024-06-26,3574.017333984375,TCS.NS,Tata Consultancy Services
2024-06-27,3646.594482421875,TCS.NS,Tata Consultancy Services
2024-06-28,3618.787109375,TCS.NS,Tata Consultancy Services
2024-07-01,3687.424560546875,TCS.NS,Tata Consultancy Services
2024-07-02,3723.759521484375,TCS.NS,Tata Consultancy Services
2024-07-03,3675.421142578125,TCS.NS,Tata Consultancy Services
2024-07-04,3727.0498046875,TCS.NS,Tata Consultancy Services
2024-07-05,3718.569091796875,TCS.NS,Tata Consultancy Services
2024-07-08,3701.328369140625,TCS.NS,Tata Consultancy Services
2024-07-09,3694.19091796875,TCS.NS,Tata Consultancy Services
2024-07-10,3623.421630859375,TCS.NS,Tata Consultancy Services
2024-07-11,3636.907958984375,TCS.NS,Tata Consultancy Services
2024-07-12,3878.1357421875,TCS.NS,Tata Consultancy Services
2024-07-15,3864.46435546875,TCS.NS,Tata Consultancy Services
2024-07-16,3873.0380859375,TCS.NS,Tata Consultancy Services
2024-07-18,4000.116455078125,TCS.NS,Tata Consultancy Services
2024-07-19,3997.189697265625,TCS.NS,Tata Consultancy Services
2024-07-22,3983.207275390625,TCS.NS,Tata Consultancy Services
2024-07-23,3997.14404296875,TCS.NS,Tata Consultancy Services
2024-07-24,4000.767578125,TCS.NS,Tata Consultancy Services
2024-07-25,4015.864501953125,TCS.NS,Tata Consultancy Services
2024-07-26,4076.578369140625,TCS.NS,Tata Consultancy Services
2024-07-29,4070.307373046875,TCS.NS,Tata Consultancy Services
2024-07-30,4055.675048828125,TCS.NS,Tata Consultancy Services
2024-07-31,4074.25634765625,TCS.NS,Tata Consultancy Services
2024-08-01,4085.1728515625,TCS.NS,Tata Consultancy Services
2024-08-02,3979.212646484375,TCS.NS,Tata Consultancy Services
2024-08-05,3860.293212890625,TCS.NS,Tata Consultancy Services
2024-08-06,3875.2978515625,TCS.NS,Tata Consultancy Services
2024-08-07,3902.47265625,TCS.NS,Tata Consultancy Services
2024-08-08,3876.5517578125,TCS.NS,Tata Consultancy Services
2024-08-09,3928.76513671875,TCS.NS,Tata Consultancy Services
2024-08-12,3898.01318359375,TCS.NS,Tata Consultancy Services
2024-08-13,3899.22119140625,TCS.NS,Tata Consultancy Services
2024-08-14,3990.547607421875,TCS.NS,Tata Consultancy Services
2024-08-16,4102.77783203125,TCS.NS,Tata Consultancy Services
2024-08-19,4171.48193359375,TCS.NS,Tata Consultancy Services
2024-08-20,4202.419921875,TCS.NS,Tata Consultancy Services
2024-08-21,4228.619140625,TCS.NS,Tata Consultancy Services
2024-08-22,4182.63134765625,TCS.NS,Tata Consultancy Services
2024-08-23,4147.2333984375,TCS.NS,Tata Consultancy Services
2024-08-26,4183.048828125,TCS.NS,Tata Consultancy Services
2024-08-27,4178.125,TCS.NS,Tata Consultancy Services
2024-08-28,4186.3935546875,TCS.NS,Tata Consultancy Services
2024-08-29,4191.7353515625,TCS.NS,Tata Consultancy Services
2024-08-30,4230.7099609375,TCS.NS,Tata Consultancy Services
2024-09-02,4200.3291015625,TCS.NS,Tata Consultancy Services
2024-09-03,4192.2470703125,TCS.NS,Tata Consultancy Services
2024-09-04,4161.49462890625,TCS.NS,Tata Consultancy Services
2024-09-05,4158.4287109375,TCS.NS,Tata Consultancy Services
2024-09-06,4140.59130859375,TCS.NS,Tata Consultancy Services
2024-09-09,4133.9013671875,TCS.NS,Tata Consultancy Services
2024-09-10,4188.06591796875,TCS.NS,Tata Consultancy Services
2024-09-11,4161.587890625,TCS.NS,Tata Consultancy Services
2024-09-12,4197.216796875,TCS.NS,Tata Consultancy Services
2024-09-13,4201.77001953125,TCS.NS,Tata Consultancy Services
2024-09-16,4193.08251953125,TCS.NS,Tata Consultancy Services
2024-09-17,4186.02197265625,TCS.NS,Tata Consultancy Services
2024-09-18,4037.8369140625,TCS.NS,Tata Consultancy Services
2024-09-19,3991.383544921875,TCS.NS,Tata Consultancy Services
2024-09-20,3980.93212890625,TCS.NS,Tata Consultancy Services
2024-09-23,3965.6953125,TCS.NS,Tata Consultancy Services
2024-09-24,3968.296630859375,TCS.NS,Tata Consultancy Services
2024-09-25,3971.501953125,TCS.NS,Tata Consultancy Services
2024-09-26,3987.99267578125,TCS.NS,Tata Consultancy Services
2024-09-27,4003.0439453125,TCS.NS,Tata Consultancy Services
2024-09-30,3965.6953125,TCS.NS,Tata Consultancy Services
2024-10-01,3983.718505859375,TCS.NS,Tata Consultancy Services
2024-10-03,3932.480712890625,TCS.NS,Tata Consultancy Services
2024-10-04,3950.59814453125,TCS.NS,Tata Consultancy Services
2024-10-07,3969.736572265625,TCS.NS,Tata Consultancy Services
2024-10-08,3951.52685546875,TCS.NS,Tata Consultancy Services
2024-10-09,3951.248779296875,TCS.NS,Tata Consultancy Services
2024-10-10,3927.51123046875,TCS.NS,Tata Consultancy Services
2024-10-11,3854.8583984375,TCS.NS,Tata Consultancy Services
2024-10-14,3843.19873046875,TCS.NS,Tata Consultancy Services
2024-10-15,3824.75634765625,TCS.NS,Tata Consultancy Services
2024-10-16,3804.45654296875,TCS.NS,Tata Consultancy Services
2024-10-17,3817.510009765625,TCS.NS,Tata Consultancy Services
2024-10-18,3839.907958984375,TCS.NS,Tata Consultancy Services
2024-10-21,3799.675048828125,TCS.NS,Tata Consultancy Services
2024-10-22,3739.743896484375,TCS.NS,Tata Consultancy Services
2024-10-23,3787.00927734375,TCS.NS,Tata Consultancy Services
2024-10-24,3769.9189453125,TCS.NS,Tata Consultancy Services
2024-10-25,3778.906494140625,TCS.NS,Tata Consultancy Services
2024-10-28,3809.919921875,TCS.NS,Tata Consultancy Services
2024-10-29,3795.390869140625,TCS.NS,Tata Consultancy Services
2024-10-30,3804.145263671875,TCS.NS,Tata Consultancy Services
2024-10-31,3695.925048828125,TCS.NS,Tata Consultancy Services
2024-11-01,3710.593505859375,TCS.NS,Tata Consultancy Services
2024-11-04,3691.92041015625,TCS.NS,Tata Consultancy Services
2024-11-05,3698.6259765625,TCS.NS,Tata Consultancy Services
2024-11-06,3855.3681640625,TCS.NS,Tata Consultancy Services
2024-11-07,3865.845947265625,TCS.NS,Tata Consultancy Services
2024-11-08,3862.2138671875,TCS.NS,Tata Consultancy Services
2024-11-11,3910.363037109375,TCS.NS,Tata Consultancy Services
2024-11-12,3909.15283203125,TCS.NS,Tata Consultancy Services
2024-11-13,3865.333740234375,TCS.NS,Tata Consultancy Services
2024-11-14,3861.189208984375,TCS.NS,Tata Consultancy Services
2024-11-18,3743.469482421875,TCS.NS,Tata Consultancy Services
2024-11-19,3762.142333984375,TCS.NS,Tata Consultancy Services
2024-11-21,3793.155517578125,TCS.NS,Tata Consultancy Services
2024-11-22,3953.111328125,TCS.NS,Tata Consultancy Services
2024-11-25,4018.769287109375,TCS.NS,Tata Consultancy Services
2024-11-26,4053.78759765625,TCS.NS,Tata Consultancy Services
2024-11-27,4035.02099609375,TCS.NS,Tata Consultancy Services
2024-11-28,3953.390380859375,TCS.NS,Tata Consultancy Services
2024-11-29,3977.558837890625,TCS.NS,Tata Consultancy Services
2024-12-02,3982.96044921875,TCS.NS,Tata Consultancy Services
2024-12-03,4007.268310546875,TCS.NS,Tata Consultancy Services
2024-12-04,4055.37060546875,TCS.NS,Tata Consultancy Services
2024-12-05,4157.49072265625,TCS.NS,Tata Consultancy Services
2024-12-06,4140.21435546875,TCS.NS,Tata Consultancy Services
2024-12-09,4146.408203125,TCS.NS,Tata Consultancy Services
2024-12-10,4128.15380859375,TCS.NS,Tata Consultancy Services
2024-12-11,4123.40478515625,TCS.NS,Tata Consultancy Services
2024-12-12,4149.01611328125,TCS.NS,Tata Consultancy Services
2024-12-13,4166.66455078125,TCS.NS,Tata Consultancy Services
2024-12-16,4111.99609375,TCS.NS,Tata Consultancy Services
2024-12-17,4031.249267578125,TCS.NS,Tata Consultancy Services
2024-12-18,4049.2705078125,TCS.NS,Tata Consultancy Services
2024-12-19,3978.535888671875,TCS.NS,Tata Consultancy Services
2024-12-20,3883.913330078125,TCS.NS,Tata Consultancy Services
2024-12-23,3872.737548828125,TCS.NS,Tata Consultancy Services
2024-12-24,3892.4814453125,TCS.NS,Tata Consultancy Services
2024-12-26,3882.796142578125,TCS.NS,Tata Consultancy Services
2024-12-27,3878.837890625,TCS.NS,Tata Consultancy Services
2024-12-30,3873.20263671875,TCS.NS,Tata Consultancy Services
2024-12-31,3813.5986328125,TCS.NS,Tata Consultancy Services
2025-01-01,3830.03662109375,TCS.NS,Tata Consultancy Services
2025-01-02,3888.989501953125,TCS.NS,Tata Consultancy Services
2025-01-03,3818.34814453125,TCS.NS,Tata Consultancy Services
2025-01-06,3813.78466796875,TCS.NS,Tata Consultancy Services
2025-01-07,3751.66552734375,TCS.NS,Tata Consultancy Services
2025-01-08,3826.264404296875,TCS.NS,Tata Consultancy Services
2025-01-09,3761.49072265625,TCS.NS,Tata Consultancy Services
2025-01-10,3972.715576171875,TCS.NS,Tata Consultancy Services
2025-01-13,3996.417724609375,TCS.NS,Tata Consultancy Services
2025-01-14,3942.353759765625,TCS.NS,Tata Consultancy Services
2025-01-15,3957.767578125,TCS.NS,Tata Consultancy Services
2025-01-16,3917.441162109375,TCS.NS,Tata Consultancy Services
2025-01-17,3911.75048828125,TCS.NS,Tata Consultancy Services
2025-01-20,3867.647216796875,TCS.NS,Tata Consultancy Services
2025-01-21,3827.859130859375,TCS.NS,Tata Consultancy Services
2025-01-22,3942.386474609375,TCS.NS,Tata Consultancy Services
2025-01-23,3931.810791015625,TCS.NS,Tata Consultancy Services
2025-01-24,3938.35498046875,TCS.NS,Tata Consultancy Services
2025-01-27,3855.648681640625,TCS.NS,Tata Consultancy Services
2025-01-28,3832.07958984375,TCS.NS,Tata Consultancy Services
2025-01-29,3888.51318359375,TCS.NS,Tata Consultancy Services
2025-01-30,3888.75,TCS.NS,Tata Consultancy Services
2025-01-31,3900.463623046875,TCS.NS,Tata Consultancy Services
2025-02-01,3863.236572265625,TCS.NS,Tata Consultancy Services
2025-02-03,3858.968505859375,TCS.NS,Tata Consultancy Services
2025-02-04,3895.389404296875,TCS.NS,Tata Consultancy Services
2025-02-05,3880.261474609375,TCS.NS,Tata Consultancy Services
2025-02-06,3872.341796875,TCS.NS,Tata Consultancy Services
2025-02-07,3821.7412109375,TCS.NS,Tata Consultancy Services
2025-02-10,3828.90234375,TCS.NS,Tata Consultancy Services
2025-02-11,3759.28515625,TCS.NS,Tata Consultancy Services
2025-02-12,3746.575439453125,TCS.NS,Tata Consultancy Services
2025-02-13,3708.636962890625,TCS.NS,Tata Consultancy Services
2025-02-14,3732.063720703125,TCS.NS,Tata Consultancy Services
2025-02-17,3703.27783203125,TCS.NS,Tata Consultancy Services
2025-02-18,3673.591064453125,TCS.NS,Tata Consultancy Services
2025-02-19,3589.083251953125,TCS.NS,Tata Consultancy Services
2025-02-20,3584.625,TCS.NS,Tata Consultancy Services
2025-02-21,3590.885009765625,TCS.NS,Tata Consultancy Services
2025-02-24,3486.1748046875,TCS.NS,Tata Consultancy Services
2025-02-25,3442.497802734375,TCS.NS,Tata Consultancy Services
2025-02-27,3426.37451171875,TCS.NS,Tata Consultancy Services
2025-02-28,3303.737548828125,TCS.NS,Tata Consultancy Services
2025-03-03,3313.03271484375,TCS.NS,Tata Consultancy Services
2025-03-04,3350.02294921875,TCS.NS,Tata Consultancy Services
2025-03-05,3364.249755859375,TCS.NS,Tata Consultancy Services
2025-03-06,3415.98876953125,TCS.NS,Tata Consultancy Services
2025-03-07,3425.09375,TCS.NS,Tata Consultancy Services
2025-03-10,3404.654052734375,TCS.NS,Tata Consultancy Services
2025-03-11,3391.0439453125,TCS.NS,Tata Consultancy Services
2025-03-12,3325.5048828125,TCS.NS,Tata Consultancy Services
2025-03-13,3330.104736328125,TCS.NS,Tata Consultancy Services
2025-03-17,3317.443115234375,TCS.NS,Tata Consultancy Services
2025-03-18,3317.443115234375,TCS.NS,Tata Consultancy Services
2025-03-19,3316.874267578125,TCS.NS,Tata Consultancy Services
2025-03-20,3379.51953125,TCS.NS,Tata Consultancy Services
2025-03-21,3393.699462890625,TCS.NS,Tata Consultancy Services
2025-03-24,3441.928466796875,TCS.NS,Tata Consultancy Services
2025-03-25,3469.244873046875,TCS.NS,Tata Consultancy Services
2025-03-26,3448.426025390625,TCS.NS,Tata Consultancy Services
2025-03-27,3463.0322265625,TCS.NS,Tata Consultancy Services
2025-03-28,3420.3037109375,TCS.NS,Tata Consultancy Services
2025-04-01,3367.806396484375,TCS.NS,Tata Consultancy Services
2025-04-02,3361.3095703125,TCS.NS,Tata Consultancy Services
2025-04-03,3227.765380859375,TCS.NS,Tata Consultancy Services
2025-04-04,3129.362548828125,TCS.NS,Tata Consultancy Services
2025-04-07,3105.31884765625,TCS.NS,Tata Consultancy Services
2025-04-08,3123.24462890625,TCS.NS,Tata Consultancy Services
2025-04-09,3079.28369140625,TCS.NS,Tata Consultancy Services
2025-04-11,3064.96142578125,TCS.NS,Tata Consultancy Services
2025-04-15,3080.80126953125,TCS.NS,Tata Consultancy Services
2025-04-16,3105.081787109375,TCS.NS,Tata Consultancy Services
2025-04-17,3128.888427734375,TCS.NS,Tata Consultancy Services
2025-04-21,3150.41845703125,TCS.NS,Tata Consultancy Services
2025-04-22,3143.589111328125,TCS.NS,Tata Consultancy Services
2025-04-23,3237.10791015625,TCS.NS,Tata Consultancy Services
2025-04-24,3226.295654296875,TCS.NS,Tata Consultancy Services
2025-04-25,3270.30419921875,TCS.NS,Tata Consultancy Services
2025-04-28,3266.0361328125,TCS.NS,Tata Consultancy Services
2025-04-29,3293.541748046875,TCS.NS,Tata Consultancy Services
2025-04-30,3275.71044921875,TCS.NS,Tata Consultancy Services
2025-05-02,3254.180419921875,TCS.NS,Tata Consultancy Services
2025-05-05,3276.27978515625,TCS.NS,Tata Consultancy Services
2025-05-06,3281.68603515625,TCS.NS,Tata Consultancy Services
2025-05-07,3267.5537109375,TCS.NS,Tata Consultancy Services
2025-05-08,3271.157470703125,TCS.NS,Tata Consultancy Services
2025-05-09,3263.001220703125,TCS.NS,Tata Consultancy Services
2025-05-12,3433.819091796875,TCS.NS,Tata Consultancy Services
2025-05-13,3333.851318359375,TCS.NS,Tata Consultancy Services
2025-05-14,3365.814453125,TCS.NS,Tata Consultancy Services
2025-05-15,3395.40673828125,TCS.NS,Tata Consultancy Services
2025-05-16,3377.764892578125,TCS.NS,Tata Consultancy Services
2025-05-19,3337.45556640625,TCS.NS,Tata Consultancy Services
2025-05-20,3318.011962890625,TCS.NS,Tata Consultancy Services
2025-05-21,3344.0947265625,TCS.NS,Tata Consultancy Services
2025-05-22,3297.809814453125,TCS.NS,Tata Consultancy Services
2025-05-23,3333.47216796875,TCS.NS,Tata Consultancy Services
2025-05-26,3355.00244140625,TCS.NS,Tata Consultancy Services
2025-05-27,3318.391357421875,TCS.NS,Tata Consultancy Services
2025-05-28,3317.443115234375,TCS.NS,Tata Consultancy Services
2025-05-29,3317.822509765625,TCS.NS,Tata Consultancy Services
2025-05-30,3284.91064453125,TCS.NS,Tata Consultancy Services
2025-06-02,3272.011474609375,TCS.NS,Tata Consultancy Services
2025-06-03,3229.709716796875,TCS.NS,Tata Consultancy Services
2025-06-04,3235.164306640625,TCS.NS,Tata Consultancy Services
2025-06-05,3225.78662109375,TCS.NS,Tata Consultancy Services
2025-06-06,3238.322265625,TCS.NS,Tata Consultancy Services
2025-06-09,3274.396728515625,TCS.NS,Tata Consultancy Services
2025-06-10,3313.629638671875,TCS.NS,Tata Consultancy Services
2025-06-11,3322.24169921875,TCS.NS,Tata Consultancy Services
2025-06-12,3286.166748046875,TCS.NS,Tata Consultancy Services
2025-06-13,3297.171142578125,TCS.NS,Tata Consultancy Services
2025-06-16,3345.590087890625,TCS.NS,Tata Consultancy Services
2025-06-17,3363.77099609375,TCS.NS,Tata Consultancy Services
2025-06-18,3302.625244140625,TCS.NS,Tata Consultancy Services
2025-06-19,3276.40625,TCS.NS,Tata Consultancy Services
2025-06-20,3287.60205078125,TCS.NS,Tata Consultancy Services
2025-06-23,3247.31689453125,TCS.NS,Tata Consultancy Services
2025-06-24,3244.254638671875,TCS.NS,Tata Consultancy Services
2025-06-25,3296.309814453125,TCS.NS,Tata Consultancy Services
2025-06-26,3293.439208984375,TCS.NS,Tata Consultancy Services
2025-06-27,3292.76953125,TCS.NS,Tata Consultancy Services
2025-06-30,3312.7685546875,TCS.NS,Tata Consultancy Services
2025-07-01,3281.860595703125,TCS.NS,Tata Consultancy Services
2025-07-02,3275.736572265625,TCS.NS,Tata Consultancy Services
2025-07-03,3254.206298828125,TCS.NS,Tata Consultancy Services
2025-07-04,3272.387451171875,TCS.NS,Tata Consultancy Services
2025-07-07,3264.63671875,TCS.NS,Tata Consultancy Services
2025-07-08,3259.373779296875,TCS.NS,Tata Consultancy Services
2025-07-09,3237.939453125,TCS.NS,Tata Consultancy Services
2025-07-10,3236.217041015625,TCS.NS,Tata Consultancy Services
2025-07-11,3125.21728515625,TCS.NS,Tata Consultancy Services
2025-07-14,3083.78369140625,TCS.NS,Tata Consultancy Services
2025-07-15,3112.107666015625,TCS.NS,Tata Consultancy Services
2025-07-16,3104.234619140625,TCS.NS,Tata Consultancy Services
2025-07-17,3081.286865234375,TCS.NS,Tata Consultancy Services
2025-07-18,3062.75634765625,TCS.NS,Tata Consultancy Services
2025-07-21,3032.31982421875,TCS.NS,Tata Consultancy Services
2025-07-22,3033.6640625,TCS.NS,Tata Consultancy Services
2025-07-23,3052.38671875,TCS.NS,Tata Consultancy Services
2025-07-24,3022.5263671875,TCS.NS,Tata Consultancy Services
2025-07-25,3010.8125,TCS.NS,Tata Consultancy Services
2025-07-28,2956.564697265625,TCS.NS,Tata Consultancy Services
2025-07-29,2934.193359375,TCS.NS,Tata Consultancy Services
2025-07-30,2931.888916015625,TCS.NS,Tata Consultancy Services
2025-07-31,2915.758544921875,TCS.NS,Tata Consultancy Services
2025-08-01,2883.305908203125,TCS.NS,Tata Consultancy Services
2025-08-04,2951.85986328125,TCS.NS,Tata Consultancy Services
2025-08-05,2941.7783203125,TCS.NS,Tata Consultancy Services
2025-08-06,2911.43798828125,TCS.NS,Tata Consultancy Services
2025-08-07,2925.552001953125,TCS.NS,Tata Consultancy Services
2025-08-08,2915.37451171875,TCS.NS,Tata Consultancy Services
2025-08-11,2919.59912109375,TCS.NS,Tata Consultancy Services
2025-08-12,2914.4140625,TCS.NS,Tata Consultancy Services
2025-08-13,2915.182373046875,TCS.NS,Tata Consultancy Services
2025-08-14,2901.83642578125,TCS.NS,Tata Consultancy Services
2025-08-18,2891.17919921875,TCS.NS,Tata Consultancy Services
2025-08-19,2895.979736328125,TCS.NS,Tata Consultancy Services
2025-08-20,2975.09521484375,TCS.NS,Tata Consultancy Services
2025-08-21,2978.935791015625,TCS.NS,Tata Consultancy Services
2025-08-22,2932.27294921875,TCS.NS,Tata Consultancy Services
2025-08-25,3015.42138671875,TCS.NS,Tata Consultancy Services
2025-08-26,3031.359619140625,TCS.NS,Tata Consultancy Services
2025-08-28,2970.390625,TCS.NS,Tata Consultancy Services
2025-08-29,2961.749267578125,TCS.NS,Tata Consultancy Services
2025-09-01,2988.537353515625,TCS.NS,Tata Consultancy Services
2025-09-02,2987.4814453125,TCS.NS,Tata Consultancy Services
2025-09-03,2974.039306640625,TCS.NS,Tata Consultancy Services
2025-09-04,2972.310791015625,TCS.NS,Tata Consultancy Services
2025-09-05,2926.800537109375,TCS.NS,Tata Consultancy Services
2025-09-08,2898.668212890625,TCS.NS,Tata Consultancy Services
2025-09-09,2927.856201171875,TCS.NS,Tata Consultancy Services
2025-09-10,2986.041015625,TCS.NS,Tata Consultancy Services
2025-09-11,2999.675048828125,TCS.NS,Tata Consultancy Services
2025-09-12,3008.50830078125,TCS.NS,Tata Consultancy Services
2025-09-15,2987.865234375,TCS.NS,Tata Consultancy Services
2025-09-16,3020.318115234375,TCS.NS,Tata Consultancy Services
2025-09-17,3046.337890625,TCS.NS,Tata Consultancy Services
2025-09-18,3050.08251953125,TCS.NS,Tata Consultancy Services
2025-09-19,3042.88134765625,TCS.NS,Tata Consultancy Services
2025-09-22,2951.283935546875,TCS.NS,Tata Consultancy Services
2025-09-23,2940.338134765625,TCS.NS,Tata Consultancy Services
2025-09-24,2914.4140625,TCS.NS,Tata Consultancy Services
2025-09-25,2839.5234375,TCS.NS,Tata Consultancy Services
2025-09-26,2783.547119140625,TCS.NS,Tata Consultancy Services
2025-09-29,2780.66650390625,TCS.NS,Tata Consultancy Services
2025-09-30,2773.2734375,TCS.NS,Tata Consultancy Services
2025-10-01,2798.045166015625,TCS.NS,Tata Consultancy Services
2025-10-03,2786.235595703125,TCS.NS,Tata Consultancy Services
2025-10-06,2869.287841796875,TCS.NS,Tata Consultancy Services
2025-10-07,2855.173583984375,TCS.NS,Tata Consultancy Services
2025-10-08,2906.541259765625,TCS.NS,Tata Consultancy Services
2025-10-09,2939.665771484375,TCS.NS,Tata Consultancy Services
2025-10-10,2907.59765625,TCS.NS,Tata Consultancy Services
2025-10-13,2887.33837890625,TCS.NS,Tata Consultancy Services
2025-10-14,2842.307861328125,TCS.NS,Tata Consultancy Services
2025-10-15,2862.06396484375,TCS.NS,Tata Consultancy Services
2025-10-16,2862.931396484375,TCS.NS,Tata Consultancy Services
2025-10-17,2854.739501953125,TCS.NS,Tata Consultancy Services
2025-10-20,2905.81689453125,TCS.NS,Tata Consultancy Services
2025-10-21,2897.62548828125,TCS.NS,Tata Consultancy Services
2025-10-23,2961.712890625,TCS.NS,Tata Consultancy Services
2025-10-24,2952.07568359375,TCS.NS,Tata Consultancy Services
2025-10-27,2972.98828125,TCS.NS,Tata Consultancy Services
2025-10-28,2946.9677734375,TCS.NS,Tata Consultancy Services
2025-10-29,2946.678955078125,TCS.NS,Tata Consultancy Services
2025-10-30,2925.187744140625,TCS.NS,Tata Consultancy Services
2025-10-31,2947.064208984375,TCS.NS,Tata Consultancy Services
2025-11-03,2907.359130859375,TCS.NS,Tata Consultancy Services
2025-11-04,2881.723876953125,TCS.NS,Tata Consultancy Services
2025-11-06,2901.6728515625,TCS.NS,Tata Consultancy Services
2025-11-07,2883.26611328125,TCS.NS,Tata Consultancy Services
2025-11-10,2915.4541015625,TCS.NS,Tata Consultancy Services
2025-11-11,2936.463623046875,TCS.NS,Tata Consultancy Services
2025-11-12,3018.18701171875,TCS.NS,Tata Consultancy Services
2025-11-13,2993.03369140625,TCS.NS,Tata Consultancy Services
2025-11-14,2993.322998046875,TCS.NS,Tata Consultancy Services
2025-11-17,2989.66064453125,TCS.NS,Tata Consultancy Services
2025-11-18,2975.10888671875,TCS.NS,Tata Consultancy Services
2025-11-19,3033.510009765625,TCS.NS,Tata Consultancy Services
2025-11-20,3030.715576171875,TCS.NS,Tata Consultancy Services
2025-11-21,3036.30517578125,TCS.NS,Tata Consultancy Services
2025-11-24,3027.24609375,TCS.NS,Tata Consultancy Services
2025-11-25,3006.04443359375,TCS.NS,Tata Consultancy Services
2025-11-26,3048.158935546875,TCS.NS,Tata Consultancy Services
2025-11-27,3022.81298828125,TCS.NS,Tata Consultancy Services
2025-11-28,3023.68017578125,TCS.NS,Tata Consultancy Services
2025-12-01,3019.729248046875,TCS.NS,Tata Consultancy Services
2025-12-02,3021.94580078125,TCS.NS,Tata Consultancy Services
2025-12-03,3064.638671875,TCS.NS,Tata Consultancy Services
2025-12-04,3112.053466796875,TCS.NS,Tata Consultancy Services
2025-12-05,3120.72705078125,TCS.NS,Tata Consultancy Services
2025-12-08,3119.0888671875,TCS.NS,Tata Consultancy Services
2025-12-09,3091.911865234375,TCS.NS,Tata Consultancy Services
2025-12-10,3073.504638671875,TCS.NS,Tata Consultancy Services
2025-12-11,3076.106689453125,TCS.NS,Tata Consultancy Services
2025-12-12,3103.669189453125,TCS.NS,Tata Consultancy Services
2025-12-15,3113.01708984375,TCS.NS,Tata Consultancy Services
2025-12-16,3088.828125,TCS.NS,Tata Consultancy Services
2025-12-17,3101.0673828125,TCS.NS,Tata Consultancy Services
2025-12-18,3161.78173828125,TCS.NS,Tata Consultancy Services
2025-12-19,3162.938232421875,TCS.NS,Tata Consultancy Services
2025-12-22,3204.281982421875,TCS.NS,Tata Consultancy Services
2025-12-23,3189.922607421875,TCS.NS,Tata Consultancy Services
2025-12-24,3198.59619140625,TCS.NS,Tata Consultancy Services
2025-12-26,3161.010986328125,TCS.NS,Tata Consultancy Services
2025-12-29,3133.544677734375,TCS.NS,Tata Consultancy Services
2025-12-30,3129.015380859375,TCS.NS,Tata Consultancy Services
2025-12-31,3089.887939453125,TCS.NS,Tata Consultancy Services
2026-01-01,3110.31884765625,TCS.NS,Tata Consultancy Services
2026-01-02,3132.773681640625,TCS.NS,Tata Consultancy Services
2026-01-05,3099.428955078125,TCS.NS,Tata Consultancy Services
2026-01-06,3137.688720703125,TCS.NS,Tata Consultancy Services
2026-01-07,3176.044921875,TCS.NS,Tata Consultancy Services
2026-01-08,3087.671630859375,TCS.NS,Tata Consultancy Services
2026-01-09,3091.43017578125,TCS.NS,Tata Consultancy Services
2026-01-12,3122.076416015625,TCS.NS,Tata Consultancy Services
2026-01-13,3149.446044921875,TCS.NS,Tata Consultancy Services
2026-01-14,3076.68505859375,TCS.NS,Tata Consultancy Services
2026-01-15,3076.68505859375,TCS.NS,Tata Consultancy Services
2026-01-16,3146.54931640625,TCS.NS,Tata Consultancy Services
2026-01-19,3104.258056640625,TCS.NS,Tata Consultancy Services
2026-01-20,3044.10791015625,TCS.NS,Tata Consultancy Services
2026-01-21,3064.027099609375,TCS.NS,Tata Consultancy Services
2026-01-22,3091.305419921875,TCS.NS,Tata Consultancy Services
2026-01-23,3103.178466796875,TCS.NS,Tata Consultancy Services
2026-01-27,3098.762939453125,TCS.NS,Tata Consultancy Services
2026-01-28,3140.073486328125,TCS.NS,Tata Consultancy Services
2026-01-29,3085.41796875,TCS.NS,Tata Consultancy Services
2026-01-30,3065.302490234375,TCS.NS,Tata Consultancy Services
2026-02-02,3110.1455078125,TCS.NS,Tata Consultancy Services
2026-02-03,3164.800537109375,TCS.NS,Tata Consultancy Services
2026-02-04,2942.84375,TCS.NS,Tata Consultancy Services
2026-02-05,2935.38623046875,TCS.NS,Tata Consultancy Services
2026-02-06,2886.422119140625,TCS.NS,Tata Consultancy Services
2026-02-09,2892.8984375,TCS.NS,Tata Consultancy Services
2026-02-10,2928.61572265625,TCS.NS,Tata Consultancy Services
2026-02-11,2855.21875,TCS.NS,Tata Consultancy Services
2026-02-12,2698.51416015625,TCS.NS,Tata Consultancy Services
2026-02-13,2641.7001953125,TCS.NS,Tata Consultancy Services
2026-02-16,2655.830322265625,TCS.NS,Tata Consultancy Services
2026-02-17,2666.427490234375,TCS.NS,Tata Consultancy Services
2026-02-18,2644.349609375,TCS.NS,Tata Consultancy Services
2026-02-19,2627.66845703125,TCS.NS,Tata Consultancy Services
2026-02-20,2635.812744140625,TCS.NS,Tata Consultancy Services
2026-02-23,2626.0986328125,TCS.NS,Tata Consultancy Services
2026-02-24,2525.423095703125,TCS.NS,Tata Consultancy Services
2026-02-25,2579.980224609375,TCS.NS,Tata Consultancy Services
2026-02-26,2598.034912109375,TCS.NS,Tata Consultancy Services
2026-02-27,2587.92822265625,TCS.NS,Tata Consultancy Services
2026-03-02,2564.4765625,TCS.NS,Tata Consultancy Services
2026-03-04,2539.2587890625,TCS.NS,Tata Consultancy Services
2026-03-05,2530.427490234375,TCS.NS,Tata Consultancy Services
2026-03-06,2509.625244140625,TCS.NS,Tata Consultancy Services
2026-03-09,2479.991455078125,TCS.NS,Tata Consultancy Services
2026-03-10,2465.9599609375,TCS.NS,Tata Consultancy Services
2026-03-11,2418.663818359375,TCS.NS,Tata Consultancy Services
2026-03-12,2396.5859375,TCS.NS,Tata Consultancy Services
2026-03-13,2365.284423828125,TCS.NS,Tata Consultancy Services
2026-03-16,2364.0087890625,TCS.NS,Tata Consultancy Services
2026-03-17,2346.8369140625,TCS.NS,Tata Consultancy Services
2026-03-18,2395.01611328125,TCS.NS,Tata Consultancy Services
2026-03-19,2311.806640625,TCS.NS,Tata Consultancy Services
2026-03-20,2345.7578125,TCS.NS,Tata Consultancy Services
2026-03-23,2339.085205078125,TCS.NS,Tata Consultancy Services
2026-03-24,2353.803955078125,TCS.NS,Tata Consultancy Services
2026-03-25,2332.80517578125,TCS.NS,Tata Consultancy Services
2026-03-27,2344.97265625,TCS.NS,Tata Consultancy Services
2026-03-30,2314.652099609375,TCS.NS,Tata Consultancy Services
2026-04-01,2363.027587890625,TCS.NS,Tata Consultancy Services
2026-04-02,2404.730224609375,TCS.NS,Tata Consultancy Services
2026-04-06,2427.4951171875,TCS.NS,Tata Consultancy Services
2026-04-07,2492.1591796875,TCS.NS,Tata Consultancy Services
2026-04-08,2511.195068359375,TCS.NS,Tata Consultancy Services
2026-04-09,2540.43603515625,TCS.NS,Tata Consultancy Services
2026-04-10,2476.94970703125,TCS.NS,Tata Consultancy Services
2026-04-13,2426.2197265625,TCS.NS,Tata Consultancy Services
2026-04-15,2506.9755859375,TCS.NS,Tata Consultancy Services
2026-04-16,2528.56298828125,TCS.NS,Tata Consultancy Services
2026-04-17,2533.076904296875,TCS.NS,Tata Consultancy Services
2026-04-20,2531.212646484375,TCS.NS,Tata Consultancy Services
2026-04-21,2561.532958984375,TCS.NS,Tata Consultancy Services
2026-04-22,2490.88330078125,TCS.NS,Tata Consultancy Services
2026-04-23,2474.49658203125,TCS.NS,Tata Consultancy Services
2026-04-24,2351.939453125,TCS.NS,Tata Consultancy Services
2026-04-27,2401.6884765625,TCS.NS,Tata Consultancy Services
2026-04-28,2398.8427734375,TCS.NS,Tata Consultancy Services
2026-04-29,2428.280029296875,TCS.NS,Tata Consultancy Services
2026-04-30,2427.4951171875,TCS.NS,Tata Consultancy Services
2026-05-01,2427.4951171875,TCS.NS,Tata Consultancy Services
2026-05-04,2385.6943359375,TCS.NS,Tata Consultancy Services
2026-05-05,2381.769287109375,TCS.NS,Tata Consultancy Services
2026-05-06,2389.717041015625,TCS.NS,Tata Consultancy Services
2026-05-07,2356.35498046875,TCS.NS,Tata Consultancy Services
2026-05-08,2349.486328125,TCS.NS,Tata Consultancy Services
2026-05-11,2348.014404296875,TCS.NS,Tata Consultancy Services
2026-05-12,2257.151611328125,TCS.NS,Tata Consultancy Services
2026-05-13,2230.16748046875,TCS.NS,Tata Consultancy Services
2026-05-14,2203.8701171875,TCS.NS,Tata Consultancy Services
2026-05-15,2221.5322265625,TCS.NS,Tata Consultancy Services
2026-05-18,2240.3720703125,TCS.NS,Tata Consultancy Services
2026-05-19,2283.448974609375,TCS.NS,Tata Consultancy Services
2026-05-20,2283.742919921875,TCS.NS,Tata Consultancy Services
2026-05-21,2283.546875,TCS.NS,Tata Consultancy Services
2026-05-22,2273.832763671875,TCS.NS,Tata Consultancy Services
2026-05-25,2295.61328125,TCS.NS,Tata Consultancy Services
2026-05-26,2263.78759765625,TCS.NS,Tata Consultancy Services
2026-05-27,2271.744140625,TCS.NS,Tata Consultancy Services
2026-05-28,2271.744140625,TCS.NS,Tata Consultancy Services
2026-05-29,2246.58203125,TCS.NS,Tata Consultancy Services
2026-06-01,2284.8720703125,TCS.NS,Tata Consultancy Services
2026-06-02,2433.556884765625,TCS.NS,Tata Consultancy Services
2026-06-03,2229.475830078125,TCS.NS,Tata Consultancy Services
2026-06-04,2228.77978515625,TCS.NS,Tata Consultancy Services
2026-06-05,2186.9091796875,TCS.NS,Tata Consultancy Services
2026-06-08,2139.668212890625,TCS.NS,Tata Consultancy Services
2026-06-09,2139.2705078125,TCS.NS,Tata Consultancy Services
2026-06-10,2142.154541015625,TCS.NS,Tata Consultancy Services
2026-06-11,2123.95458984375,TCS.NS,Tata Consultancy Services
2026-06-12,2149.61376953125,TCS.NS,Tata Consultancy Services
2026-06-15,2150.21044921875,TCS.NS,Tata Consultancy Services
2026-06-16,2187.0087890625,TCS.NS,Tata Consultancy Services
2026-06-17,2210.8779296875,TCS.NS,Tata Consultancy Services
2026-06-18,2191.285400390625,TCS.NS,Tata Consultancy Services
2026-06-19,2113.412353515625,TCS.NS,Tata Consultancy Services
2026-06-22,2116.197021484375,TCS.NS,Tata Consultancy Services
2026-06-23,2048.368896484375,TCS.NS,Tata Consultancy Services
2026-06-24,2097.49951171875,TCS.NS,Tata Consultancy Services
2026-06-25,2083.27734375,TCS.NS,Tata Consultancy Services
2026-06-26,2083.27734375,TCS.NS,Tata Consultancy Services
2026-06-29,2086.4599609375,TCS.NS,Tata Consultancy Services
2026-06-30,2020.422119140625,TCS.NS,Tata Consultancy Services
2026-07-01,1971.788818359375,TCS.NS,Tata Consultancy Services
2026-07-02,2056.82275390625,TCS.NS,Tata Consultancy Services
2026-07-03,2082.083984375,TCS.NS,Tata Consultancy Services
2026-07-06,2046.3798828125,TCS.NS,Tata Consultancy Services
2026-07-07,2084.669921875,TCS.NS,Tata Consultancy Services
2026-07-08,2046.2803955078125,TCS.NS,Tata Consultancy Services
2026-07-09,2038.323974609375,TCS.NS,Tata Consultancy Services
2026-07-10,2057.717529296875,TCS.NS,Tata Consultancy Services
2026-07-13,2169.604248046875,TCS.NS,Tata Consultancy Services
2026-07-14,2188.60009765625,TCS.NS,Tata Consultancy Services
2026-07-15,2189.199951171875,TCS.NS,Tata Consultancy Services
2026-07-16,2201.0,TCS.NS,Tata Consultancy Services
2026-07-17,2269.0,TCS.NS,Tata Consultancy Services
2026-07-20,2251.10009765625,TCS.NS,Tata Consultancy Services
2026-07-21,2221.10009765625,TCS.NS,Tata Consultancy Services
2026-07-22,2208.300048828125,TCS.NS,Tata Consultancy Services
2026-07-23,2242.89990234375,TCS.NS,Tata Consultancy Services
2026-07-24,2254.300048828125,TCS.NS,Tata Consultancy Services
2026-07-27,2295.60009765625,TCS.NS,Tata Consultancy Services
2026-07-28,2398.0,TCS.NS,Tata Consultancy Services
2026-07-29,2446.60009765625,TCS.NS,Tata Consultancy Services
2026-07-30,2431.800048828125,TCS.NS,Tata Consultancy Services
2026-07-31,2365.60009765625,TCS.NS,Tata Consultancy Services
2026-08-03,2473.699951171875,TCS.NS,Tata Consultancy Services
2026-08-04,2460.0,TCS.NS,Tata Consultancy Services
2026-08-05,2413.0,TCS.NS,Tata Consultancy Services
2026-08-06,2373.0,TCS.NS,Tata Consultancy Services
2026-08-07,2452.699951171875,TCS.NS,Tata Consultancy Services
2026-08-10,2425.699951171875,TCS.NS,Tata Consultancy Services
2026-08-11,2445.699951171875,TCS.NS,Tata Consultancy Services
2026-08-12,2349.699951171875,TCS.NS,Tata Consultancy Services
2026-08-13,2375.0,TCS.NS,Tata Consultancy Services
2026-08-14,2361.0,TCS.NS,Tata Consultancy Services
2026-08-17,2313.199951171875,TCS.NS,Tata Consultancy Services
2026-08-18,,TCS.NS,Tata Consultancy Services
2021-08-18,984.0321044921875,RELIANCE.NS,Reliance Industries
2021-08-20,972.9808959960938,RELIANCE.NS,Reliance Industries
2021-08-23,979.3671264648438,RELIANCE.NS,Reliance Industries
2021-08-24,989.0369262695312,RELIANCE.NS,Reliance Industries
2021-08-25,997.5970458984375,RELIANCE.NS,Reliance Industries
2021-08-26,1010.2107543945312,RELIANCE.NS,Reliance Industries
2021-08-27,1008.829345703125,RELIANCE.NS,Reliance Industries
2021-08-30,1028.23681640625,RELIANCE.NS,Reliance Industries
2021-08-31,1022.7567138671875,RELIANCE.NS,Reliance Industries
2021-09-01,1026.8101806640625,RELIANCE.NS,Reliance Industries
2021-09-02,1039.1748046875,RELIANCE.NS,Reliance Industries
2021-09-03,1081.79443359375,RELIANCE.NS,Reliance Industries
2021-09-06,1098.5977783203125,RELIANCE.NS,Reliance Industries
2021-09-07,1105.5274658203125,RELIANCE.NS,Reliance Industries
2021-09-08,1101.2021484375,RELIANCE.NS,Reliance Industries
2021-09-09,1098.5977783203125,RELIANCE.NS,Reliance Industries
2021-09-13,1074.1175537109375,RELIANCE.NS,Reliance Industries
2021-09-14,1072.7135009765625,RELIANCE.NS,Reliance Industries
2021-09-15,1077.1746826171875,RELIANCE.NS,Reliance Industries
2021-09-16,1099.775146484375,RELIANCE.NS,Reliance Industries
2021-09-17,1082.7227783203125,RELIANCE.NS,Reliance Industries
2021-09-20,1084.4442138671875,RELIANCE.NS,Reliance Industries
2021-09-21,1089.1317138671875,RELIANCE.NS,Reliance Industries
2021-09-22,1100.81689453125,RELIANCE.NS,Reliance Industries
2021-09-23,1127.7203369140625,RELIANCE.NS,Reliance Industries
2021-09-24,1124.459228515625,RELIANCE.NS,Reliance Industries
2021-09-27,1143.3685302734375,RELIANCE.NS,Reliance Industries
2021-09-28,1154.0574951171875,RELIANCE.NS,Reliance Industries
2021-09-29,1144.90869140625,RELIANCE.NS,Reliance Industries
2021-09-30,1141.0135498046875,RELIANCE.NS,Reliance Industries
2021-10-01,1143.0289306640625,RELIANCE.NS,Reliance Industries
2021-10-04,1157.7261962890625,RELIANCE.NS,Reliance Industries
2021-10-05,1181.75341796875,RELIANCE.NS,Reliance Industries
2021-10-06,1159.4019775390625,RELIANCE.NS,Reliance Industries
2021-10-07,1165.0860595703125,RELIANCE.NS,Reliance Industries
2021-10-08,1209.8570556640625,RELIANCE.NS,Reliance Industries
2021-10-11,1201.4326171875,RELIANCE.NS,Reliance Industries
2021-10-12,1208.29443359375,RELIANCE.NS,Reliance Industries
2021-10-13,1220.591064453125,RELIANCE.NS,Reliance Industries
2021-10-14,1223.0595703125,RELIANCE.NS,Reliance Industries
2021-10-18,1226.3206787109375,RELIANCE.NS,Reliance Industries
2021-10-19,1237.3037109375,RELIANCE.NS,Reliance Industries
2021-10-20,1223.0595703125,RELIANCE.NS,Reliance Industries
2021-10-21,1187.7772216796875,RELIANCE.NS,Reliance Industries
2021-10-22,1189.99658203125,RELIANCE.NS,Reliance Industries
2021-10-25,1178.4017333984375,RELIANCE.NS,Reliance Industries
2021-10-26,1205.237060546875,RELIANCE.NS,Reliance Industries
2021-10-27,1189.99658203125,RELIANCE.NS,Reliance Industries
2021-10-28,1176.952392578125,RELIANCE.NS,Reliance Industries
2021-10-29,1148.713134765625,RELIANCE.NS,Reliance Industries
2021-11-01,1149.4151611328125,RELIANCE.NS,Reliance Industries
2021-11-02,1132.6571044921875,RELIANCE.NS,Reliance Industries
2021-11-03,1124.8670654296875,RELIANCE.NS,Reliance Industries
2021-11-04,1131.7740478515625,RELIANCE.NS,Reliance Industries
2021-11-08,1133.17822265625,RELIANCE.NS,Reliance Industries
2021-11-09,1142.1231689453125,RELIANCE.NS,Reliance Industries
2021-11-10,1154.8953857421875,RELIANCE.NS,Reliance Industries
2021-11-11,1157.0015869140625,RELIANCE.NS,Reliance Industries
2021-11-12,1174.4615478515625,RELIANCE.NS,Reliance Industries
2021-11-15,1167.5318603515625,RELIANCE.NS,Reliance Industries
2021-11-16,1140.402099609375,RELIANCE.NS,Reliance Industries
2021-11-17,1115.9898681640625,RELIANCE.NS,Reliance Industries
2021-11-18,1120.201904296875,RELIANCE.NS,Reliance Industries
2021-11-22,1070.5848388671875,RELIANCE.NS,Reliance Industries
2021-11-23,1080.59423828125,RELIANCE.NS,Reliance Industries
2021-11-24,1064.9910888671875,RELIANCE.NS,Reliance Industries
2021-11-25,1129.1016845703125,RELIANCE.NS,Reliance Industries
2021-11-26,1092.7098388671875,RELIANCE.NS,Reliance Industries
2021-11-29,1105.799072265625,RELIANCE.NS,Reliance Industries
2021-11-30,1089.448486328125,RELIANCE.NS,Reliance Industries
2021-12-01,1117.3486328125,RELIANCE.NS,Reliance Industries
2021-12-02,1124.52734375,RELIANCE.NS,Reliance Industries
2021-12-03,1090.73974609375,RELIANCE.NS,Reliance Industries
2021-12-06,1070.0638427734375,RELIANCE.NS,Reliance Industries
2021-12-07,1078.7825927734375,RELIANCE.NS,Reliance Industries
2021-12-08,1095.200927734375,RELIANCE.NS,Reliance Industries
2021-12-09,1112.5701904296875,RELIANCE.NS,Reliance Industries
2021-12-10,1113.7025146484375,RELIANCE.NS,Reliance Industries
2021-12-13,1091.3736572265625,RELIANCE.NS,Reliance Industries
2021-12-14,1078.012451171875,RELIANCE.NS,Reliance Industries
2021-12-15,1074.8648681640625,RELIANCE.NS,Reliance Industries
2021-12-16,1088.769287109375,RELIANCE.NS,Reliance Industries
2021-12-17,1060.03173828125,RELIANCE.NS,Reliance Industries
2021-12-20,1031.45263671875,RELIANCE.NS,Reliance Industries
2021-12-21,1046.806396484375,RELIANCE.NS,Reliance Industries
2021-12-22,1071.64892578125,RELIANCE.NS,Reliance Industries
2021-12-23,1071.2640380859375,RELIANCE.NS,Reliance Industries
2021-12-24,1074.6837158203125,RELIANCE.NS,Reliance Industries
2021-12-27,1073.5286865234375,RELIANCE.NS,Reliance Industries
2021-12-28,1086.2783203125,RELIANCE.NS,Reliance Industries
2021-12-29,1088.1353759765625,RELIANCE.NS,Reliance Industries
2021-12-30,1068.478759765625,RELIANCE.NS,Reliance Industries
2021-12-31,1072.57763671875,RELIANCE.NS,Reliance Industries
2022-01-03,1088.74658203125,RELIANCE.NS,Reliance Industries
2022-01-04,1113.3175048828125,RELIANCE.NS,Reliance Industries
2022-01-05,1118.526123046875,RELIANCE.NS,Reliance Industries
2022-01-06,1094.47607421875,RELIANCE.NS,Reliance Industries
2022-01-07,1103.3079833984375,RELIANCE.NS,Reliance Industries
2022-01-10,1104.2139892578125,RELIANCE.NS,Reliance Industries
2022-01-11,1112.16259765625,RELIANCE.NS,Reliance Industries
2022-01-12,1141.8514404296875,RELIANCE.NS,Reliance Industries
2022-01-13,1148.2828369140625,RELIANCE.NS,Reliance Industries
2022-01-14,1149.9586181640625,RELIANCE.NS,Reliance Industries
2022-01-17,1155.9595947265625,RELIANCE.NS,Reliance Industries
2022-01-18,1142.16845703125,RELIANCE.NS,Reliance Industries
2022-01-19,1142.077880859375,RELIANCE.NS,Reliance Industries
2022-01-20,1122.08154296875,RELIANCE.NS,Reliance Industries
2022-01-21,1122.2625732421875,RELIANCE.NS,Reliance Industries
2022-01-24,1076.993408203125,RELIANCE.NS,Reliance Industries
2022-01-25,1074.8873291015625,RELIANCE.NS,Reliance Industries
2022-01-27,1058.96728515625,RELIANCE.NS,Reliance Industries
2022-01-28,1057.9483642578125,RELIANCE.NS,Reliance Industries
2022-01-31,1080.9339599609375,RELIANCE.NS,Reliance Industries
2022-02-01,1077.35595703125,RELIANCE.NS,Reliance Industries
2022-02-02,1079.552490234375,RELIANCE.NS,Reliance Industries
2022-02-03,1065.6025390625,RELIANCE.NS,Reliance Industries
2022-02-04,1055.8875732421875,RELIANCE.NS,Reliance Industries
2022-02-07,1049.4560546875,RELIANCE.NS,Reliance Industries
2022-02-08,1067.09716796875,RELIANCE.NS,Reliance Industries
2022-02-09,1079.5299072265625,RELIANCE.NS,Reliance Industries
2022-02-10,1078.4202880859375,RELIANCE.NS,Reliance Industries
2022-02-11,1076.314208984375,RELIANCE.NS,Reliance Industries
2022-02-14,1059.171142578125,RELIANCE.NS,Reliance Industries
2022-02-15,1095.1328125,RELIANCE.NS,Reliance Industries
2022-02-16,1092.8682861328125,RELIANCE.NS,Reliance Industries
2022-02-17,1106.7049560546875,RELIANCE.NS,Reliance Industries
2022-02-18,1098.0543212890625,RELIANCE.NS,Reliance Industries
2022-02-21,1086.957763671875,RELIANCE.NS,Reliance Industries
2022-02-22,1082.0208740234375,RELIANCE.NS,Reliance Industries
2022-02-23,1075.2498779296875,RELIANCE.NS,Reliance Industries
2022-02-24,1021.6695556640625,RELIANCE.NS,Reliance Industries
2022-02-25,1034.44189453125,RELIANCE.NS,Reliance Industries
2022-02-28,1068.682373046875,RELIANCE.NS,Reliance Industries
2022-03-02,1086.34619140625,RELIANCE.NS,Reliance Industries
2022-03-03,1077.1746826171875,RELIANCE.NS,Reliance Industries
2022-03-04,1053.2833251953125,RELIANCE.NS,Reliance Industries
2022-03-07,1014.3323974609375,RELIANCE.NS,Reliance Industries
2022-03-08,1012.4979248046875,RELIANCE.NS,Reliance Industries
2022-03-09,1066.2139892578125,RELIANCE.NS,Reliance Industries
2022-03-10,1083.4927978515625,RELIANCE.NS,Reliance Industries
2022-03-11,1086.617919921875,RELIANCE.NS,Reliance Industries
2022-03-14,1095.5404052734375,RELIANCE.NS,Reliance Industries
2022-03-15,1070.4488525390625,RELIANCE.NS,Reliance Industries
2022-03-16,1088.5203857421875,RELIANCE.NS,Reliance Industries
2022-03-17,1124.006591796875,RELIANCE.NS,Reliance Industries
2022-03-21,1117.52978515625,RELIANCE.NS,Reliance Industries
2022-03-22,1146.4033203125,RELIANCE.NS,Reliance Industries
2022-03-23,1150.0491943359375,RELIANCE.NS,Reliance Industries
2022-03-24,1167.916748046875,RELIANCE.NS,Reliance Industries
2022-03-25,1175.70703125,RELIANCE.NS,Reliance Industries
2022-03-28,1187.5283203125,RELIANCE.NS,Reliance Industries
2022-03-29,1187.7999267578125,RELIANCE.NS,Reliance Industries
2022-03-30,1210.626953125,RELIANCE.NS,Reliance Industries
2022-03-31,1193.325439453125,RELIANCE.NS,Reliance Industries
2022-04-01,1202.882080078125,RELIANCE.NS,Reliance Industries
2022-04-04,1206.4375,RELIANCE.NS,Reliance Industries
2022-04-05,1189.3851318359375,RELIANCE.NS,Reliance Industries
2022-04-06,1186.2147216796875,RELIANCE.NS,Reliance Industries
2022-04-07,1165.2899169921875,RELIANCE.NS,Reliance Industries
2022-04-08,1184.6749267578125,RELIANCE.NS,Reliance Industries
2022-04-11,1182.2064208984375,RELIANCE.NS,Reliance Industries
2022-04-12,1159.9453125,RELIANCE.NS,Reliance Industries
2022-04-13,1155.6881103515625,RELIANCE.NS,Reliance Industries
2022-04-18,1152.1551513671875,RELIANCE.NS,Reliance Industries
2022-04-19,1196.0655517578125,RELIANCE.NS,Reliance Industries
2022-04-20,1231.234619140625,RELIANCE.NS,Reliance Industries
2022-04-21,1260.0628662109375,RELIANCE.NS,Reliance Industries
2022-04-22,1249.510009765625,RELIANCE.NS,Reliance Industries
2022-04-25,1220.61376953125,RELIANCE.NS,Reliance Industries
2022-04-26,1257.1414794921875,RELIANCE.NS,Reliance Industries
2022-04-27,1258.364501953125,RELIANCE.NS,Reliance Industries
2022-04-28,1277.16064453125,RELIANCE.NS,Reliance Industries
2022-04-29,1263.754150390625,RELIANCE.NS,Reliance Industries
2022-05-02,1259.315673828125,RELIANCE.NS,Reliance Industries
2022-05-04,1220.0023193359375,RELIANCE.NS,Reliance Industries
2022-05-05,1196.11083984375,RELIANCE.NS,Reliance Industries
2022-05-06,1186.9393310546875,RELIANCE.NS,Reliance Industries
2022-05-09,1140.583251953125,RELIANCE.NS,Reliance Industries
2022-05-10,1120.813232421875,RELIANCE.NS,Reliance Industries
2022-05-11,1109.3319091796875,RELIANCE.NS,Reliance Industries
2022-05-12,1086.7313232421875,RELIANCE.NS,Reliance Industries
2022-05-13,1099.0506591796875,RELIANCE.NS,Reliance Industries
2022-05-16,1099.322265625,RELIANCE.NS,Reliance Industries
2022-05-17,1145.4971923828125,RELIANCE.NS,Reliance Industries
2022-05-18,1149.6641845703125,RELIANCE.NS,Reliance Industries
2022-05-19,1123.1683349609375,RELIANCE.NS,Reliance Industries
2022-05-20,1188.660400390625,RELIANCE.NS,Reliance Industries
2022-05-23,1180.7117919921875,RELIANCE.NS,Reliance Industries
2022-05-24,1184.7652587890625,RELIANCE.NS,Reliance Industries
2022-05-25,1183.0216064453125,RELIANCE.NS,Reliance Industries
2022-05-26,1171.743896484375,RELIANCE.NS,Reliance Industries
2022-05-27,1166.308837890625,RELIANCE.NS,Reliance Industries
2022-05-30,1206.935546875,RELIANCE.NS,Reliance Industries
2022-05-31,1192.374267578125,RELIANCE.NS,Reliance Industries
2022-06-01,1192.7593994140625,RELIANCE.NS,Reliance Industries
2022-06-02,1233.8843994140625,RELIANCE.NS,Reliance Industries
2022-06-03,1258.8853759765625,RELIANCE.NS,Reliance Industries
2022-06-06,1253.472900390625,RELIANCE.NS,Reliance Industries
2022-06-07,1255.8282470703125,RELIANCE.NS,Reliance Industries
2022-06-08,1233.77099609375,RELIANCE.NS,Reliance Industries
2022-06-09,1267.60400390625,RELIANCE.NS,Reliance Industries
2022-06-10,1229.33251953125,RELIANCE.NS,Reliance Industries
2022-06-13,1206.0751953125,RELIANCE.NS,Reliance Industries
2022-06-14,1190.3134765625,RELIANCE.NS,Reliance Industries
2022-06-15,1175.910888671875,RELIANCE.NS,Reliance Industries
2022-06-16,1159.4698486328125,RELIANCE.NS,Reliance Industries
2022-06-17,1173.0574951171875,RELIANCE.NS,Reliance Industries
2022-06-20,1151.79296875,RELIANCE.NS,Reliance Industries
2022-06-21,1170.3851318359375,RELIANCE.NS,Reliance Industries
2022-06-22,1134.8311767578125,RELIANCE.NS,Reliance Industries
2022-06-23,1116.4200439453125,RELIANCE.NS,Reliance Industries
2022-06-24,1132.3175048828125,RELIANCE.NS,Reliance Industries
2022-06-27,1128.9658203125,RELIANCE.NS,Reliance Industries
2022-06-28,1144.840576171875,RELIANCE.NS,Reliance Industries
2022-06-29,1168.5960693359375,RELIANCE.NS,Reliance Industries
2022-06-30,1175.6165771484375,RELIANCE.NS,Reliance Industries
2022-07-01,1090.943359375,RELIANCE.NS,Reliance Industries
2022-07-04,1093.2080078125,RELIANCE.NS,Reliance Industries
2022-07-05,1102.0625,RELIANCE.NS,Reliance Industries
2022-07-06,1092.3699951171875,RELIANCE.NS,Reliance Industries
2022-07-07,1081.61328125,RELIANCE.NS,Reliance Industries
2022-07-08,1083.1080322265625,RELIANCE.NS,Reliance Industries
2022-07-11,1097.8277587890625,RELIANCE.NS,Reliance Industries
2022-07-12,1096.26513671875,RELIANCE.NS,Reliance Industries
2022-07-13,1076.8348388671875,RELIANCE.NS,Reliance Industries
2022-07-14,1085.712158203125,RELIANCE.NS,Reliance Industries
2022-07-15,1087.8182373046875,RELIANCE.NS,Reliance Industries
2022-07-18,1097.0804443359375,RELIANCE.NS,Reliance Industries
2022-07-19,1103.8062744140625,RELIANCE.NS,Reliance Industries
2022-07-20,1133.6534423828125,RELIANCE.NS,Reliance Industries
2022-07-21,1126.08984375,RELIANCE.NS,Reliance Industries
2022-07-22,1133.6988525390625,RELIANCE.NS,Reliance Industries
2022-07-25,1096.2425537109375,RELIANCE.NS,Reliance Industries
2022-07-26,1096.74072265625,RELIANCE.NS,Reliance Industries
2022-07-27,1095.6990966796875,RELIANCE.NS,Reliance Industries
2022-07-28,1112.8646240234375,RELIANCE.NS,Reliance Industries
2022-07-29,1136.5748291015625,RELIANCE.NS,Reliance Industries
2022-08-01,1166.1956787109375,RELIANCE.NS,Reliance Industries
2022-08-02,1170.6341552734375,RELIANCE.NS,Reliance Industries
2022-08-03,1180.46240234375,RELIANCE.NS,Reliance Industries
2022-08-04,1164.8597412109375,RELIANCE.NS,Reliance Industries
2022-08-05,1147.6939697265625,RELIANCE.NS,Reliance Industries
2022-08-08,1162.708251953125,RELIANCE.NS,Reliance Industries
2022-08-10,1169.6605224609375,RELIANCE.NS,Reliance Industries
2022-08-11,1173.5555419921875,RELIANCE.NS,Reliance Industries
2022-08-12,1192.5328369140625,RELIANCE.NS,Reliance Industries
2022-08-16,1200.8211669921875,RELIANCE.NS,Reliance Industries
2022-08-17,1207.09423828125,RELIANCE.NS,Reliance Industries
2022-08-18,1209.2833251953125,RELIANCE.NS,Reliance Industries
2022-08-19,1187.7220458984375,RELIANCE.NS,Reliance Industries
2022-08-22,1184.427734375,RELIANCE.NS,Reliance Industries
2022-08-23,1202.694580078125,RELIANCE.NS,Reliance Industries
2022-08-24,1199.490966796875,RELIANCE.NS,Reliance Industries
2022-08-25,1195.9921875,RELIANCE.NS,Reliance Industries
2022-08-26,1189.6077880859375,RELIANCE.NS,Reliance Industries
2022-08-29,1180.3609619140625,RELIANCE.NS,Reliance Industries
2022-08-30,1198.673095703125,RELIANCE.NS,Reliance Industries
2022-09-01,1163.4346923828125,RELIANCE.NS,Reliance Industries
2022-09-02,1149.8482666015625,RELIANCE.NS,Reliance Industries
2022-09-05,1167.7060546875,RELIANCE.NS,Reliance Industries
2022-09-06,1179.9974365234375,RELIANCE.NS,Reliance Industries
2022-09-07,1173.1361083984375,RELIANCE.NS,Reliance Industries
2022-09-08,1174.794677734375,RELIANCE.NS,Reliance Industries
2022-09-09,1167.4788818359375,RELIANCE.NS,Reliance Industries
2022-09-12,1180.542724609375,RELIANCE.NS,Reliance Industries
2022-09-13,1190.403076171875,RELIANCE.NS,Reliance Industries
2022-09-14,1176.135009765625,RELIANCE.NS,Reliance Industries
2022-09-15,1164.479736328125,RELIANCE.NS,Reliance Industries
2022-09-16,1135.6256103515625,RELIANCE.NS,Reliance Industries
2022-09-19,1137.1025390625,RELIANCE.NS,Reliance Industries
2022-09-20,1137.2841796875,RELIANCE.NS,Reliance Industries
2022-09-21,1140.4195556640625,RELIANCE.NS,Reliance Industries
2022-09-22,1129.673095703125,RELIANCE.NS,Reliance Industries
2022-09-23,1108.498291015625,RELIANCE.NS,Reliance Industries
2022-09-26,1080.257568359375,RELIANCE.NS,Reliance Industries
2022-09-27,1088.8455810546875,RELIANCE.NS,Reliance Industries
2022-09-28,1059.8551025390625,RELIANCE.NS,Reliance Industries
2022-09-29,1056.6063232421875,RELIANCE.NS,Reliance Industries
2022-09-30,1080.4393310546875,RELIANCE.NS,Reliance Industries
2022-10-03,1076.6905517578125,RELIANCE.NS,Reliance Industries
2022-10-04,1096.547607421875,RELIANCE.NS,Reliance Industries
2022-10-06,1100.591796875,RELIANCE.NS,Reliance Industries
2022-10-07,1105.2493896484375,RELIANCE.NS,Reliance Industries
2022-10-10,1093.185302734375,RELIANCE.NS,Reliance Industries
2022-10-11,1071.4195556640625,RELIANCE.NS,Reliance Industries
2022-10-12,1079.3033447265625,RELIANCE.NS,Reliance Industries
2022-10-13,1082.7340087890625,RELIANCE.NS,Reliance Industries
2022-10-14,1077.2357177734375,RELIANCE.NS,Reliance Industries
2022-10-17,1094.5255126953125,RELIANCE.NS,Reliance Industries
2022-10-18,1113.83740234375,RELIANCE.NS,Reliance Industries
2022-10-19,1133.217529296875,RELIANCE.NS,Reliance Industries
2022-10-20,1136.261962890625,RELIANCE.NS,Reliance Industries
2022-10-21,1123.084228515625,RELIANCE.NS,Reliance Industries
2022-10-24,1126.8331298828125,RELIANCE.NS,Reliance Industries
2022-10-25,1109.4296875,RELIANCE.NS,Reliance Industries
2022-10-27,1113.7919921875,RELIANCE.NS,Reliance Industries
2022-10-28,1147.8717041015625,RELIANCE.NS,Reliance Industries
2022-10-31,1158.5272216796875,RELIANCE.NS,Reliance Industries
2022-11-01,1149.5528564453125,RELIANCE.NS,Reliance Industries
2022-11-02,1156.732421875,RELIANCE.NS,Reliance Industries
2022-11-03,1161.0491943359375,RELIANCE.NS,Reliance Industries
2022-11-04,1178.1343994140625,RELIANCE.NS,Reliance Industries
2022-11-07,1184.427734375,RELIANCE.NS,Reliance Industries
2022-11-09,1183.2464599609375,RELIANCE.NS,Reliance Industries
2022-11-10,1168.9329833984375,RELIANCE.NS,Reliance Industries
2022-11-11,1195.8785400390625,RELIANCE.NS,Reliance Industries
2022-11-14,1190.0849609375,RELIANCE.NS,Reliance Industries
2022-11-15,1184.7459716796875,RELIANCE.NS,Reliance Industries
2022-11-16,1177.9527587890625,RELIANCE.NS,Reliance Industries
2022-11-17,1180.9970703125,RELIANCE.NS,Reliance Industries
2022-11-18,1180.3609619140625,RELIANCE.NS,Reliance Industries
2022-11-21,1159.117919921875,RELIANCE.NS,Reliance Industries
2022-11-22,1165.547607421875,RELIANCE.NS,Reliance Industries
2022-11-23,1161.912353515625,RELIANCE.NS,Reliance Industries
2022-11-24,1171.9320068359375,RELIANCE.NS,Reliance Industries
2022-11-25,1189.4261474609375,RELIANCE.NS,Reliance Industries
2022-11-28,1230.299072265625,RELIANCE.NS,Reliance Industries
2022-11-29,1232.4119873046875,RELIANCE.NS,Reliance Industries
2022-11-30,1241.1136474609375,RELIANCE.NS,Reliance Industries
2022-12-01,1237.4556884765625,RELIANCE.NS,Reliance Industries
2022-12-02,1236.9332275390625,RELIANCE.NS,Reliance Industries
2022-12-05,1218.8936767578125,RELIANCE.NS,Reliance Industries
2022-12-06,1222.415283203125,RELIANCE.NS,Reliance Industries
2022-12-07,1204.375732421875,RELIANCE.NS,Reliance Industries
2022-12-08,1203.8077392578125,RELIANCE.NS,Reliance Industries
2022-12-09,1185.5638427734375,RELIANCE.NS,Reliance Industries
2022-12-12,1187.3812255859375,RELIANCE.NS,Reliance Industries
2022-12-13,1192.7886962890625,RELIANCE.NS,Reliance Industries
2022-12-14,1188.471923828125,RELIANCE.NS,Reliance Industries
2022-12-15,1171.5911865234375,RELIANCE.NS,Reliance Industries
2022-12-16,1165.797607421875,RELIANCE.NS,Reliance Industries
2022-12-19,1181.1107177734375,RELIANCE.NS,Reliance Industries
2022-12-20,1191.334716796875,RELIANCE.NS,Reliance Industries
2022-12-21,1174.3856201171875,RELIANCE.NS,Reliance Industries
2022-12-22,1171.3411865234375,RELIANCE.NS,Reliance Industries
2022-12-23,1136.9888916015625,RELIANCE.NS,Reliance Industries
2022-12-26,1146.9173583984375,RELIANCE.NS,Reliance Industries
2022-12-27,1156.30078125,RELIANCE.NS,Reliance Industries
2022-12-28,1156.1871337890625,RELIANCE.NS,Reliance Industries
2022-12-29,1155.66455078125,RELIANCE.NS,Reliance Industries
2022-12-30,1157.4365234375,RELIANCE.NS,Reliance Industries
2023-01-02,1170.477783203125,RELIANCE.NS,Reliance Industries
2023-01-03,1161.912353515625,RELIANCE.NS,Reliance Industries
2023-01-04,1144.4183349609375,RELIANCE.NS,Reliance Industries
2023-01-05,1142.37353515625,RELIANCE.NS,Reliance Industries
2023-01-06,1152.7562255859375,RELIANCE.NS,Reliance Industries
2023-01-09,1179.9747314453125,RELIANCE.NS,Reliance Industries
2023-01-10,1162.52587890625,RELIANCE.NS,Reliance Industries
2023-01-11,1147.8717041015625,RELIANCE.NS,Reliance Industries
2023-01-12,1123.084228515625,RELIANCE.NS,Reliance Industries
2023-01-13,1121.266845703125,RELIANCE.NS,Reliance Industries
2023-01-16,1110.58837890625,RELIANCE.NS,Reliance Industries
2023-01-17,1126.3560791015625,RELIANCE.NS,Reliance Industries
2023-01-18,1124.492919921875,RELIANCE.NS,Reliance Industries
2023-01-19,1123.2889404296875,RELIANCE.NS,Reliance Industries
2023-01-20,1109.9296875,RELIANCE.NS,Reliance Industries
2023-01-23,1104.3177490234375,RELIANCE.NS,Reliance Industries
2023-01-24,1097.7972412109375,RELIANCE.NS,Reliance Industries
2023-01-25,1082.6204833984375,RELIANCE.NS,Reliance Industries
2023-01-27,1062.0816650390625,RELIANCE.NS,Reliance Industries
2023-01-30,1072.26025390625,RELIANCE.NS,Reliance Industries
2023-01-31,1069.5792236328125,RELIANCE.NS,Reliance Industries
2023-02-01,1063.240478515625,RELIANCE.NS,Reliance Industries
2023-02-02,1057.3560791015625,RELIANCE.NS,Reliance Industries
2023-02-03,1058.2874755859375,RELIANCE.NS,Reliance Industries
2023-02-06,1050.3128662109375,RELIANCE.NS,Reliance Industries
2023-02-07,1047.7911376953125,RELIANCE.NS,Reliance Industries
2023-02-08,1068.7159423828125,RELIANCE.NS,Reliance Industries
2023-02-09,1070.578857421875,RELIANCE.NS,Reliance Industries
2023-02-10,1061.7635498046875,RELIANCE.NS,Reliance Industries
2023-02-13,1055.72021484375,RELIANCE.NS,Reliance Industries
2023-02-14,1080.5985107421875,RELIANCE.NS,Reliance Industries
2023-02-15,1105.0675048828125,RELIANCE.NS,Reliance Industries
2023-02-16,1104.2041015625,RELIANCE.NS,Reliance Industries
2023-02-17,1108.8162841796875,RELIANCE.NS,Reliance Industries
2023-02-20,1097.0928955078125,RELIANCE.NS,Reliance Industries
2023-02-21,1106.044677734375,RELIANCE.NS,Reliance Industries
2023-02-22,1080.9617919921875,RELIANCE.NS,Reliance Industries
2023-02-23,1075.78173828125,RELIANCE.NS,Reliance Industries
2023-02-24,1083.1429443359375,RELIANCE.NS,Reliance Industries
2023-02-27,1075.9407958984375,RELIANCE.NS,Reliance Industries
2023-02-28,1055.356689453125,RELIANCE.NS,Reliance Industries
2023-03-01,1065.05810546875,RELIANCE.NS,Reliance Industries
2023-03-02,1056.9468994140625,RELIANCE.NS,Reliance Industries
2023-03-03,1083.9154052734375,RELIANCE.NS,Reliance Industries
2023-03-06,1094.5028076171875,RELIANCE.NS,Reliance Industries
2023-03-08,1098.433349609375,RELIANCE.NS,Reliance Industries
2023-03-09,1072.0330810546875,RELIANCE.NS,Reliance Industries
2023-03-10,1055.4246826171875,RELIANCE.NS,Reliance Industries
2023-03-13,1038.06689453125,RELIANCE.NS,Reliance Industries
2023-03-14,1034.181884765625,RELIANCE.NS,Reliance Industries
2023-03-15,1016.5057983398438,RELIANCE.NS,Reliance Industries
2023-03-16,1011.4392700195312,RELIANCE.NS,Reliance Industries
2023-03-17,1010.1670532226562,RELIANCE.NS,Reliance Industries
2023-03-20,1000.2384643554688,RELIANCE.NS,Reliance Industries
2023-03-21,1031.341796875,RELIANCE.NS,Reliance Industries
2023-03-22,1034.477294921875,RELIANCE.NS,Reliance Industries
2023-03-23,1021.3906860351562,RELIANCE.NS,Reliance Industries
2023-03-24,1001.1699829101562,RELIANCE.NS,Reliance Industries
2023-03-27,1016.7329711914062,RELIANCE.NS,Reliance Industries
2023-03-28,1021.4815673828125,RELIANCE.NS,Reliance Industries
2023-03-29,1015.4380493164062,RELIANCE.NS,Reliance Industries
2023-03-31,1059.2191162109375,RELIANCE.NS,Reliance Industries
2023-04-03,1059.40087890625,RELIANCE.NS,Reliance Industries
2023-04-05,1056.856201171875,RELIANCE.NS,Reliance Industries
2023-04-06,1063.9447021484375,RELIANCE.NS,Reliance Industries
2023-04-10,1056.401611328125,RELIANCE.NS,Reliance Industries
2023-04-11,1061.6273193359375,RELIANCE.NS,Reliance Industries
2023-04-12,1066.3076171875,RELIANCE.NS,Reliance Industries
2023-04-13,1070.3291015625,RELIANCE.NS,Reliance Industries
2023-04-17,1075.7589111328125,RELIANCE.NS,Reliance Industries
2023-04-18,1063.44482421875,RELIANCE.NS,Reliance Industries
2023-04-19,1068.738525390625,RELIANCE.NS,Reliance Industries
2023-04-20,1066.034912109375,RELIANCE.NS,Reliance Industries
2023-04-21,1067.3753662109375,RELIANCE.NS,Reliance Industries
2023-04-24,1071.465087890625,RELIANCE.NS,Reliance Industries
2023-04-25,1079.666748046875,RELIANCE.NS,Reliance Industries
2023-04-26,1073.328125,RELIANCE.NS,Reliance Industries
2023-04-27,1080.121337890625,RELIANCE.NS,Reliance Industries
2023-04-28,1099.86474609375,RELIANCE.NS,Reliance Industries
2023-05-02,1109.2025146484375,RELIANCE.NS,Reliance Industries
2023-05-03,1099.6829833984375,RELIANCE.NS,Reliance Industries
2023-05-04,1112.360595703125,RELIANCE.NS,Reliance Industries
2023-05-05,1109.5205078125,RELIANCE.NS,Reliance Industries
2023-05-08,1123.220703125,RELIANCE.NS,Reliance Industries
2023-05-09,1126.6968994140625,RELIANCE.NS,Reliance Industries
2023-05-10,1134.4442138671875,RELIANCE.NS,Reliance Industries
2023-05-11,1127.03759765625,RELIANCE.NS,Reliance Industries
2023-05-12,1128.8779296875,RELIANCE.NS,Reliance Industries
2023-05-15,1131.1044921875,RELIANCE.NS,Reliance Industries
2023-05-16,1114.99609375,RELIANCE.NS,Reliance Industries
2023-05-17,1108.4073486328125,RELIANCE.NS,Reliance Industries
2023-05-18,1106.0218505859375,RELIANCE.NS,Reliance Industries
2023-05-19,1109.6114501953125,RELIANCE.NS,Reliance Industries
2023-05-22,1115.5413818359375,RELIANCE.NS,Reliance Industries
2023-05-23,1115.3369140625,RELIANCE.NS,Reliance Industries
2023-05-24,1108.8389892578125,RELIANCE.NS,Reliance Industries
2023-05-25,1108.70263671875,RELIANCE.NS,Reliance Industries
2023-05-26,1138.94287109375,RELIANCE.NS,Reliance Industries
2023-05-29,1145.349609375,RELIANCE.NS,Reliance Industries
2023-05-30,1145.0543212890625,RELIANCE.NS,Reliance Industries
2023-05-31,1122.3118896484375,RELIANCE.NS,Reliance Industries
2023-06-01,1119.2901611328125,RELIANCE.NS,Reliance Industries
2023-06-02,1115.6322021484375,RELIANCE.NS,Reliance Industries
2023-06-05,1125.6517333984375,RELIANCE.NS,Reliance Industries
2023-06-06,1126.6058349609375,RELIANCE.NS,Reliance Industries
2023-06-07,1135.1485595703125,RELIANCE.NS,Reliance Industries
2023-06-08,1135.830078125,RELIANCE.NS,Reliance Industries
2023-06-09,1127.7874755859375,RELIANCE.NS,Reliance Industries
2023-06-12,1128.7869873046875,RELIANCE.NS,Reliance Industries
2023-06-13,1145.4632568359375,RELIANCE.NS,Reliance Industries
2023-06-14,1159.549560546875,RELIANCE.NS,Reliance Industries
2023-06-15,1159.8677978515625,RELIANCE.NS,Reliance Industries
2023-06-16,1171.1595458984375,RELIANCE.NS,Reliance Industries
2023-06-19,1159.52685546875,RELIANCE.NS,Reliance Industries
2023-06-20,1161.9351806640625,RELIANCE.NS,Reliance Industries
2023-06-21,1165.206787109375,RELIANCE.NS,Reliance Industries
2023-06-22,1152.1202392578125,RELIANCE.NS,Reliance Industries
2023-06-23,1142.6915283203125,RELIANCE.NS,Reliance Industries
2023-06-26,1133.9671630859375,RELIANCE.NS,Reliance Industries
2023-06-27,1134.3760986328125,RELIANCE.NS,Reliance Industries
2023-06-28,1149.3939208984375,RELIANCE.NS,Reliance Industries
2023-06-30,1158.8226318359375,RELIANCE.NS,Reliance Industries
2023-07-03,1188.5628662109375,RELIANCE.NS,Reliance Industries
2023-07-04,1176.31689453125,RELIANCE.NS,Reliance Industries
2023-07-05,1174.3856201171875,RELIANCE.NS,Reliance Industries
2023-07-06,1199.0367431640625,RELIANCE.NS,Reliance Industries
2023-07-07,1196.6966552734375,RELIANCE.NS,Reliance Industries
2023-07-10,1242.794921875,RELIANCE.NS,Reliance Industries
2023-07-11,1256.2677001953125,RELIANCE.NS,Reliance Industries
2023-07-12,1257.653564453125,RELIANCE.NS,Reliance Industries
2023-07-13,1246.4073486328125,RELIANCE.NS,Reliance Industries
2023-07-14,1245.3623046875,RELIANCE.NS,Reliance Industries
2023-07-17,1270.8084716796875,RELIANCE.NS,Reliance Industries
2023-07-18,1281.6002197265625,RELIANCE.NS,Reliance Industries
2023-07-19,1291.3243408203125,RELIANCE.NS,Reliance Industries
2023-07-20,1289.760498046875,RELIANCE.NS,Reliance Industries
2023-07-21,1249.8345947265625,RELIANCE.NS,Reliance Industries
2023-07-24,1224.554931640625,RELIANCE.NS,Reliance Industries
2023-07-25,1223.767333984375,RELIANCE.NS,Reliance Industries
2023-07-26,1243.65625,RELIANCE.NS,Reliance Industries
2023-07-27,1232.087158203125,RELIANCE.NS,Reliance Industries
2023-07-28,1244.4686279296875,RELIANCE.NS,Reliance Industries
2023-07-31,1255.0037841796875,RELIANCE.NS,Reliance Industries
2023-08-01,1237.25634765625,RELIANCE.NS,Reliance Industries
2023-08-02,1224.0380859375,RELIANCE.NS,Reliance Industries
2023-08-03,1218.8934326171875,RELIANCE.NS,Reliance Industries
2023-08-04,1235.45947265625,RELIANCE.NS,Reliance Industries
2023-08-07,1242.4993896484375,RELIANCE.NS,Reliance Industries
2023-08-08,1235.016357421875,RELIANCE.NS,Reliance Industries
2023-08-09,1243.1640625,RELIANCE.NS,Reliance Industries
2023-08-10,1248.7025146484375,RELIANCE.NS,Reliance Industries
2023-08-11,1253.969970703125,RELIANCE.NS,Reliance Industries
2023-08-14,1268.788330078125,RELIANCE.NS,Reliance Industries
2023-08-16,1267.754638671875,RELIANCE.NS,Reliance Industries
2023-08-17,1249.46533203125,RELIANCE.NS,Reliance Industries
2023-08-18,1258.720703125,RELIANCE.NS,Reliance Industries
2023-08-21,1244.986328125,RELIANCE.NS,Reliance Industries
2023-08-22,1244.68994140625,RELIANCE.NS,Reliance Industries
2023-08-23,1246.0733642578125,RELIANCE.NS,Reliance Industries
2023-08-24,1225.1258544921875,RELIANCE.NS,Reliance Industries
2023-08-25,1219.4691162109375,RELIANCE.NS,Reliance Industries
2023-08-28,1207.315673828125,RELIANCE.NS,Reliance Industries
2023-08-29,1195.755126953125,RELIANCE.NS,Reliance Industries
2023-08-30,1194.6187744140625,RELIANCE.NS,Reliance Industries
2023-08-31,1189.1595458984375,RELIANCE.NS,Reliance Industries
2023-09-01,1191.950927734375,RELIANCE.NS,Reliance Industries
2023-09-04,1190.987548828125,RELIANCE.NS,Reliance Industries
2023-09-05,1197.36083984375,RELIANCE.NS,Reliance Industries
2023-09-06,1199.8802490234375,RELIANCE.NS,Reliance Industries
2023-09-07,1201.5107421875,RELIANCE.NS,Reliance Industries
2023-09-08,1209.51416015625,RELIANCE.NS,Reliance Industries
2023-09-11,1222.5570068359375,RELIANCE.NS,Reliance Industries
2023-09-12,1204.8948974609375,RELIANCE.NS,Reliance Industries
2023-09-13,1210.9222412109375,RELIANCE.NS,Reliance Industries
2023-09-14,1212.0338134765625,RELIANCE.NS,Reliance Industries
2023-09-15,1214.28173828125,RELIANCE.NS,Reliance Industries
2023-09-18,1203.7091064453125,RELIANCE.NS,Reliance Industries
2023-09-20,1176.8826904296875,RELIANCE.NS,Reliance Industries
2023-09-21,1168.31103515625,RELIANCE.NS,Reliance Industries
2023-09-22,1163.4447021484375,RELIANCE.NS,Reliance Industries
2023-09-25,1156.281005859375,RELIANCE.NS,Reliance Industries
2023-09-26,1157.2938232421875,RELIANCE.NS,Reliance Industries
2023-09-27,1170.336669921875,RELIANCE.NS,Reliance Industries
2023-09-28,1153.14404296875,RELIANCE.NS,Reliance Industries
2023-09-29,1158.529052734375,RELIANCE.NS,Reliance Industries
2023-10-03,1145.263916015625,RELIANCE.NS,Reliance Industries
2023-10-04,1143.287841796875,RELIANCE.NS,Reliance Industries
2023-10-05,1143.26318359375,RELIANCE.NS,Reliance Industries
2023-10-06,1145.1898193359375,RELIANCE.NS,Reliance Industries
2023-10-09,1135.4326171875,RELIANCE.NS,Reliance Industries
2023-10-10,1140.447021484375,RELIANCE.NS,Reliance Industries
2023-10-11,1158.5537109375,RELIANCE.NS,Reliance Industries
2023-10-12,1160.70263671875,RELIANCE.NS,Reliance Industries
2023-10-13,1160.6534423828125,RELIANCE.NS,Reliance Industries
2023-10-16,1158.0596923828125,RELIANCE.NS,Reliance Industries
2023-10-17,1163.5928955078125,RELIANCE.NS,Reliance Industries
2023-10-18,1148.154052734375,RELIANCE.NS,Reliance Industries
2023-10-19,1139.33544921875,RELIANCE.NS,Reliance Industries
2023-10-20,1135.8524169921875,RELIANCE.NS,Reliance Industries
2023-10-23,1118.1162109375,RELIANCE.NS,Reliance Industries
2023-10-25,1115.5225830078125,RELIANCE.NS,Reliance Industries
2023-10-26,1099.9849853515625,RELIANCE.NS,Reliance Industries
2023-10-27,1119.40087890625,RELIANCE.NS,Reliance Industries
2023-10-30,1142.47265625,RELIANCE.NS,Reliance Industries
2023-10-31,1130.3192138671875,RELIANCE.NS,Reliance Industries
2023-11-01,1135.0126953125,RELIANCE.NS,Reliance Industries
2023-11-02,1146.2767333984375,RELIANCE.NS,Reliance Industries
2023-11-03,1146.0296630859375,RELIANCE.NS,Reliance Industries
2023-11-06,1155.564697265625,RELIANCE.NS,Reliance Industries
2023-11-07,1148.0552978515625,RELIANCE.NS,Reliance Industries
2023-11-08,1154.033203125,RELIANCE.NS,Reliance Industries
2023-11-09,1141.50927734375,RELIANCE.NS,Reliance Industries
2023-11-10,1143.6583251953125,RELIANCE.NS,Reliance Industries
2023-11-13,1143.5101318359375,RELIANCE.NS,Reliance Industries
2023-11-15,1164.185791015625,RELIANCE.NS,Reliance Industries
2023-11-16,1166.285400390625,RELIANCE.NS,Reliance Industries
2023-11-17,1163.7410888671875,RELIANCE.NS,Reliance Industries
2023-11-20,1160.6781005859375,RELIANCE.NS,Reliance Industries
2023-11-21,1175.2769775390625,RELIANCE.NS,Reliance Industries
2023-11-22,1179.87158203125,RELIANCE.NS,Reliance Industries
2023-11-23,1183.47802734375,RELIANCE.NS,Reliance Industries
2023-11-24,1182.6875,RELIANCE.NS,Reliance Industries
2023-11-28,1182.9345703125,RELIANCE.NS,Reliance Industries
2023-11-29,1186.047119140625,RELIANCE.NS,Reliance Industries
2023-11-30,1174.5606689453125,RELIANCE.NS,Reliance Industries
2023-12-01,1182.8853759765625,RELIANCE.NS,Reliance Industries
2023-12-04,1195.6810302734375,RELIANCE.NS,Reliance Industries
2023-12-05,1204.3514404296875,RELIANCE.NS,Reliance Industries
2023-12-06,1215.887451171875,RELIANCE.NS,Reliance Industries
2023-12-07,1213.886474609375,RELIANCE.NS,Reliance Industries
2023-12-08,1213.244140625,RELIANCE.NS,Reliance Industries
2023-12-11,1215.0228271484375,RELIANCE.NS,Reliance Industries
2023-12-12,1197.5830078125,RELIANCE.NS,Reliance Industries
2023-12-13,1202.4739990234375,RELIANCE.NS,Reliance Industries
2023-12-14,1217.39404296875,RELIANCE.NS,Reliance Industries
2023-12-15,1232.9317626953125,RELIANCE.NS,Reliance Industries
2023-12-18,1245.4803466796875,RELIANCE.NS,Reliance Industries
2023-12-19,1263.8094482421875,RELIANCE.NS,Reliance Industries
2023-12-20,1248.518798828125,RELIANCE.NS,Reliance Industries
2023-12-21,1266.0079345703125,RELIANCE.NS,Reliance Industries
2023-12-22,1267.2430419921875,RELIANCE.NS,Reliance Industries
2023-12-26,1273.6656494140625,RELIANCE.NS,Reliance Industries
2023-12-27,1278.01318359375,RELIANCE.NS,Reliance Industries
2023-12-28,1287.2518310546875,RELIANCE.NS,Reliance Industries
2023-12-29,1277.074462890625,RELIANCE.NS,Reliance Industries
2024-01-01,1279.69287109375,RELIANCE.NS,Reliance Industries
2024-01-02,1290.2900390625,RELIANCE.NS,Reliance Industries
2024-01-03,1276.2593994140625,RELIANCE.NS,Reliance Industries
2024-01-04,1282.8546142578125,RELIANCE.NS,Reliance Industries
2024-01-05,1288.3138427734375,RELIANCE.NS,Reliance Industries
2024-01-08,1278.26025390625,RELIANCE.NS,Reliance Industries
2024-01-09,1274.8759765625,RELIANCE.NS,Reliance Industries
2024-01-10,1309.2613525390625,RELIANCE.NS,Reliance Industries
2024-01-11,1343.6961669921875,RELIANCE.NS,Reliance Industries
2024-01-12,1354.39208984375,RELIANCE.NS,Reliance Industries
2024-01-15,1377.5130615234375,RELIANCE.NS,Reliance Industries
2024-01-16,1358.24560546875,RELIANCE.NS,Reliance Industries
2024-01-17,1345.35107421875,RELIANCE.NS,Reliance Industries
2024-01-18,1351.6500244140625,RELIANCE.NS,Reliance Industries
2024-01-19,1351.156005859375,RELIANCE.NS,Reliance Industries
2024-01-23,1312.7442626953125,RELIANCE.NS,Reliance Industries
2024-01-24,1327.862060546875,RELIANCE.NS,Reliance Industries
2024-01-25,1336.9522705078125,RELIANCE.NS,Reliance Industries
2024-01-29,1430.795654296875,RELIANCE.NS,Reliance Industries
2024-01-30,1390.8524169921875,RELIANCE.NS,Reliance Industries
2024-01-31,1409.6258544921875,RELIANCE.NS,Reliance Industries
2024-02-01,1409.650634765625,RELIANCE.NS,Reliance Industries
2024-02-02,1440.3306884765625,RELIANCE.NS,Reliance Industries
2024-02-05,1421.8782958984375,RELIANCE.NS,Reliance Industries
2024-02-06,1410.7869873046875,RELIANCE.NS,Reliance Industries
2024-02-07,1424.966064453125,RELIANCE.NS,Reliance Industries
2024-02-08,1432.845947265625,RELIANCE.NS,Reliance Industries
2024-02-09,1443.3443603515625,RELIANCE.NS,Reliance Industries
2024-02-12,1435.04443359375,RELIANCE.NS,Reliance Industries
2024-02-13,1447.6424560546875,RELIANCE.NS,Reliance Industries
2024-02-14,1463.7235107421875,RELIANCE.NS,Reliance Industries
2024-02-15,1453.076904296875,RELIANCE.NS,Reliance Industries
2024-02-16,1443.17138671875,RELIANCE.NS,Reliance Industries
2024-02-19,1456.4365234375,RELIANCE.NS,Reliance Industries
2024-02-20,1453.4969482421875,RELIANCE.NS,Reliance Industries
2024-02-21,1450.2115478515625,RELIANCE.NS,Reliance Industries
2024-02-22,1464.0941162109375,RELIANCE.NS,Reliance Industries
2024-02-23,1475.82763671875,RELIANCE.NS,Reliance Industries
2024-02-26,1469.6026611328125,RELIANCE.NS,Reliance Industries
2024-02-27,1467.94775390625,RELIANCE.NS,Reliance Industries
2024-02-28,1438.280517578125,RELIANCE.NS,Reliance Industries
2024-02-29,1443.3939208984375,RELIANCE.NS,Reliance Industries
2024-03-01,1474.3455810546875,RELIANCE.NS,Reliance Industries
2024-03-04,1489.4384765625,RELIANCE.NS,Reliance Industries
2024-03-05,1482.32421875,RELIANCE.NS,Reliance Industries
2024-03-06,1485.0909423828125,RELIANCE.NS,Reliance Industries
2024-03-07,1461.3028564453125,RELIANCE.NS,Reliance Industries
2024-03-11,1449.1246337890625,RELIANCE.NS,Reliance Industries
2024-03-12,1457.844482421875,RELIANCE.NS,Reliance Industries
2024-03-13,1415.10986328125,RELIANCE.NS,Reliance Industries
2024-03-14,1414.4180908203125,RELIANCE.NS,Reliance Industries
2024-03-15,1401.3260498046875,RELIANCE.NS,Reliance Industries
2024-03-18,1422.32275390625,RELIANCE.NS,Reliance Industries
2024-03-19,1408.267333984375,RELIANCE.NS,Reliance Industries
2024-03-20,1426.5469970703125,RELIANCE.NS,Reliance Industries
2024-03-21,1433.6856689453125,RELIANCE.NS,Reliance Industries
2024-03-22,1437.6875,RELIANCE.NS,Reliance Industries
2024-03-26,1424.3978271484375,RELIANCE.NS,Reliance Industries
2024-03-27,1475.061767578125,RELIANCE.NS,Reliance Industries
2024-03-28,1468.1451416015625,RELIANCE.NS,Reliance Industries
2024-04-01,1467.0831298828125,RELIANCE.NS,Reliance Industries
2024-04-02,1469.2320556640625,RELIANCE.NS,Reliance Industries
2024-04-03,1454.0650634765625,RELIANCE.NS,Reliance Industries
2024-04-04,1445.4935302734375,RELIANCE.NS,Reliance Industries
2024-04-05,1442.7020263671875,RELIANCE.NS,Reliance Industries
2024-04-08,1468.268798828125,RELIANCE.NS,Reliance Industries
2024-04-09,1446.209716796875,RELIANCE.NS,Reliance Industries
2024-04-10,1461.945068359375,RELIANCE.NS,Reliance Industries
2024-04-12,1449.6680908203125,RELIANCE.NS,Reliance Industries
2024-04-15,1447.3707275390625,RELIANCE.NS,Reliance Industries
2024-04-16,1448.2847900390625,RELIANCE.NS,Reliance Industries
2024-04-18,1446.876708984375,RELIANCE.NS,Reliance Industries
2024-04-19,1452.6075439453125,RELIANCE.NS,Reliance Industries
2024-04-22,1462.2166748046875,RELIANCE.NS,Reliance Industries
2024-04-23,1441.936279296875,RELIANCE.NS,Reliance Industries
2024-04-24,1432.895263671875,RELIANCE.NS,Reliance Industries
2024-04-25,1442.5784912109375,RELIANCE.NS,Reliance Industries
2024-04-26,1435.2420654296875,RELIANCE.NS,Reliance Industries
2024-04-29,1447.5684814453125,RELIANCE.NS,Reliance Industries
2024-04-30,1449.5198974609375,RELIANCE.NS,Reliance Industries
2024-05-02,1449.0753173828125,RELIANCE.NS,Reliance Industries
2024-05-03,1416.9130859375,RELIANCE.NS,Reliance Industries
2024-05-06,1402.610595703125,RELIANCE.NS,Reliance Industries
2024-05-07,1384.7755126953125,RELIANCE.NS,Reliance Industries
2024-05-08,1401.647216796875,RELIANCE.NS,Reliance Industries
2024-05-09,1377.5130615234375,RELIANCE.NS,Reliance Industries
2024-05-10,1390.65478515625,RELIANCE.NS,Reliance Industries
2024-05-13,1385.9859619140625,RELIANCE.NS,Reliance Industries
2024-05-14,1403.1539306640625,RELIANCE.NS,Reliance Industries
2024-05-15,1399.3992919921875,RELIANCE.NS,Reliance Industries
2024-05-16,1408.3660888671875,RELIANCE.NS,Reliance Industries
2024-05-17,1418.5927734375,RELIANCE.NS,Reliance Industries
2024-05-21,1419.0126953125,RELIANCE.NS,Reliance Industries
2024-05-22,1443.24560546875,RELIANCE.NS,Reliance Industries
2024-05-23,1468.343017578125,RELIANCE.NS,Reliance Industries
2024-05-24,1462.6119384765625,RELIANCE.NS,Reliance Industries
2024-05-27,1448.77880859375,RELIANCE.NS,Reliance Industries
2024-05-28,1438.8485107421875,RELIANCE.NS,Reliance Industries
2024-05-29,1423.607421875,RELIANCE.NS,Reliance Industries
2024-05-30,1407.8720703125,RELIANCE.NS,Reliance Industries
2024-05-31,1413.3560791015625,RELIANCE.NS,Reliance Industries
2024-06-03,1492.32861328125,RELIANCE.NS,Reliance Industries
2024-06-04,1380.625732421875,RELIANCE.NS,Reliance Industries
2024-06-05,1403.821044921875,RELIANCE.NS,Reliance Industries
2024-06-06,1414.541748046875,RELIANCE.NS,Reliance Industries
2024-06-07,1452.4346923828125,RELIANCE.NS,Reliance Industries
2024-06-10,1453.867431640625,RELIANCE.NS,Reliance Industries
2024-06-11,1439.3179931640625,RELIANCE.NS,Reliance Industries
2024-06-12,1445.888671875,RELIANCE.NS,Reliance Industries
2024-06-13,1447.7906494140625,RELIANCE.NS,Reliance Industries
2024-06-14,1459.944091796875,RELIANCE.NS,Reliance Industries
2024-06-18,1463.3778076171875,RELIANCE.NS,Reliance Industries
2024-06-19,1441.2694091796875,RELIANCE.NS,Reliance Industries
2024-06-20,1456.139892578125,RELIANCE.NS,Reliance Industries
2024-06-21,1436.8724365234375,RELIANCE.NS,Reliance Industries
2024-06-24,1424.2989501953125,RELIANCE.NS,Reliance Industries
2024-06-25,1436.8228759765625,RELIANCE.NS,Reliance Industries
2024-06-26,1495.9844970703125,RELIANCE.NS,Reliance Industries
2024-06-27,1512.3126220703125,RELIANCE.NS,Reliance Industries
2024-06-28,1546.7474365234375,RELIANCE.NS,Reliance Industries
2024-07-01,1541.5599365234375,RELIANCE.NS,Reliance Industries
2024-07-02,1546.525146484375,RELIANCE.NS,Reliance Industries
2024-07-03,1533.927001953125,RELIANCE.NS,Reliance Industries
2024-07-04,1535.5079345703125,RELIANCE.NS,Reliance Industries
2024-07-05,1569.695556640625,RELIANCE.NS,Reliance Industries
2024-07-08,1581.824462890625,RELIANCE.NS,Reliance Industries
2024-07-09,1571.3260498046875,RELIANCE.NS,Reliance Industries
2024-07-10,1565.3480224609375,RELIANCE.NS,Reliance Industries
2024-07-11,1561.815673828125,RELIANCE.NS,Reliance Industries
2024-07-12,1577.6990966796875,RELIANCE.NS,Reliance Industries
2024-07-15,1578.193115234375,RELIANCE.NS,Reliance Industries
2024-07-16,1557.4681396484375,RELIANCE.NS,Reliance Industries
2024-07-18,1567.76904296875,RELIANCE.NS,Reliance Industries
2024-07-19,1536.61962890625,RELIANCE.NS,Reliance Industries
2024-07-22,1482.7935791015625,RELIANCE.NS,Reliance Industries
2024-07-23,1470.1708984375,RELIANCE.NS,Reliance Industries
2024-07-24,1477.8779296875,RELIANCE.NS,Reliance Industries
2024-07-25,1474.6171875,RELIANCE.NS,Reliance Industries
2024-07-26,1491.044189453125,RELIANCE.NS,Reliance Industries
2024-07-29,1501.987060546875,RELIANCE.NS,Reliance Industries
2024-07-30,1495.1199951171875,RELIANCE.NS,Reliance Industries
2024-07-31,1487.487060546875,RELIANCE.NS,Reliance Industries
2024-08-01,1497.244384765625,RELIANCE.NS,Reliance Industries
2024-08-02,1481.4595947265625,RELIANCE.NS,Reliance Industries
2024-08-05,1430.079345703125,RELIANCE.NS,Reliance Industries
2024-08-06,1438.700439453125,RELIANCE.NS,Reliance Industries
2024-08-07,1447.3707275390625,RELIANCE.NS,Reliance Industries
2024-08-08,1431.8577880859375,RELIANCE.NS,Reliance Industries
2024-08-09,1456.7330322265625,RELIANCE.NS,Reliance Industries
2024-08-12,1443.220703125,RELIANCE.NS,Reliance Industries
2024-08-13,1446.18505859375,RELIANCE.NS,Reliance Industries
2024-08-14,1444.4312744140625,RELIANCE.NS,Reliance Industries
2024-08-16,1460.58642578125,RELIANCE.NS,Reliance Industries
2024-08-19,1475.65625,RELIANCE.NS,Reliance Industries
2024-08-20,1483.1416015625,RELIANCE.NS,Reliance Industries
2024-08-21,1485.8433837890625,RELIANCE.NS,Reliance Industries
2024-08-22,1485.2979736328125,RELIANCE.NS,Reliance Industries
2024-08-23,1487.1322021484375,RELIANCE.NS,Reliance Industries
2024-08-26,1499.6490478515625,RELIANCE.NS,Reliance Industries
2024-08-27,1487.6031494140625,RELIANCE.NS,Reliance Industries
2024-08-28,1485.4715576171875,RELIANCE.NS,Reliance Industries
2024-08-29,1507.90283203125,RELIANCE.NS,Reliance Industries
2024-08-30,1496.6995849609375,RELIANCE.NS,Reliance Industries
2024-09-02,1503.267822265625,RELIANCE.NS,Reliance Industries
2024-09-03,1496.203857421875,RELIANCE.NS,Reliance Industries
2024-09-04,1501.5823974609375,RELIANCE.NS,Reliance Industries
2024-09-05,1480.192138671875,RELIANCE.NS,Reliance Industries
2024-09-06,1452.2830810546875,RELIANCE.NS,Reliance Industries
2024-09-09,1449.9283447265625,RELIANCE.NS,Reliance Industries
2024-09-10,1449.0113525390625,RELIANCE.NS,Reliance Industries
2024-09-11,1439.0721435546875,RELIANCE.NS,Reliance Industries
2024-09-12,1467.1298828125,RELIANCE.NS,Reliance Industries
2024-09-13,1460.016357421875,RELIANCE.NS,Reliance Industries
2024-09-16,1458.752197265625,RELIANCE.NS,Reliance Industries
2024-09-17,1459.6942138671875,RELIANCE.NS,Reliance Industries
2024-09-18,1450.919921875,RELIANCE.NS,Reliance Industries
2024-09-19,1457.0916748046875,RELIANCE.NS,Reliance Industries
2024-09-20,1473.2025146484375,RELIANCE.NS,Reliance Industries
2024-09-23,1480.5887451171875,RELIANCE.NS,Reliance Industries
2024-09-24,1476.6229248046875,RELIANCE.NS,Reliance Industries
2024-09-25,1481.15869140625,RELIANCE.NS,Reliance Industries
2024-09-26,1485.12451171875,RELIANCE.NS,Reliance Industries
2024-09-27,1513.10791015625,RELIANCE.NS,Reliance Industries
2024-09-30,1463.9324951171875,RELIANCE.NS,Reliance Industries
2024-10-01,1452.2830810546875,RELIANCE.NS,Reliance Industries
2024-10-03,1394.928466796875,RELIANCE.NS,Reliance Industries
2024-10-04,1374.653564453125,RELIANCE.NS,Reliance Industries
2024-10-07,1358.9888916015625,RELIANCE.NS,Reliance Industries
2024-10-08,1385.3858642578125,RELIANCE.NS,Reliance Industries
2024-10-09,1362.8306884765625,RELIANCE.NS,Reliance Industries
2024-10-10,1359.31103515625,RELIANCE.NS,Reliance Industries
2024-10-11,1360.35205078125,RELIANCE.NS,Reliance Industries
2024-10-14,1360.7734375,RELIANCE.NS,Reliance Industries
2024-10-15,1332.5174560546875,RELIANCE.NS,Reliance Industries
2024-10-16,1342.4813232421875,RELIANCE.NS,Reliance Industries
2024-10-17,1344.811279296875,RELIANCE.NS,Reliance Industries
2024-10-18,1347.66162109375,RELIANCE.NS,Reliance Industries
2024-10-21,1357.476806640625,RELIANCE.NS,Reliance Industries
2024-10-22,1331.8482666015625,RELIANCE.NS,Reliance Industries
2024-10-23,1327.0645751953125,RELIANCE.NS,Reliance Industries
2024-10-24,1328.3287353515625,RELIANCE.NS,Reliance Industries
2024-10-25,1316.4808349609375,RELIANCE.NS,Reliance Industries
2024-10-28,1322.9251708984375,RELIANCE.NS,Reliance Industries
2024-10-29,1328.52685546875,RELIANCE.NS,Reliance Industries
2024-10-30,1332.3935546875,RELIANCE.NS,Reliance Industries
2024-10-31,1320.64501953125,RELIANCE.NS,Reliance Industries
2024-11-01,1327.1884765625,RELIANCE.NS,Reliance Industries
2024-11-04,1291.0009765625,RELIANCE.NS,Reliance Industries
2024-11-05,1294.1240234375,RELIANCE.NS,Reliance Industries
2024-11-06,1314.002197265625,RELIANCE.NS,Reliance Industries
2024-11-07,1294.470947265625,RELIANCE.NS,Reliance Industries
2024-11-08,1272.758544921875,RELIANCE.NS,Reliance Industries
2024-11-11,1261.802978515625,RELIANCE.NS,Reliance Industries
2024-11-12,1263.33984375,RELIANCE.NS,Reliance Industries
2024-11-13,1241.3299560546875,RELIANCE.NS,Reliance Industries
2024-11-14,1256.746826171875,RELIANCE.NS,Reliance Industries
2024-11-18,1249.9554443359375,RELIANCE.NS,Reliance Industries
2024-11-19,1231.0189208984375,RELIANCE.NS,Reliance Industries
2024-11-21,1212.528564453125,RELIANCE.NS,Reliance Industries
2024-11-22,1254.565673828125,RELIANCE.NS,Reliance Industries
2024-11-25,1275.9805908203125,RELIANCE.NS,Reliance Industries
2024-11-26,1284.6060791015625,RELIANCE.NS,Reliance Industries
2024-11-27,1282.1275634765625,RELIANCE.NS,Reliance Industries
2024-11-28,1259.91943359375,RELIANCE.NS,Reliance Industries
2024-11-29,1281.1361083984375,RELIANCE.NS,Reliance Industries
2024-12-02,1297.9410400390625,RELIANCE.NS,Reliance Industries
2024-12-03,1311.969970703125,RELIANCE.NS,Reliance Industries
2024-12-04,1297.74267578125,RELIANCE.NS,Reliance Industries
2024-12-05,1310.7305908203125,RELIANCE.NS,Reliance Industries
2024-12-06,1300.320556640625,RELIANCE.NS,Reliance Industries
2024-12-09,1284.0609130859375,RELIANCE.NS,Reliance Industries
2024-12-10,1273.8489990234375,RELIANCE.NS,Reliance Industries
2024-12-11,1267.2559814453125,RELIANCE.NS,Reliance Industries
2024-12-12,1252.0870361328125,RELIANCE.NS,Reliance Industries
2024-12-13,1261.9517822265625,RELIANCE.NS,Reliance Industries
2024-12-16,1257.4407958984375,RELIANCE.NS,Reliance Industries
2024-12-17,1234.6378173828125,RELIANCE.NS,Reliance Industries
2024-12-18,1242.5196533203125,RELIANCE.NS,Reliance Industries
2024-12-19,1219.914794921875,RELIANCE.NS,Reliance Industries
2024-12-20,1194.9803466796875,RELIANCE.NS,Reliance Industries
2024-12-23,1211.834716796875,RELIANCE.NS,Reliance Industries
2024-12-24,1212.2808837890625,RELIANCE.NS,Reliance Industries
2024-12-26,1206.1339111328125,RELIANCE.NS,Reliance Industries
2024-12-27,1210.595458984375,RELIANCE.NS,Reliance Industries
2024-12-30,1200.3338623046875,RELIANCE.NS,Reliance Industries
2024-12-31,1205.043212890625,RELIANCE.NS,Reliance Industries
2025-01-01,1210.7935791015625,RELIANCE.NS,Reliance Industries
2025-01-02,1231.167724609375,RELIANCE.NS,Reliance Industries
2025-01-03,1240.4376220703125,RELIANCE.NS,Reliance Industries
2025-01-06,1207.571533203125,RELIANCE.NS,Reliance Industries
2025-01-07,1230.2257080078125,RELIANCE.NS,Reliance Industries
2025-01-08,1254.664794921875,RELIANCE.NS,Reliance Industries
2025-01-09,1244.0068359375,RELIANCE.NS,Reliance Industries
2025-01-10,1231.266845703125,RELIANCE.NS,Reliance Industries
2025-01-13,1229.234375,RELIANCE.NS,Reliance Industries
2025-01-14,1228.143798828125,RELIANCE.NS,Reliance Industries
2025-01-15,1241.478515625,RELIANCE.NS,Reliance Industries
2025-01-16,1255.6065673828125,RELIANCE.NS,Reliance Industries
2025-01-17,1291.19921875,RELIANCE.NS,Reliance Industries
2025-01-20,1294.272705078125,RELIANCE.NS,Reliance Industries
2025-01-21,1262.7945556640625,RELIANCE.NS,Reliance Industries
2025-01-22,1266.16552734375,RELIANCE.NS,Reliance Industries
2025-01-23,1252.8306884765625,RELIANCE.NS,Reliance Industries
2025-01-24,1235.6292724609375,RELIANCE.NS,Reliance Industries
2025-01-27,1218.82421875,RELIANCE.NS,Reliance Industries
2025-01-28,1223.8310546875,RELIANCE.NS,Reliance Industries
2025-01-29,1224.921630859375,RELIANCE.NS,Reliance Industries
2025-01-30,1242.3214111328125,RELIANCE.NS,Reliance Industries
2025-01-31,1254.2681884765625,RELIANCE.NS,Reliance Industries
2025-02-01,1253.7724609375,RELIANCE.NS,Reliance Industries
2025-02-03,1235.232666015625,RELIANCE.NS,Reliance Industries
2025-02-04,1274.196044921875,RELIANCE.NS,Reliance Industries
2025-02-05,1267.2559814453125,RELIANCE.NS,Reliance Industries
2025-02-06,1270.577392578125,RELIANCE.NS,Reliance Industries
2025-02-07,1255.8544921875,RELIANCE.NS,Reliance Industries
2025-02-10,1242.916259765625,RELIANCE.NS,Reliance Industries
2025-02-11,1224.2772216796875,RELIANCE.NS,Reliance Industries
2025-02-12,1206.1339111328125,RELIANCE.NS,Reliance Industries
2025-02-13,1205.6876220703125,RELIANCE.NS,Reliance Industries
2025-02-14,1206.827880859375,RELIANCE.NS,Reliance Industries
2025-02-17,1214.4124755859375,RELIANCE.NS,Reliance Industries
2025-02-18,1214.908203125,RELIANCE.NS,Reliance Industries
2025-02-19,1216.9404296875,RELIANCE.NS,Reliance Industries
2025-02-20,1222.4429931640625,RELIANCE.NS,Reliance Industries
2025-02-21,1217.634521484375,RELIANCE.NS,Reliance Industries
2025-02-24,1204.151123046875,RELIANCE.NS,Reliance Industries
2025-02-25,1193.69140625,RELIANCE.NS,Reliance Industries
2025-02-27,1196.7647705078125,RELIANCE.NS,Reliance Industries
2025-02-28,1189.82470703125,RELIANCE.NS,Reliance Industries
2025-03-03,1161.2216796875,RELIANCE.NS,Reliance Industries
2025-03-04,1151.9517822265625,RELIANCE.NS,Reliance Industries
2025-03-05,1165.534423828125,RELIANCE.NS,Reliance Industries
2025-03-06,1199.2432861328125,RELIANCE.NS,Reliance Industries
2025-03-07,1239.0992431640625,RELIANCE.NS,Reliance Industries
2025-03-10,1227.796875,RELIANCE.NS,Reliance Industries
2025-03-11,1236.62060546875,RELIANCE.NS,Reliance Industries
2025-03-12,1246.2872314453125,RELIANCE.NS,Reliance Industries
2025-03-13,1237.2154541015625,RELIANCE.NS,Reliance Industries
2025-03-17,1228.242919921875,RELIANCE.NS,Reliance Industries
2025-03-18,1228.242919921875,RELIANCE.NS,Reliance Industries
2025-03-19,1236.471923828125,RELIANCE.NS,Reliance Industries
2025-03-20,1258.283447265625,RELIANCE.NS,Reliance Industries
2025-03-21,1265.421875,RELIANCE.NS,Reliance Industries
2025-03-24,1290.951416015625,RELIANCE.NS,Reliance Industries
2025-03-25,1274.4439697265625,RELIANCE.NS,Reliance Industries
2025-03-26,1262.150146484375,RELIANCE.NS,Reliance Industries
2025-03-27,1267.2559814453125,RELIANCE.NS,Reliance Industries
2025-03-28,1264.1824951171875,RELIANCE.NS,Reliance Industries
2025-04-01,1241.8751220703125,RELIANCE.NS,Reliance Industries
2025-04-02,1240.4376220703125,RELIANCE.NS,Reliance Industries
2025-04-03,1238.008544921875,RELIANCE.NS,Reliance Industries
2025-04-04,1194.38525390625,RELIANCE.NS,Reliance Industries
2025-04-07,1155.71923828125,RELIANCE.NS,Reliance Industries
2025-04-08,1172.0780029296875,RELIANCE.NS,Reliance Industries
2025-04-09,1175.2010498046875,RELIANCE.NS,Reliance Industries
2025-04-11,1208.5133056640625,RELIANCE.NS,Reliance Industries
2025-04-15,1229.4822998046875,RELIANCE.NS,Reliance Industries
2025-04-16,1228.689208984375,RELIANCE.NS,Reliance Industries
2025-04-17,1263.5877685546875,RELIANCE.NS,Reliance Industries
2025-04-21,1284.407958984375,RELIANCE.NS,Reliance Industries
2025-04-22,1280.1446533203125,RELIANCE.NS,Reliance Industries
2025-04-23,1288.869384765625,RELIANCE.NS,Reliance Industries
2025-04-24,1290.4556884765625,RELIANCE.NS,Reliance Industries
2025-04-25,1289.2659912109375,RELIANCE.NS,Reliance Industries
2025-04-28,1357.080322265625,RELIANCE.NS,Reliance Industries
2025-04-29,1387.7156982421875,RELIANCE.NS,Reliance Industries
2025-04-30,1392.9703369140625,RELIANCE.NS,Reliance Industries
2025-05-02,1407.6436767578125,RELIANCE.NS,Reliance Industries
2025-05-05,1419.0452880859375,RELIANCE.NS,Reliance Industries
2025-05-06,1408.7342529296875,RELIANCE.NS,Reliance Industries
2025-05-07,1393.9617919921875,RELIANCE.NS,Reliance Industries
2025-05-08,1394.9532470703125,RELIANCE.NS,Reliance Industries
2025-05-09,1365.408447265625,RELIANCE.NS,Reliance Industries
2025-05-12,1424.20068359375,RELIANCE.NS,Reliance Industries
2025-05-13,1403.5787353515625,RELIANCE.NS,Reliance Industries
2025-05-14,1412.2042236328125,RELIANCE.NS,Reliance Industries
2025-05-15,1441.7491455078125,RELIANCE.NS,Reliance Industries
2025-05-16,1443.9302978515625,RELIANCE.NS,Reliance Industries
2025-05-19,1428.4638671875,RELIANCE.NS,Reliance Industries
2025-05-20,1412.402587890625,RELIANCE.NS,Reliance Industries
2025-05-21,1416.963134765625,RELIANCE.NS,Reliance Industries
2025-05-22,1397.332763671875,RELIANCE.NS,Reliance Industries
2025-05-23,1414.5838623046875,RELIANCE.NS,Reliance Industries
2025-05-26,1422.5152587890625,RELIANCE.NS,Reliance Industries
2025-05-27,1409.9239501953125,RELIANCE.NS,Reliance Industries
2025-05-28,1400.802734375,RELIANCE.NS,Reliance Industries
2025-05-29,1405.660888671875,RELIANCE.NS,Reliance Industries
2025-05-30,1408.7342529296875,RELIANCE.NS,Reliance Industries
2025-06-02,1401.5958251953125,RELIANCE.NS,Reliance Industries
2025-06-03,1393.4661865234375,RELIANCE.NS,Reliance Industries
2025-06-04,1411.31201171875,RELIANCE.NS,Reliance Industries
2025-06-05,1430.0501708984375,RELIANCE.NS,Reliance Industries
2025-06-06,1431.1407470703125,RELIANCE.NS,Reliance Industries
2025-06-09,1436.3953857421875,RELIANCE.NS,Reliance Industries
2025-06-10,1426.1834716796875,RELIANCE.NS,Reliance Industries
2025-06-11,1436.4945068359375,RELIANCE.NS,Reliance Industries
2025-06-12,1429.257080078125,RELIANCE.NS,Reliance Industries
2025-06-13,1415.67431640625,RELIANCE.NS,Reliance Industries
2025-06-16,1425.4896240234375,RELIANCE.NS,Reliance Industries
2025-06-17,1418.946044921875,RELIANCE.NS,Reliance Industries
2025-06-18,1417.85546875,RELIANCE.NS,Reliance Industries
2025-06-19,1421.0281982421875,RELIANCE.NS,Reliance Industries
2025-06-20,1453.6463623046875,RELIANCE.NS,Reliance Industries
2025-06-23,1444.326904296875,RELIANCE.NS,Reliance Industries
2025-06-24,1438.3782958984375,RELIANCE.NS,Reliance Industries
2025-06-25,1454.737060546875,RELIANCE.NS,Reliance Industries
2025-06-26,1482.497314453125,RELIANCE.NS,Reliance Industries
2025-06-27,1502.4251708984375,RELIANCE.NS,Reliance Industries
2025-06-30,1487.7518310546875,RELIANCE.NS,Reliance Industries
2025-07-01,1515.3138427734375,RELIANCE.NS,Reliance Industries
2025-07-02,1505.7960205078125,RELIANCE.NS,Reliance Industries
2025-07-03,1504.8046875,RELIANCE.NS,Reliance Industries
2025-07-04,1514.223388671875,RELIANCE.NS,Reliance Industries
2025-07-07,1528.3016357421875,RELIANCE.NS,Reliance Industries
2025-07-08,1524.4349365234375,RELIANCE.NS,Reliance Industries
2025-07-09,1505.9942626953125,RELIANCE.NS,Reliance Industries
2025-07-10,1504.2095947265625,RELIANCE.NS,Reliance Industries
2025-07-11,1482.3980712890625,RELIANCE.NS,Reliance Industries
2025-07-14,1470.9964599609375,RELIANCE.NS,Reliance Industries
2025-07-15,1472.6820068359375,RELIANCE.NS,Reliance Industries
2025-07-16,1472.8802490234375,RELIANCE.NS,Reliance Industries
2025-07-17,1463.7591552734375,RELIANCE.NS,Reliance Industries
2025-07-18,1463.362548828125,RELIANCE.NS,Reliance Industries
2025-07-21,1416.3682861328125,RELIANCE.NS,Reliance Industries
2025-07-22,1400.70361328125,RELIANCE.NS,Reliance Industries
2025-07-23,1412.402587890625,RELIANCE.NS,Reliance Industries
2025-07-24,1390.888427734375,RELIANCE.NS,Reliance Industries
2025-07-25,1379.7841796875,RELIANCE.NS,Reliance Industries
2025-07-28,1375.71923828125,RELIANCE.NS,Reliance Industries
2025-07-29,1404.9666748046875,RELIANCE.NS,Reliance Industries
2025-07-30,1398.026611328125,RELIANCE.NS,Reliance Industries
2025-07-31,1378.2969970703125,RELIANCE.NS,Reliance Industries
2025-08-01,1381.76708984375,RELIANCE.NS,Reliance Industries
2025-08-04,1399.4146728515625,RELIANCE.NS,Reliance Industries
2025-08-05,1379.7841796875,RELIANCE.NS,Reliance Industries
2025-08-06,1380.874755859375,RELIANCE.NS,Reliance Industries
2025-08-07,1377.5040283203125,RELIANCE.NS,Reliance Industries
2025-08-08,1356.0888671875,RELIANCE.NS,Reliance Industries
2025-08-11,1374.331298828125,RELIANCE.NS,Reliance Industries
2025-08-12,1368.5810546875,RELIANCE.NS,Reliance Industries
2025-08-13,1370.7620849609375,RELIANCE.NS,Reliance Industries
2025-08-14,1367.4774169921875,RELIANCE.NS,Reliance Industries
2025-08-18,1375.3409423828125,RELIANCE.NS,Reliance Industries
2025-08-19,1413.564208984375,RELIANCE.NS,Reliance Industries
2025-08-20,1406.4969482421875,RELIANCE.NS,Reliance Industries
2025-08-21,1418.24267578125,RELIANCE.NS,Reliance Industries
2025-08-22,1402.71435546875,RELIANCE.NS,Reliance Industries
2025-08-25,1406.0987548828125,RELIANCE.NS,Reliance Industries
2025-08-26,1378.5262451171875,RELIANCE.NS,Reliance Industries
2025-08-28,1379.521728515625,RELIANCE.NS,Reliance Industries
2025-08-29,1350.9537353515625,RELIANCE.NS,Reliance Industries
2025-09-01,1347.6689453125,RELIANCE.NS,Reliance Industries
2025-09-02,1360.2109375,RELIANCE.NS,Reliance Industries
2025-09-03,1366.2828369140625,RELIANCE.NS,Reliance Industries
2025-09-04,1353.0440673828125,RELIANCE.NS,Reliance Industries
2025-09-05,1368.671875,RELIANCE.NS,Reliance Industries
2025-09-08,1372.15576171875,RELIANCE.NS,Reliance Industries
2025-09-09,1369.8662109375,RELIANCE.NS,Reliance Industries
2025-09-10,1370.66259765625,RELIANCE.NS,Reliance Industries
2025-09-11,1376.9337158203125,RELIANCE.NS,Reliance Industries
2025-09-12,1388.579833984375,RELIANCE.NS,Reliance Industries
2025-09-15,1392.8599853515625,RELIANCE.NS,Reliance Industries
2025-09-16,1398.8323974609375,RELIANCE.NS,Reliance Industries
2025-09-17,1407.2933349609375,RELIANCE.NS,Reliance Industries
2025-09-18,1408.4876708984375,RELIANCE.NS,Reliance Industries
2025-09-19,1400.9227294921875,RELIANCE.NS,Reliance Industries
2025-09-22,1384.199951171875,RELIANCE.NS,Reliance Industries
2025-09-23,1383.40380859375,RELIANCE.NS,Reliance Industries
2025-09-24,1376.635009765625,RELIANCE.NS,Reliance Industries
2025-09-25,1366.0838623046875,RELIANCE.NS,Reliance Industries
2025-09-26,1371.2598876953125,RELIANCE.NS,Reliance Industries
2025-09-29,1366.48193359375,RELIANCE.NS,Reliance Industries
2025-09-30,1357.722412109375,RELIANCE.NS,Reliance Industries
2025-10-01,1362.4007568359375,RELIANCE.NS,Reliance Industries
2025-10-03,1357.125244140625,RELIANCE.NS,Reliance Industries
2025-10-06,1368.671875,RELIANCE.NS,Reliance Industries
2025-10-07,1378.4267578125,RELIANCE.NS,Reliance Industries
2025-10-08,1361.1068115234375,RELIANCE.NS,Reliance Industries
2025-10-09,1371.458984375,RELIANCE.NS,Reliance Industries
2025-10-10,1375.3409423828125,RELIANCE.NS,Reliance Industries
2025-10-13,1368.671875,RELIANCE.NS,Reliance Industries
2025-10-14,1369.5677490234375,RELIANCE.NS,Reliance Industries
2025-10-15,1367.97509765625,RELIANCE.NS,Reliance Industries
2025-10-16,1391.8646240234375,RELIANCE.NS,Reliance Industries
2025-10-17,1410.279541015625,RELIANCE.NS,Reliance Industries
2025-10-20,1460.04931640625,RELIANCE.NS,Reliance Industries
2025-10-21,1458.4566650390625,RELIANCE.NS,Reliance Industries
2025-10-23,1441.7340087890625,RELIANCE.NS,Reliance Industries
2025-10-24,1444.9193115234375,RELIANCE.NS,Reliance Industries
2025-10-27,1477.2696533203125,RELIANCE.NS,Reliance Industries
2025-10-28,1480.056884765625,RELIANCE.NS,Reliance Industries
2025-10-29,1497.277099609375,RELIANCE.NS,Reliance Industries
2025-10-30,1481.6494140625,RELIANCE.NS,Reliance Industries
2025-10-31,1479.5592041015625,RELIANCE.NS,Reliance Industries
2025-11-03,1477.866943359375,RELIANCE.NS,Reliance Industries
2025-11-04,1466.3203125,RELIANCE.NS,Reliance Industries
2025-11-06,1489.2144775390625,RELIANCE.NS,Reliance Industries
2025-11-07,1471.19775390625,RELIANCE.NS,Reliance Industries
2025-11-10,1482.44580078125,RELIANCE.NS,Reliance Industries
2025-11-11,1486.5269775390625,RELIANCE.NS,Reliance Industries
2025-11-12,1504.5435791015625,RELIANCE.NS,Reliance Industries
2025-11-13,1503.9464111328125,RELIANCE.NS,Reliance Industries
2025-11-14,1511.9095458984375,RELIANCE.NS,Reliance Industries
2025-11-17,1511.3123779296875,RELIANCE.NS,Reliance Industries
2025-11-18,1512.4072265625,RELIANCE.NS,Reliance Industries
2025-11-19,1511.9095458984375,RELIANCE.NS,Reliance Industries
2025-11-20,1541.9705810546875,RELIANCE.NS,Reliance Industries
2025-11-21,1539.4820556640625,RELIANCE.NS,Reliance Industries
2025-11-24,1528.831298828125,RELIANCE.NS,Reliance Industries
2025-11-25,1532.61376953125,RELIANCE.NS,Reliance Industries
2025-11-26,1562.6748046875,RELIANCE.NS,Reliance Industries
2025-11-27,1556.2047119140625,RELIANCE.NS,Reliance Industries
2025-11-28,1560.285888671875,RELIANCE.NS,Reliance Industries
2025-12-01,1558.892333984375,RELIANCE.NS,Reliance Industries
2025-12-02,1539.1834716796875,RELIANCE.NS,Reliance Industries
2025-12-03,1531.718017578125,RELIANCE.NS,Reliance Industries
2025-12-04,1528.53271484375,RELIANCE.NS,Reliance Industries
2025-12-05,1533.5096435546875,RELIANCE.NS,Reliance Industries
2025-12-08,1535.898681640625,RELIANCE.NS,Reliance Industries
2025-12-09,1522.3612060546875,RELIANCE.NS,Reliance Industries
2025-12-10,1529.8267822265625,RELIANCE.NS,Reliance Industries
2025-12-11,1537.889404296875,RELIANCE.NS,Reliance Industries
2025-12-12,1549.3365478515625,RELIANCE.NS,Reliance Industries
2025-12-15,1549.037841796875,RELIANCE.NS,Reliance Industries
2025-12-16,1535.201904296875,RELIANCE.NS,Reliance Industries
2025-12-17,1537.292236328125,RELIANCE.NS,Reliance Industries
2025-12-18,1537.292236328125,RELIANCE.NS,Reliance Industries
2025-12-19,1557.8968505859375,RELIANCE.NS,Reliance Industries
2025-12-22,1568.1495361328125,RELIANCE.NS,Reliance Industries
2025-12-23,1563.4710693359375,RELIANCE.NS,Reliance Industries
2025-12-24,1551.0286865234375,RELIANCE.NS,Reliance Industries
2025-12-26,1552.0240478515625,RELIANCE.NS,Reliance Industries
2025-12-29,1538.4866943359375,RELIANCE.NS,Reliance Industries
2025-12-30,1532.71337890625,RELIANCE.NS,Reliance Industries
2025-12-31,1563.172607421875,RELIANCE.NS,Reliance Industries
2026-01-01,1568.3485107421875,RELIANCE.NS,Reliance Industries
2026-01-02,1584.9718017578125,RELIANCE.NS,Reliance Industries
2026-01-05,1570.8370361328125,RELIANCE.NS,Reliance Industries
2026-01-06,1500.6614990234375,RELIANCE.NS,Reliance Industries
2026-01-07,1497.277099609375,RELIANCE.NS,Reliance Industries
2026-01-08,1463.831787109375,RELIANCE.NS,Reliance Industries
2026-01-09,1468.51025390625,RELIANCE.NS,Reliance Industries
2026-01-12,1476.373779296875,RELIANCE.NS,Reliance Industries
2026-01-13,1446.11376953125,RELIANCE.NS,Reliance Industries
2026-01-14,1452.086181640625,RELIANCE.NS,Reliance Industries
2026-01-15,1452.086181640625,RELIANCE.NS,Reliance Industries
2026-01-16,1451.1903076171875,RELIANCE.NS,Reliance Industries
2026-01-19,1407.0941162109375,RELIANCE.NS,Reliance Industries
2026-01-20,1387.5843505859375,RELIANCE.NS,Reliance Industries
2026-01-21,1398.1356201171875,RELIANCE.NS,Reliance Industries
2026-01-22,1396.0452880859375,RELIANCE.NS,Reliance Industries
2026-01-23,1379.720703125,RELIANCE.NS,Reliance Industries
2026-01-27,1374.146484375,RELIANCE.NS,Reliance Industries
2026-01-28,1390.2718505859375,RELIANCE.NS,Reliance Industries
2026-01-29,1384.59814453125,RELIANCE.NS,Reliance Industries
2026-01-30,1388.9779052734375,RELIANCE.NS,Reliance Industries
2026-02-02,1384.0009765625,RELIANCE.NS,Reliance Industries
2026-02-03,1430.4859619140625,RELIANCE.NS,Reliance Industries
2026-02-04,1450.095458984375,RELIANCE.NS,Reliance Industries
2026-02-05,1436.757080078125,RELIANCE.NS,Reliance Industries
2026-02-06,1444.123046875,RELIANCE.NS,Reliance Industries
2026-02-09,1454.873291015625,RELIANCE.NS,Reliance Industries
2026-02-10,1451.7874755859375,RELIANCE.NS,Reliance Industries
2026-02-11,1461.9405517578125,RELIANCE.NS,Reliance Industries
2026-02-12,1442.231689453125,RELIANCE.NS,Reliance Industries
2026-02-13,1413.0665283203125,RELIANCE.NS,Reliance Industries
2026-02-16,1430.4859619140625,RELIANCE.NS,Reliance Industries
2026-02-17,1416.450927734375,RELIANCE.NS,Reliance Industries
2026-02-18,1434.666748046875,RELIANCE.NS,Reliance Industries
2026-02-19,1403.0130615234375,RELIANCE.NS,Reliance Industries
2026-02-20,1412.8675537109375,RELIANCE.NS,Reliance Industries
2026-02-23,1421.4278564453125,RELIANCE.NS,Reliance Industries
2026-02-24,1422.2242431640625,RELIANCE.NS,Reliance Industries
2026-02-25,1392.063720703125,RELIANCE.NS,Reliance Industries
2026-02-26,1400.3255615234375,RELIANCE.NS,Reliance Industries
2026-02-27,1387.48486328125,RELIANCE.NS,Reliance Industries
2026-03-02,1351.75,RELIANCE.NS,Reliance Industries
2026-03-04,1338.8099365234375,RELIANCE.NS,Reliance Industries
2026-03-05,1383.005615234375,RELIANCE.NS,Reliance Industries
2026-03-06,1398.334716796875,RELIANCE.NS,Reliance Industries
2026-03-09,1417.4462890625,RELIANCE.NS,Reliance Industries
2026-03-10,1402.3162841796875,RELIANCE.NS,Reliance Industries
2026-03-11,1383.8017578125,RELIANCE.NS,Reliance Industries
2026-03-12,1385.7926025390625,RELIANCE.NS,Reliance Industries
2026-03-13,1374.3455810546875,RELIANCE.NS,Reliance Industries
2026-03-16,1388.6793212890625,RELIANCE.NS,Reliance Industries
2026-03-17,1391.167724609375,RELIANCE.NS,Reliance Industries
2026-03-18,1401.6195068359375,RELIANCE.NS,Reliance Industries
2026-03-19,1378.4267578125,RELIANCE.NS,Reliance Industries
2026-03-20,1407.8905029296875,RELIANCE.NS,Reliance Industries
2026-03-23,1401.3209228515625,RELIANCE.NS,Reliance Industries
2026-03-24,1405.302490234375,RELIANCE.NS,Reliance Industries
2026-03-25,1406.596435546875,RELIANCE.NS,Reliance Industries
2026-03-27,1341.8956298828125,RELIANCE.NS,Reliance Industries
2026-03-30,1337.7149658203125,RELIANCE.NS,Reliance Industries
2026-04-01,1362.8984375,RELIANCE.NS,Reliance Industries
2026-04-02,1344.2845458984375,RELIANCE.NS,Reliance Industries
2026-04-06,1298.6953125,RELIANCE.NS,Reliance Industries
2026-04-07,1298.5958251953125,RELIANCE.NS,Reliance Industries
2026-04-08,1341.5970458984375,RELIANCE.NS,Reliance Industries
2026-04-09,1323.87890625,RELIANCE.NS,Reliance Industries
2026-04-10,1343.9859619140625,RELIANCE.NS,Reliance Industries
2026-04-13,1309.0474853515625,RELIANCE.NS,Reliance Industries
2026-04-15,1337.9140625,RELIANCE.NS,Reliance Industries
2026-04-16,1337.1177978515625,RELIANCE.NS,Reliance Industries
2026-04-17,1358.7178955078125,RELIANCE.NS,Reliance Industries
2026-04-20,1357.0257568359375,RELIANCE.NS,Reliance Industries
2026-04-21,1347.07177734375,RELIANCE.NS,Reliance Industries
2026-04-22,1355.8311767578125,RELIANCE.NS,Reliance Industries
2026-04-23,1337.21728515625,RELIANCE.NS,Reliance Industries
2026-04-24,1321.6890869140625,RELIANCE.NS,Reliance Industries
2026-04-27,1359.51416015625,RELIANCE.NS,Reliance Industries
2026-04-28,1382.5078125,RELIANCE.NS,Reliance Industries
2026-04-29,1418.83984375,RELIANCE.NS,Reliance Industries
2026-04-30,1424.215087890625,RELIANCE.NS,Reliance Industries
2026-05-01,1424.215087890625,RELIANCE.NS,Reliance Industries
2026-05-04,1456.3663330078125,RELIANCE.NS,Reliance Industries
2026-05-05,1456.864013671875,RELIANCE.NS,Reliance Industries
2026-05-06,1431.2823486328125,RELIANCE.NS,Reliance Industries
2026-05-07,1429.590087890625,RELIANCE.NS,Reliance Industries
2026-05-08,1428.5947265625,RELIANCE.NS,Reliance Industries
2026-05-11,1381.81103515625,RELIANCE.NS,Reliance Industries
2026-05-12,1357.722412109375,RELIANCE.NS,Reliance Industries
2026-05-13,1352.54638671875,RELIANCE.NS,Reliance Industries
2026-05-14,1355.5325927734375,RELIANCE.NS,Reliance Industries
2026-05-15,1330.24951171875,RELIANCE.NS,Reliance Industries
2026-05-18,1329.7518310546875,RELIANCE.NS,Reliance Industries
2026-05-19,1316.6124267578125,RELIANCE.NS,Reliance Industries
2026-05-20,1353.442138671875,RELIANCE.NS,Reliance Industries
2026-05-21,1343.388671875,RELIANCE.NS,Reliance Industries
2026-05-22,1348.26611328125,RELIANCE.NS,Reliance Industries
2026-05-25,1360.7086181640625,RELIANCE.NS,Reliance Industries
2026-05-26,1350.0579833984375,RELIANCE.NS,Reliance Industries
2026-05-27,1344.2845458984375,RELIANCE.NS,Reliance Industries
2026-05-28,1344.2845458984375,RELIANCE.NS,Reliance Industries
2026-05-29,1315.119384765625,RELIANCE.NS,Reliance Industries
2026-06-01,1313.9249267578125,RELIANCE.NS,Reliance Industries
2026-06-02,1308.5498046875,RELIANCE.NS,Reliance Industries
2026-06-03,1307.15625,RELIANCE.NS,Reliance Industries
2026-06-04,1297.699951171875,RELIANCE.NS,Reliance Industries
2026-06-05,1291.0,RELIANCE.NS,Reliance Industries
2026-06-08,1263.300048828125,RELIANCE.NS,Reliance Industries
2026-06-09,1269.199951171875,RELIANCE.NS,Reliance Industries
2026-06-10,1258.800048828125,RELIANCE.NS,Reliance Industries
2026-06-11,1263.0,RELIANCE.NS,Reliance Industries
2026-06-12,1293.0,RELIANCE.NS,Reliance Industries
2026-06-15,1307.0,RELIANCE.NS,Reliance Industries
2026-06-16,1328.800048828125,RELIANCE.NS,Reliance Industries
2026-06-17,1332.699951171875,RELIANCE.NS,Reliance Industries
2026-06-18,1328.0999755859375,RELIANCE.NS,Reliance Industries
2026-06-19,1309.5,RELIANCE.NS,Reliance Industries
2026-06-22,1326.5,RELIANCE.NS,Reliance Industries
2026-06-23,1309.5,RELIANCE.NS,Reliance Industries
2026-06-24,1313.5999755859375,RELIANCE.NS,Reliance Industries
2026-06-25,1318.0999755859375,RELIANCE.NS,Reliance Industries
2026-06-26,1318.0999755859375,RELIANCE.NS,Reliance Industries
2026-06-29,1301.0,RELIANCE.NS,Reliance Industries
2026-06-30,1293.9000244140625,RELIANCE.NS,Reliance Industries
2026-07-01,1308.0,RELIANCE.NS,Reliance Industries
2026-07-02,1303.5,RELIANCE.NS,Reliance Industries
2026-07-03,1304.0,RELIANCE.NS,Reliance Industries
2026-07-06,1321.300048828125,RELIANCE.NS,Reliance Industries
2026-07-07,1308.4000244140625,RELIANCE.NS,Reliance Industries
2026-07-08,1275.9000244140625,RELIANCE.NS,Reliance Industries
2026-07-09,1279.800048828125,RELIANCE.NS,Reliance Industries
2026-07-10,1307.800048828125,RELIANCE.NS,Reliance Industries
2026-07-13,1296.9000244140625,RELIANCE.NS,Reliance Industries
2026-07-14,1293.0,RELIANCE.NS,Reliance Industries
2026-07-15,1295.5,RELIANCE.NS,Reliance Industries
2026-07-16,1296.5999755859375,RELIANCE.NS,Reliance Industries
2026-07-17,1327.199951171875,RELIANCE.NS,Reliance Industries
2026-07-20,1323.0999755859375,RELIANCE.NS,Reliance Industries
2026-07-21,1303.699951171875,RELIANCE.NS,Reliance Industries
2026-07-22,1288.5999755859375,RELIANCE.NS,Reliance Industries
2026-07-23,1272.199951171875,RELIANCE.NS,Reliance Industries
2026-07-24,1278.0,RELIANCE.NS,Reliance Industries
2026-07-27,1280.0,RELIANCE.NS,Reliance Industries
2026-07-28,1267.699951171875,RELIANCE.NS,Reliance Industries
2026-07-29,1275.9000244140625,RELIANCE.NS,Reliance Industries
2026-07-30,1292.9000244140625,RELIANCE.NS,Reliance Industries
2026-07-31,1307.800048828125,RELIANCE.NS,Reliance Industries
2026-08-03,1319.0,RELIANCE.NS,Reliance Industries
2026-08-04,1290.9000244140625,RELIANCE.NS,Reliance Industries
2026-08-05,1280.0,RELIANCE.NS,Reliance Industries
2026-08-06,1325.0,RELIANCE.NS,Reliance Industries
2026-08-07,1334.800048828125,RELIANCE.NS,Reliance Industries
2026-08-10,1327.300048828125,RELIANCE.NS,Reliance Industries
2026-08-11,1323.9000244140625,RELIANCE.NS,Reliance Industries
2026-08-12,1329.0,RELIANCE.NS,Reliance Industries
2026-08-13,1317.0,RELIANCE.NS,Reliance Industries
2026-08-14,1310.0,RELIANCE.NS,Reliance Industries
2026-08-17,1316.0,RELIANCE.NS,Reliance Industries
2026-08-18,,RELIANCE.NS,Reliance Industries
2021-08-18,1509.787109375,INFY.NS,Infosys
2021-08-20,1509.351806640625,INFY.NS,Infosys
2021-08-23,1514.4034423828125,INFY.NS,Infosys
2021-08-24,1498.81298828125,INFY.NS,Infosys
2021-08-25,1511.6163330078125,INFY.NS,Infosys
2021-08-26,1504.7791748046875,INFY.NS,Infosys
2021-08-27,1488.3179931640625,INFY.NS,Infosys
2021-08-30,1478.954833984375,INFY.NS,Infosys
2021-08-31,1486.2708740234375,INFY.NS,Infosys
2021-09-01,1461.274169921875,INFY.NS,Infosys
2021-09-02,1471.1595458984375,INFY.NS,Infosys
2021-09-03,1481.2196044921875,INFY.NS,Infosys
2021-09-06,1507.130859375,INFY.NS,Infosys
2021-09-07,1486.4453125,INFY.NS,Infosys
2021-09-08,1474.774169921875,INFY.NS,Infosys
2021-09-09,1473.3370361328125,INFY.NS,Infosys
2021-09-13,1473.5982666015625,INFY.NS,Infosys
2021-09-14,1468.5902099609375,INFY.NS,Infosys
2021-09-15,1490.625732421875,INFY.NS,Infosys
2021-09-16,1482.6129150390625,INFY.NS,Infosys
2021-09-17,1473.075927734375,INFY.NS,Infosys
2021-09-20,1470.0709228515625,INFY.NS,Infosys
2021-09-21,1496.7227783203125,INFY.NS,Infosys
2021-09-22,1495.3726806640625,INFY.NS,Infosys
2021-09-23,1517.7132568359375,INFY.NS,Infosys
2021-09-24,1536.2647705078125,INFY.NS,Infosys
2021-09-27,1499.0743408203125,INFY.NS,Infosys
2021-09-28,1469.4176025390625,INFY.NS,Infosys
2021-09-29,1473.9031982421875,INFY.NS,Infosys
2021-09-30,1459.0531005859375,INFY.NS,Infosys
2021-10-01,1450.2999267578125,INFY.NS,Infosys
2021-10-04,1462.14501953125,INFY.NS,Infosys
2021-10-05,1474.382080078125,INFY.NS,Infosys
2021-10-06,1457.615966796875,INFY.NS,Infosys
2021-10-07,1472.814453125,INFY.NS,Infosys
2021-10-08,1501.42578125,INFY.NS,Infosys
2021-10-11,1472.77099609375,INFY.NS,Infosys
2021-10-12,1467.71923828125,INFY.NS,Infosys
2021-10-13,1488.6661376953125,INFY.NS,Infosys
2021-10-14,1494.370849609375,INFY.NS,Infosys
2021-10-18,1560.91357421875,INFY.NS,Infosys
2021-10-19,1587.0426025390625,INFY.NS,Infosys
2021-10-20,1569.79736328125,INFY.NS,Infosys
2021-10-21,1527.380859375,INFY.NS,Infosys
2021-10-22,1497.898681640625,INFY.NS,Infosys
2021-10-25,1487.2291259765625,INFY.NS,Infosys
2021-10-26,1497.0264892578125,INFY.NS,Infosys
2021-10-27,1519.2132568359375,INFY.NS,Infosys
2021-10-28,1497.202392578125,INFY.NS,Infosys
2021-10-29,1465.4376220703125,INFY.NS,Infosys
2021-11-01,1493.8193359375,INFY.NS,Infosys
2021-11-02,1491.9300537109375,INFY.NS,Infosys
2021-11-03,1495.97216796875,INFY.NS,Infosys
2021-11-04,1501.419921875,INFY.NS,Infosys
2021-11-08,1526.7261962890625,INFY.NS,Infosys
2021-11-09,1531.1197509765625,INFY.NS,Infosys
2021-11-10,1529.0548095703125,INFY.NS,Infosys
2021-11-11,1523.0357666015625,INFY.NS,Infosys
2021-11-12,1564.2462158203125,INFY.NS,Infosys
2021-11-15,1570.353271484375,INFY.NS,Infosys
2021-11-16,1574.8787841796875,INFY.NS,Infosys
2021-11-17,1570.6168212890625,INFY.NS,Infosys
2021-11-18,1563.54345703125,INFY.NS,Infosys
2021-11-22,1545.9697265625,INFY.NS,Infosys
2021-11-23,1526.1990966796875,INFY.NS,Infosys
2021-11-24,1490.260498046875,INFY.NS,Infosys
2021-11-25,1513.4581298828125,INFY.NS,Infosys
2021-11-26,1486.4383544921875,INFY.NS,Infosys
2021-11-29,1490.568115234375,INFY.NS,Infosys
2021-11-30,1504.890869140625,INFY.NS,Infosys
2021-12-01,1506.867919921875,INFY.NS,Infosys
2021-12-02,1536.1722412109375,INFY.NS,Infosys
2021-12-03,1525.0126953125,INFY.NS,Infosys
2021-12-06,1489.645751953125,INFY.NS,Infosys
2021-12-07,1504.0123291015625,INFY.NS,Infosys
2021-12-08,1540.653564453125,INFY.NS,Infosys
2021-12-09,1549.5283203125,INFY.NS,Infosys
2021-12-10,1545.837890625,INFY.NS,Infosys
2021-12-13,1533.0087890625,INFY.NS,Infosys
2021-12-14,1539.5989990234375,INFY.NS,Infosys
2021-12-15,1523.82666015625,INFY.NS,Infosys
2021-12-16,1556.689697265625,INFY.NS,Infosys
2021-12-17,1599.965087890625,INFY.NS,Infosys
2021-12-20,1580.6778564453125,INFY.NS,Infosys
2021-12-21,1591.8372802734375,INFY.NS,Infosys
2021-12-22,1603.3482666015625,INFY.NS,Infosys
2021-12-23,1632.2572021484375,INFY.NS,Infosys
2021-12-24,1637.4415283203125,INFY.NS,Infosys
2021-12-27,1639.7698974609375,INFY.NS,Infosys
2021-12-28,1658.969482421875,INFY.NS,Infosys
2021-12-29,1656.816650390625,INFY.NS,Infosys
2021-12-30,1663.2310791015625,INFY.NS,Infosys
2021-12-31,1658.749755859375,INFY.NS,Infosys
2022-01-03,1668.151611328125,INFY.NS,Infosys
2022-01-04,1668.766845703125,INFY.NS,Infosys
2022-01-05,1620.8780517578125,INFY.NS,Infosys
2022-01-06,1597.28515625,INFY.NS,Infosys
2022-01-07,1594.2098388671875,INFY.NS,Infosys
2022-01-10,1626.2381591796875,INFY.NS,Infosys
2022-01-11,1630.499755859375,INFY.NS,Infosys
2022-01-12,1649.6990966796875,INFY.NS,Infosys
2022-01-13,1666.701904296875,INFY.NS,Infosys
2022-01-14,1695.30322265625,INFY.NS,Infosys
2022-01-17,1704.2220458984375,INFY.NS,Infosys
2022-01-18,1687.7467041015625,INFY.NS,Infosys
2022-01-19,1640.5606689453125,INFY.NS,Infosys
2022-01-20,1602.4696044921875,INFY.NS,Infosys
2022-01-21,1569.079345703125,INFY.NS,Infosys
2022-01-24,1526.111328125,INFY.NS,Infosys
2022-01-25,1513.2384033203125,INFY.NS,Infosys
2022-01-27,1474.971435546875,INFY.NS,Infosys
2022-01-28,1481.6494140625,INFY.NS,Infosys
2022-01-31,1525.5841064453125,INFY.NS,Infosys
2022-02-01,1557.0850830078125,INFY.NS,Infosys
2022-02-02,1570.309326171875,INFY.NS,Infosys
2022-02-03,1527.649169921875,INFY.NS,Infosys
2022-02-04,1529.8896484375,INFY.NS,Infosys
2022-02-07,1506.955810546875,INFY.NS,Infosys
2022-02-08,1508.976806640625,INFY.NS,Infosys
2022-02-09,1526.5506591796875,INFY.NS,Infosys
2022-02-10,1554.932373046875,INFY.NS,Infosys
2022-02-11,1512.535400390625,INFY.NS,Infosys
2022-02-14,1478.1346435546875,INFY.NS,Infosys
2022-02-15,1527.3853759765625,INFY.NS,Infosys
2022-02-16,1523.0357666015625,INFY.NS,Infosys
2022-02-17,1515.56689453125,INFY.NS,Infosys
2022-02-18,1499.8822021484375,INFY.NS,Infosys
2022-02-21,1520.7510986328125,INFY.NS,Infosys
2022-02-22,1523.95849609375,INFY.NS,Infosys
2022-02-23,1531.4273681640625,INFY.NS,Infosys
2022-02-24,1474.5758056640625,INFY.NS,Infosys
2022-02-25,1489.030517578125,INFY.NS,Infosys
2022-02-28,1507.4830322265625,INFY.NS,Infosys
2022-03-02,1496.2357177734375,INFY.NS,Infosys
2022-03-03,1512.0960693359375,INFY.NS,Infosys
2022-03-04,1514.248779296875,INFY.NS,Infosys
2022-03-07,1528.791259765625,INFY.NS,Infosys
2022-03-08,1562.4888916015625,INFY.NS,Infosys
2022-03-09,1593.3751220703125,INFY.NS,Infosys
2022-03-10,1604.402587890625,INFY.NS,Infosys
2022-03-11,1600.9757080078125,INFY.NS,Infosys
2022-03-14,1661.3416748046875,INFY.NS,Infosys
2022-03-15,1616.1771240234375,INFY.NS,Infosys
2022-03-16,1660.1993408203125,INFY.NS,Infosys
2022-03-17,1629.62109375,INFY.NS,Infosys
2022-03-21,1628.25927734375,INFY.NS,Infosys
2022-03-22,1658.4422607421875,INFY.NS,Infosys
2022-03-23,1645.2618408203125,INFY.NS,Infosys
2022-03-24,1657.8270263671875,INFY.NS,Infosys
2022-03-25,1648.9083251953125,INFY.NS,Infosys
2022-03-28,1646.5797119140625,INFY.NS,Infosys
2022-03-29,1657.2120361328125,INFY.NS,Infosys
2022-03-30,1672.984375,INFY.NS,Infosys
2022-03-31,1675.5325927734375,INFY.NS,Infosys
2022-04-01,1672.6331787109375,INFY.NS,Infosys
2022-04-04,1654.5318603515625,INFY.NS,Infosys
2022-04-05,1635.3326416015625,INFY.NS,Infosys
2022-04-06,1606.994873046875,INFY.NS,Infosys
2022-04-07,1591.3101806640625,INFY.NS,Infosys
2022-04-08,1594.473388671875,INFY.NS,Infosys
2022-04-11,1552.25244140625,INFY.NS,Infosys
2022-04-12,1531.07568359375,INFY.NS,Infosys
2022-04-13,1536.43603515625,INFY.NS,Infosys
2022-04-18,1424.7100830078125,INFY.NS,Infosys
2022-04-19,1372.5159912109375,INFY.NS,Infosys
2022-04-20,1395.098388671875,INFY.NS,Infosys
2022-04-21,1422.4259033203125,INFY.NS,Infosys
2022-04-22,1393.1212158203125,INFY.NS,Infosys
2022-04-25,1371.72509765625,INFY.NS,Infosys
2022-04-26,1389.2110595703125,INFY.NS,Infosys
2022-04-27,1364.4320068359375,INFY.NS,Infosys
2022-04-28,1390.6170654296875,INFY.NS,Infosys
2022-04-29,1377.3927001953125,INFY.NS,Infosys
2022-05-02,1354.0634765625,INFY.NS,Infosys
2022-05-04,1349.2745361328125,INFY.NS,Infosys
2022-05-05,1392.857666015625,INFY.NS,Infosys
2022-05-06,1355.68896484375,INFY.NS,Infosys
2022-05-09,1379.853271484375,INFY.NS,Infosys
2022-05-10,1364.6077880859375,INFY.NS,Infosys
2022-05-11,1341.5419921875,INFY.NS,Infosys
2022-05-12,1325.7696533203125,INFY.NS,Infosys
2022-05-13,1321.9034423828125,INFY.NS,Infosys
2022-05-16,1308.4593505859375,INFY.NS,Infosys
2022-05-17,1334.2489013671875,INFY.NS,Infosys
2022-05-18,1326.12109375,INFY.NS,Infosys
2022-05-19,1254.0245361328125,INFY.NS,Infosys
2022-05-20,1278.6278076171875,INFY.NS,Infosys
2022-05-23,1290.2705078125,INFY.NS,Infosys
2022-05-24,1266.1943359375,INFY.NS,Infosys
2022-05-25,1239.3502197265625,INFY.NS,Infosys
2022-05-26,1251.21240234375,INFY.NS,Infosys
2022-05-27,1284.0755615234375,INFY.NS,Infosys
2022-05-30,1341.5860595703125,INFY.NS,Infosys
2022-05-31,1335.192626953125,INFY.NS,Infosys
2022-06-01,1312.9481201171875,INFY.NS,Infosys
2022-06-02,1339.0997314453125,INFY.NS,Infosys
2022-06-03,1351.26513671875,INFY.NS,Infosys
2022-06-06,1358.6800537109375,INFY.NS,Infosys
2022-06-07,1337.9451904296875,INFY.NS,Infosys
2022-06-08,1331.9954833984375,INFY.NS,Infosys
2022-06-09,1345.3155517578125,INFY.NS,Infosys
2022-06-10,1311.394287109375,INFY.NS,Infosys
2022-06-13,1264.9520263671875,INFY.NS,Infosys
2022-06-14,1279.2042236328125,INFY.NS,Infosys
2022-06-15,1262.9095458984375,INFY.NS,Infosys
2022-06-16,1240.7095947265625,INFY.NS,Infosys
2022-06-17,1231.9183349609375,INFY.NS,Infosys
2022-06-20,1255.7611083984375,INFY.NS,Infosys
2022-06-21,1287.507080078125,INFY.NS,Infosys
2022-06-22,1276.27392578125,INFY.NS,Infosys
2022-06-23,1289.7713623046875,INFY.NS,Infosys
2022-06-24,1279.6927490234375,INFY.NS,Infosys
2022-06-27,1309.4404296875,INFY.NS,Infosys
2022-06-28,1314.3690185546875,INFY.NS,Infosys
2022-06-29,1299.36181640625,INFY.NS,Infosys
2022-06-30,1298.1629638671875,INFY.NS,Infosys
2022-07-01,1313.7030029296875,INFY.NS,Infosys
2022-07-04,1321.3397216796875,INFY.NS,Infosys
2022-07-05,1310.639404296875,INFY.NS,Infosys
2022-07-06,1324.580810546875,INFY.NS,Infosys
2022-07-07,1330.84130859375,INFY.NS,Infosys
2022-07-08,1344.8272705078125,INFY.NS,Infosys
2022-07-11,1308.153076171875,INFY.NS,Infosys
2022-07-12,1277.4725341796875,INFY.NS,Infosys
2022-07-13,1282.6673583984375,INFY.NS,Infosys
2022-07-14,1268.814697265625,INFY.NS,Infosys
2022-07-15,1270.146728515625,INFY.NS,Infosys
2022-07-18,1323.02685546875,INFY.NS,Infosys
2022-07-19,1317.9210205078125,INFY.NS,Infosys
2022-07-20,1345.58203125,INFY.NS,Infosys
2022-07-21,1361.2108154296875,INFY.NS,Infosys
2022-07-22,1337.5902099609375,INFY.NS,Infosys
2022-07-25,1335.192626953125,INFY.NS,Infosys
2022-07-26,1288.6171875,INFY.NS,Infosys
2022-07-27,1306.2882080078125,INFY.NS,Infosys
2022-07-28,1347.4468994140625,INFY.NS,Infosys
2022-07-29,1376.129150390625,INFY.NS,Infosys
2022-08-01,1377.3277587890625,INFY.NS,Infosys
2022-08-02,1370.7122802734375,INFY.NS,Infosys
2022-08-03,1390.6923828125,INFY.NS,Infosys
2022-08-04,1420.7066650390625,INFY.NS,Infosys
2022-08-05,1435.58056640625,INFY.NS,Infosys
2022-08-08,1438.022705078125,INFY.NS,Infosys
2022-08-10,1422.9710693359375,INFY.NS,Infosys
2022-08-11,1438.5108642578125,INFY.NS,Infosys
2022-08-12,1415.55615234375,INFY.NS,Infosys
2022-08-16,1417.6429443359375,INFY.NS,Infosys
2022-08-17,1426.34521484375,INFY.NS,Infosys
2022-08-18,1405.655029296875,INFY.NS,Infosys
2022-08-19,1418.2200927734375,INFY.NS,Infosys
2022-08-22,1399.1727294921875,INFY.NS,Infosys
2022-08-23,1369.6468505859375,INFY.NS,Infosys
2022-08-24,1365.2955322265625,INFY.NS,Infosys
2022-08-25,1348.11279296875,INFY.NS,Infosys
2022-08-26,1351.1322021484375,INFY.NS,Infosys
2022-08-29,1298.02978515625,INFY.NS,Infosys
2022-08-30,1325.7352294921875,INFY.NS,Infosys
2022-09-01,1300.205322265625,INFY.NS,Infosys
2022-09-02,1290.259765625,INFY.NS,Infosys
2022-09-05,1297.6302490234375,INFY.NS,Infosys
2022-09-06,1292.124755859375,INFY.NS,Infosys
2022-09-07,1294.3892822265625,INFY.NS,Infosys
2022-09-08,1310.594970703125,INFY.NS,Infosys
2022-09-09,1342.3409423828125,INFY.NS,Infosys
2022-09-12,1364.1412353515625,INFY.NS,Infosys
2022-09-13,1371.911376953125,INFY.NS,Infosys
2022-09-14,1310.1510009765625,INFY.NS,Infosys
2022-09-15,1272.3223876953125,INFY.NS,Infosys
2022-09-16,1222.8165283203125,INFY.NS,Infosys
2022-09-19,1234.582275390625,INFY.NS,Infosys
2022-09-20,1233.0284423828125,INFY.NS,Infosys
2022-09-21,1222.9940185546875,INFY.NS,Infosys
2022-09-22,1214.7357177734375,INFY.NS,Infosys
2022-09-23,1212.515625,INFY.NS,Infosys
2022-09-26,1225.6580810546875,INFY.NS,Infosys
2022-09-27,1237.46826171875,INFY.NS,Infosys
2022-09-28,1238.489501953125,INFY.NS,Infosys
2022-09-29,1241.9971923828125,INFY.NS,Infosys
2022-09-30,1255.139404296875,INFY.NS,Infosys
2022-10-03,1237.64599609375,INFY.NS,Infosys
2022-10-04,1269.30322265625,INFY.NS,Infosys
2022-10-06,1292.1690673828125,INFY.NS,Infosys
2022-10-07,1288.661376953125,INFY.NS,Infosys
2022-10-10,1298.8289794921875,INFY.NS,Infosys
2022-10-11,1264.3304443359375,INFY.NS,Infosys
2022-10-12,1268.6815185546875,INFY.NS,Infosys
2022-10-13,1260.8671875,INFY.NS,Infosys
2022-10-14,1309.1298828125,INFY.NS,Infosys
2022-10-17,1323.0712890625,INFY.NS,Infosys
2022-10-18,1335.2811279296875,INFY.NS,Infosys
2022-10-19,1319.0753173828125,INFY.NS,Infosys
2022-10-20,1332.794921875,INFY.NS,Infosys
2022-10-21,1332.439697265625,INFY.NS,Infosys
2022-10-24,1347.8465576171875,INFY.NS,Infosys
2022-10-25,1355.35009765625,INFY.NS,Infosys
2022-10-27,1368.0523681640625,INFY.NS,Infosys
2022-10-28,1358.447021484375,INFY.NS,Infosys
2022-10-31,1380.3509521484375,INFY.NS,Infosys
2022-11-01,1412.0845947265625,INFY.NS,Infosys
2022-11-02,1394.4000244140625,INFY.NS,Infosys
2022-11-03,1374.156982421875,INFY.NS,Infosys
2022-11-04,1359.1202392578125,INFY.NS,Infosys
2022-11-07,1353.240478515625,INFY.NS,Infosys
2022-11-09,1356.606689453125,INFY.NS,Infosys
2022-11-10,1348.3028564453125,INFY.NS,Infosys
2022-11-11,1409.4814453125,INFY.NS,Infosys
2022-11-14,1423.12646484375,INFY.NS,Infosys
2022-11-15,1430.9364013671875,INFY.NS,Infosys
2022-11-16,1438.8363037109375,INFY.NS,Infosys
2022-11-17,1425.0115966796875,INFY.NS,Infosys
2022-11-18,1430.39794921875,INFY.NS,Infosys
2022-11-21,1407.7757568359375,INFY.NS,Infosys
2022-11-22,1422.902099609375,INFY.NS,Infosys
2022-11-23,1421.196533203125,INFY.NS,Infosys
2022-11-24,1463.0743408203125,INFY.NS,Infosys
2022-11-25,1468.32568359375,INFY.NS,Infosys
2022-11-28,1457.328857421875,INFY.NS,Infosys
2022-11-29,1462.40087890625,INFY.NS,Infosys
2022-11-30,1467.6973876953125,INFY.NS,Infosys
2022-12-01,1487.581298828125,INFY.NS,Infosys
2022-12-02,1470.3455810546875,INFY.NS,Infosys
2022-12-05,1472.00634765625,INFY.NS,Infosys
2022-12-06,1447.903076171875,INFY.NS,Infosys
2022-12-07,1441.2601318359375,INFY.NS,Infosys
2022-12-08,1454.4114990234375,INFY.NS,Infosys
2022-12-09,1408.7633056640625,INFY.NS,Infosys
2022-12-12,1388.924072265625,INFY.NS,Infosys
2022-12-13,1411.321533203125,INFY.NS,Infosys
2022-12-14,1417.830078125,INFY.NS,Infosys
2022-12-15,1382.9091796875,INFY.NS,Infosys
2022-12-16,1366.4814453125,INFY.NS,Infosys
2022-12-19,1353.1505126953125,INFY.NS,Infosys
2022-12-20,1353.1058349609375,INFY.NS,Infosys
2022-12-21,1355.125732421875,INFY.NS,Infosys
2022-12-22,1366.3468017578125,INFY.NS,Infosys
2022-12-23,1343.94921875,INFY.NS,Infosys
2022-12-26,1348.70703125,INFY.NS,Infosys
2022-12-27,1359.88330078125,INFY.NS,Infosys
2022-12-28,1355.6641845703125,INFY.NS,Infosys
2022-12-29,1362.3072509765625,INFY.NS,Infosys
2022-12-30,1353.9136962890625,INFY.NS,Infosys
2023-01-02,1368.097412109375,INFY.NS,Infosys
2023-01-03,1366.795654296875,INFY.NS,Infosys
2023-01-04,1341.8843994140625,INFY.NS,Infosys
2023-01-05,1324.28955078125,INFY.NS,Infosys
2023-01-06,1300.321044921875,INFY.NS,Infosys
2023-01-09,1332.5933837890625,INFY.NS,Infosys
2023-01-10,1319.39697265625,INFY.NS,Infosys
2023-01-11,1320.74365234375,INFY.NS,Infosys
2023-01-12,1329.1370849609375,INFY.NS,Infosys
2023-01-13,1349.8291015625,INFY.NS,Infosys
2023-01-16,1369.444091796875,INFY.NS,Infosys
2023-01-17,1382.0118408203125,INFY.NS,Infosys
2023-01-18,1387.308349609375,INFY.NS,Infosys
2023-01-19,1381.47314453125,INFY.NS,Infosys
2023-01-20,1369.4886474609375,INFY.NS,Infosys
2023-01-23,1389.6422119140625,INFY.NS,Infosys
2023-01-24,1393.1434326171875,INFY.NS,Infosys
2023-01-25,1385.15380859375,INFY.NS,Infosys
2023-01-27,1363.743408203125,INFY.NS,Infosys
2023-01-30,1381.3834228515625,INFY.NS,Infosys
2023-01-31,1376.849853515625,INFY.NS,Infosys
2023-02-01,1392.425048828125,INFY.NS,Infosys
2023-02-02,1421.7349853515625,INFY.NS,Infosys
2023-02-03,1435.7841796875,INFY.NS,Infosys
2023-02-06,1409.2568359375,INFY.NS,Infosys
2023-02-07,1402.569091796875,INFY.NS,Infosys
2023-02-08,1427.7945556640625,INFY.NS,Infosys
2023-02-09,1451.5836181640625,INFY.NS,Infosys
2023-02-10,1443.998046875,INFY.NS,Infosys
2023-02-13,1407.102294921875,INFY.NS,Infosys
2023-02-14,1430.2633056640625,INFY.NS,Infosys
2023-02-15,1433.674560546875,INFY.NS,Infosys
2023-02-16,1437.938720703125,INFY.NS,Infosys
2023-02-17,1421.7801513671875,INFY.NS,Infosys
2023-02-20,1429.5450439453125,INFY.NS,Infosys
2023-02-21,1417.919677734375,INFY.NS,Infosys
2023-02-22,1402.030517578125,INFY.NS,Infosys
2023-02-23,1392.0660400390625,INFY.NS,Infosys
2023-02-24,1392.0211181640625,INFY.NS,Infosys
2023-02-27,1354.9010009765625,INFY.NS,Infosys
2023-02-28,1335.3760986328125,INFY.NS,Infosys
2023-03-01,1343.0067138671875,INFY.NS,Infosys
2023-03-02,1321.551513671875,INFY.NS,Infosys
2023-03-03,1327.97021484375,INFY.NS,Infosys
2023-03-06,1353.240478515625,INFY.NS,Infosys
2023-03-08,1339.999267578125,INFY.NS,Infosys
2023-03-09,1328.95751953125,INFY.NS,Infosys
2023-03-10,1321.0130615234375,INFY.NS,Infosys
2023-03-13,1288.2916259765625,INFY.NS,Infosys
2023-03-14,1274.7364501953125,INFY.NS,Infosys
2023-03-15,1274.422119140625,INFY.NS,Infosys
2023-03-16,1260.4630126953125,INFY.NS,Infosys
2023-03-17,1275.3648681640625,INFY.NS,Infosys
2023-03-20,1260.058837890625,INFY.NS,Infosys
2023-03-21,1248.4337158203125,INFY.NS,Infosys
2023-03-22,1247.132080078125,INFY.NS,Infosys
2023-03-23,1233.9359130859375,INFY.NS,Infosys
2023-03-24,1239.4117431640625,INFY.NS,Infosys
2023-03-27,1246.86279296875,INFY.NS,Infosys
2023-03-28,1236.673828125,INFY.NS,Infosys
2023-03-29,1242.01513671875,INFY.NS,Infosys
2023-03-31,1281.8731689453125,INFY.NS,Infosys
2023-04-03,1266.5223388671875,INFY.NS,Infosys
2023-04-05,1277.9234619140625,INFY.NS,Infosys
2023-04-06,1276.44189453125,INFY.NS,Infosys
2023-04-10,1281.5589599609375,INFY.NS,Infosys
2023-04-11,1262.3033447265625,INFY.NS,Infosys
2023-04-12,1282.1873779296875,INFY.NS,Infosys
2023-04-13,1247.0870361328125,INFY.NS,Infosys
2023-04-17,1129.5780029296875,INFY.NS,Infosys
2023-04-18,1130.5206298828125,INFY.NS,Infosys
2023-04-19,1106.14794921875,INFY.NS,Infosys
2023-04-20,1098.248291015625,INFY.NS,Infosys
2023-04-21,1101.794189453125,INFY.NS,Infosys
2023-04-24,1100.8515625,INFY.NS,Infosys
2023-04-25,1099.5948486328125,INFY.NS,Infosys
2023-04-26,1101.9737548828125,INFY.NS,Infosys
2023-04-27,1118.7606201171875,INFY.NS,Infosys
2023-04-28,1124.5958251953125,INFY.NS,Infosys
2023-05-02,1146.768798828125,INFY.NS,Infosys
2023-05-03,1139.3179931640625,INFY.NS,Infosys
2023-05-04,1143.26806640625,INFY.NS,Infosys
2023-05-05,1130.296142578125,INFY.NS,Infosys
2023-05-08,1136.13134765625,INFY.NS,Infosys
2023-05-09,1140.70947265625,INFY.NS,Infosys
2023-05-10,1134.021728515625,INFY.NS,Infosys
2023-05-11,1127.60302734375,INFY.NS,Infosys
2023-05-12,1117.8179931640625,INFY.NS,Infosys
2023-05-15,1129.6229248046875,INFY.NS,Infosys
2023-05-16,1134.9642333984375,INFY.NS,Infosys
2023-05-17,1119.34423828125,INFY.NS,Infosys
2023-05-18,1118.5362548828125,INFY.NS,Infosys
2023-05-19,1139.0936279296875,INFY.NS,Infosys
2023-05-22,1160.5487060546875,INFY.NS,Infosys
2023-05-23,1167.0570068359375,INFY.NS,Infosys
2023-05-24,1165.80029296875,INFY.NS,Infosys
2023-05-25,1170.9169921875,INFY.NS,Infosys
2023-05-26,1182.677001953125,INFY.NS,Infosys
2023-05-29,1179.9390869140625,INFY.NS,Infosys
2023-05-30,1188.42236328125,INFY.NS,Infosys
2023-05-31,1183.4403076171875,INFY.NS,Infosys
2023-06-01,1184.5174560546875,INFY.NS,Infosys
2023-06-02,1181.7880859375,INFY.NS,Infosys
2023-06-05,1186.791748046875,INFY.NS,Infosys
2023-06-06,1163.5926513671875,INFY.NS,Infosys
2023-06-07,1172.6448974609375,INFY.NS,Infosys
2023-06-08,1167.0499267578125,INFY.NS,Infosys
2023-06-09,1151.7203369140625,INFY.NS,Infosys
2023-06-12,1175.3741455078125,INFY.NS,Infosys
2023-06-13,1187.1102294921875,INFY.NS,Infosys
2023-06-14,1183.0618896484375,INFY.NS,Infosys
2023-06-15,1170.68896484375,INFY.NS,Infosys
2023-06-16,1175.1014404296875,INFY.NS,Infosys
2023-06-19,1177.2391357421875,INFY.NS,Infosys
2023-06-20,1185.791259765625,INFY.NS,Infosys
2023-06-21,1182.1065673828125,INFY.NS,Infosys
2023-06-22,1165.9127197265625,INFY.NS,Infosys
2023-06-23,1150.85595703125,INFY.NS,Infosys
2023-06-26,1155.72314453125,INFY.NS,Infosys
2023-06-27,1163.729248046875,INFY.NS,Infosys
2023-06-28,1176.6480712890625,INFY.NS,Infosys
2023-06-30,1214.99462890625,INFY.NS,Infosys
2023-07-03,1213.3570556640625,INFY.NS,Infosys
2023-07-04,1223.77392578125,INFY.NS,Infosys
2023-07-05,1225.7298583984375,INFY.NS,Infosys
2023-07-06,1222.6365966796875,INFY.NS,Infosys
2023-07-07,1210.172607421875,INFY.NS,Infosys
2023-07-10,1209.217529296875,INFY.NS,Infosys
2023-07-11,1226.9124755859375,INFY.NS,Infosys
2023-07-12,1212.9930419921875,INFY.NS,Infosys
2023-07-13,1241.9237060546875,INFY.NS,Infosys
2023-07-14,1297.2830810546875,INFY.NS,Infosys
2023-07-17,1294.5537109375,INFY.NS,Infosys
2023-07-18,1342.0892333984375,INFY.NS,Infosys
2023-07-19,1341.8616943359375,INFY.NS,Infosys
2023-07-20,1318.7081298828125,INFY.NS,Infosys
2023-07-21,1211.446533203125,INFY.NS,Infosys
2023-07-24,1215.9952392578125,INFY.NS,Infosys
2023-07-25,1214.17578125,INFY.NS,Infosys
2023-07-26,1227.1400146484375,INFY.NS,Infosys
2023-07-27,1231.0521240234375,INFY.NS,Infosys
2023-07-28,1219.5433349609375,INFY.NS,Infosys
2023-07-31,1233.371826171875,INFY.NS,Infosys
2023-08-01,1242.0146484375,INFY.NS,Infosys
2023-08-02,1234.4183349609375,INFY.NS,Infosys
2023-08-03,1241.196044921875,INFY.NS,Infosys
2023-08-04,1253.9781494140625,INFY.NS,Infosys
2023-08-07,1267.3062744140625,INFY.NS,Infosys
2023-08-08,1264.7589111328125,INFY.NS,Infosys
2023-08-09,1268.579833984375,INFY.NS,Infosys
2023-08-10,1263.7581787109375,INFY.NS,Infosys
2023-08-11,1248.0645751953125,INFY.NS,Infosys
2023-08-14,1267.806640625,INFY.NS,Infosys
2023-08-16,1290.50537109375,INFY.NS,Infosys
2023-08-17,1284.1824951171875,INFY.NS,Infosys
2023-08-18,1263.485107421875,INFY.NS,Infosys
2023-08-21,1278.58740234375,INFY.NS,Infosys
2023-08-22,1277.0863037109375,INFY.NS,Infosys
2023-08-23,1280.9071044921875,INFY.NS,Infosys
2023-08-24,1295.1451416015625,INFY.NS,Infosys
2023-08-25,1291.9609375,INFY.NS,Infosys
2023-08-28,1287.9127197265625,INFY.NS,Infosys
2023-08-29,1289.7320556640625,INFY.NS,Infosys
2023-08-30,1305.6529541015625,INFY.NS,Infosys
2023-08-31,1305.926025390625,INFY.NS,Infosys
2023-09-01,1313.56787109375,INFY.NS,Infosys
2023-09-04,1332.900390625,INFY.NS,Infosys
2023-09-05,1345.455322265625,INFY.NS,Infosys
2023-09-06,1344.135986328125,INFY.NS,Infosys
2023-09-07,1333.9012451171875,INFY.NS,Infosys
2023-09-08,1336.9945068359375,INFY.NS,Infosys
2023-09-11,1343.2261962890625,INFY.NS,Infosys
2023-09-12,1365.652099609375,INFY.NS,Infosys
2023-09-13,1363.1502685546875,INFY.NS,Infosys
2023-09-14,1370.97412109375,INFY.NS,Infosys
2023-09-15,1375.2047119140625,INFY.NS,Infosys
2023-09-18,1357.1912841796875,INFY.NS,Infosys
2023-09-20,1355.78125,INFY.NS,Infosys
2023-09-21,1366.243408203125,INFY.NS,Infosys
2023-09-22,1361.1488037109375,INFY.NS,Infosys
2023-09-25,1341.1337890625,INFY.NS,Infosys
2023-09-26,1328.8521728515625,INFY.NS,Infosys
2023-09-27,1334.6290283203125,INFY.NS,Infosys
2023-09-28,1309.56494140625,INFY.NS,Infosys
2023-09-29,1305.926025390625,INFY.NS,Infosys
2023-10-03,1304.606689453125,INFY.NS,Infosys
2023-10-04,1314.022705078125,INFY.NS,Infosys
2023-10-05,1331.3992919921875,INFY.NS,Infosys
2023-10-06,1345.2733154296875,INFY.NS,Infosys
2023-10-09,1342.3165283203125,INFY.NS,Infosys
2023-10-10,1360.239013671875,INFY.NS,Infosys
2023-10-11,1359.556640625,INFY.NS,Infosys
2023-10-12,1333.2642822265625,INFY.NS,Infosys
2023-10-13,1302.0137939453125,INFY.NS,Infosys
2023-10-16,1304.7431640625,INFY.NS,Infosys
2023-10-17,1312.2940673828125,INFY.NS,Infosys
2023-10-18,1310.5657958984375,INFY.NS,Infosys
2023-10-19,1304.2882080078125,INFY.NS,Infosys
2023-10-20,1298.4658203125,INFY.NS,Infosys
2023-10-23,1281.5440673828125,INFY.NS,Infosys
2023-10-25,1262.560302734375,INFY.NS,Infosys
2023-10-26,1252.7918701171875,INFY.NS,Infosys
2023-10-27,1272.05224609375,INFY.NS,Infosys
2023-10-30,1269.01123046875,INFY.NS,Infosys
2023-10-31,1261.0396728515625,INFY.NS,Infosys
2023-11-01,1247.9075927734375,INFY.NS,Infosys
2023-11-02,1262.6524658203125,INFY.NS,Infosys
2023-11-03,1280.069580078125,INFY.NS,Infosys
2023-11-06,1293.20166015625,INFY.NS,Infosys
2023-11-07,1294.1231689453125,INFY.NS,Infosys
2023-11-08,1281.8665771484375,INFY.NS,Infosys
2023-11-09,1266.9376220703125,INFY.NS,Infosys
2023-11-10,1261.454345703125,INFY.NS,Infosys
2023-11-13,1265.7857666015625,INFY.NS,Infosys
2023-11-15,1299.8367919921875,INFY.NS,Infosys
2023-11-16,1331.537841796875,INFY.NS,Infosys
2023-11-17,1324.764404296875,INFY.NS,Infosys
2023-11-20,1323.8890380859375,INFY.NS,Infosys
2023-11-21,1326.1007080078125,INFY.NS,Infosys
2023-11-22,1343.4256591796875,INFY.NS,Infosys
2023-11-23,1335.5465087890625,INFY.NS,Infosys
2023-11-24,1324.6263427734375,INFY.NS,Infosys
2023-11-28,1329.5103759765625,INFY.NS,Infosys
2023-11-29,1345.08447265625,INFY.NS,Infosys
2023-11-30,1340.983642578125,INFY.NS,Infosys
2023-12-01,1338.3572998046875,INFY.NS,Infosys
2023-12-04,1349.4617919921875,INFY.NS,Infosys
2023-12-05,1339.877685546875,INFY.NS,Infosys
2023-12-06,1358.63134765625,INFY.NS,Infosys
2023-12-07,1350.89013671875,INFY.NS,Infosys
2023-12-08,1374.1591796875,INFY.NS,Infosys
2023-12-11,1371.717041015625,INFY.NS,Infosys
2023-12-12,1360.243896484375,INFY.NS,Infosys
2023-12-13,1335.3160400390625,INFY.NS,Infosys
2023-12-14,1383.6510009765625,INFY.NS,Infosys
2023-12-15,1454.5638427734375,INFY.NS,Infosys
2023-12-18,1441.6160888671875,INFY.NS,Infosys
2023-12-19,1436.0408935546875,INFY.NS,Infosys
2023-12-20,1415.8590087890625,INFY.NS,Infosys
2023-12-21,1415.490478515625,INFY.NS,Infosys
2023-12-22,1440.280029296875,INFY.NS,Infosys
2023-12-26,1422.816650390625,INFY.NS,Infosys
2023-12-27,1444.150390625,INFY.NS,Infosys
2023-12-28,1440.049560546875,INFY.NS,Infosys
2023-12-29,1421.8489990234375,INFY.NS,Infosys
2024-01-01,1429.6358642578125,INFY.NS,Infosys
2024-01-02,1414.015869140625,INFY.NS,Infosys
2024-01-03,1373.0994873046875,INFY.NS,Infosys
2024-01-04,1394.018310546875,INFY.NS,Infosys
2024-01-05,1412.3111572265625,INFY.NS,Infosys
2024-01-08,1403.3260498046875,INFY.NS,Infosys
2024-01-09,1409.3160400390625,INFY.NS,Infosys
2024-01-10,1400.6534423828125,INFY.NS,Infosys
2024-01-11,1376.9698486328125,INFY.NS,Infosys
2024-01-12,1486.21875,INFY.NS,Infosys
2024-01-15,1522.481689453125,INFY.NS,Infosys
2024-01-16,1503.5438232421875,INFY.NS,Infosys
2024-01-17,1511.51513671875,INFY.NS,Infosys
2024-01-18,1513.7269287109375,INFY.NS,Infosys
2024-01-19,1529.0244140625,INFY.NS,Infosys
2024-01-23,1513.312255859375,INFY.NS,Infosys
2024-01-24,1543.9534912109375,INFY.NS,Infosys
2024-01-25,1538.147705078125,INFY.NS,Infosys
2024-01-29,1526.62841796875,INFY.NS,Infosys
2024-01-30,1521.8824462890625,INFY.NS,Infosys
2024-01-31,1530.59130859375,INFY.NS,Infosys
2024-02-01,1527.0433349609375,INFY.NS,Infosys
2024-02-02,1560.4952392578125,INFY.NS,Infosys
2024-02-05,1554.82763671875,INFY.NS,Infosys
2024-02-06,1593.762939453125,INFY.NS,Infosys
2024-02-07,1560.8638916015625,INFY.NS,Infosys
2024-02-08,1559.34326171875,INFY.NS,Infosys
2024-02-09,1538.3780517578125,INFY.NS,Infosys
2024-02-12,1548.284912109375,INFY.NS,Infosys
2024-02-13,1552.3857421875,INFY.NS,Infosys
2024-02-14,1535.4752197265625,INFY.NS,Infosys
2024-02-15,1544.828857421875,INFY.NS,Infosys
2024-02-16,1568.14404296875,INFY.NS,Infosys
2024-02-19,1566.39306640625,INFY.NS,Infosys
2024-02-20,1553.0306396484375,INFY.NS,Infosys
2024-02-21,1525.6610107421875,INFY.NS,Infosys
2024-02-22,1549.4366455078125,INFY.NS,Infosys
2024-02-23,1545.2896728515625,INFY.NS,Infosys
2024-02-26,1529.89990234375,INFY.NS,Infosys
2024-02-27,1533.079345703125,INFY.NS,Infosys
2024-02-28,1540.129150390625,INFY.NS,Infosys
2024-02-29,1542.5711669921875,INFY.NS,Infosys
2024-03-01,1524.8773193359375,INFY.NS,Infosys
2024-03-04,1508.75048828125,INFY.NS,Infosys
2024-03-05,1480.459228515625,INFY.NS,Infosys
2024-03-06,1490.642333984375,INFY.NS,Infosys
2024-03-07,1489.6285400390625,INFY.NS,Infosys
2024-03-11,1475.02197265625,INFY.NS,Infosys
2024-03-12,1486.403076171875,INFY.NS,Infosys
2024-03-13,1484.9747314453125,INFY.NS,Infosys
2024-03-14,1523.58740234375,INFY.NS,Infosys
2024-03-15,1505.801513671875,INFY.NS,Infosys
2024-03-18,1476.911376953125,INFY.NS,Infosys
2024-03-19,1438.9434814453125,INFY.NS,Infosys
2024-03-20,1432.9534912109375,INFY.NS,Infosys
2024-03-21,1432.7232666015625,INFY.NS,Infosys
2024-03-22,1390.470458984375,INFY.NS,Infosys
2024-03-26,1375.54150390625,INFY.NS,Infosys
2024-03-27,1367.431884765625,INFY.NS,Infosys
2024-03-28,1380.5177001953125,INFY.NS,Infosys
2024-04-01,1378.121826171875,INFY.NS,Infosys
2024-04-02,1366.5103759765625,INFY.NS,Infosys
2024-04-03,1364.48291015625,INFY.NS,Infosys
2024-04-04,1370.0582275390625,INFY.NS,Infosys
2024-04-05,1363.054443359375,INFY.NS,Infosys
2024-04-08,1360.8428955078125,INFY.NS,Infosys
2024-04-09,1377.5687255859375,INFY.NS,Infosys
2024-04-10,1388.5814208984375,INFY.NS,Infosys
2024-04-12,1368.26123046875,INFY.NS,Infosys
2024-04-15,1352.9637451171875,INFY.NS,Infosys
2024-04-16,1303.476806640625,INFY.NS,Infosys
2024-04-18,1307.900146484375,INFY.NS,Infosys
2024-04-19,1300.52783203125,INFY.NS,Infosys
2024-04-22,1320.341064453125,INFY.NS,Infosys
2024-04-23,1329.2340087890625,INFY.NS,Infosys
2024-04-24,1318.4979248046875,INFY.NS,Infosys
2024-04-25,1325.59375,INFY.NS,Infosys
2024-04-26,1318.0372314453125,INFY.NS,Infosys
2024-04-29,1322.18408203125,INFY.NS,Infosys
2024-04-30,1309.0982666015625,INFY.NS,Infosys
2024-05-02,1303.476806640625,INFY.NS,Infosys
2024-05-03,1305.1817626953125,INFY.NS,Infosys
2024-05-06,1314.0284423828125,INFY.NS,Infosys
2024-05-07,1327.897705078125,INFY.NS,Infosys
2024-05-08,1315.3187255859375,INFY.NS,Infosys
2024-05-09,1326.607421875,INFY.NS,Infosys
2024-05-10,1313.10693359375,INFY.NS,Infosys
2024-05-13,1311.770751953125,INFY.NS,Infosys
2024-05-14,1312.922607421875,INFY.NS,Infosys
2024-05-15,1308.545166015625,INFY.NS,Infosys
2024-05-16,1339.32470703125,INFY.NS,Infosys
2024-05-17,1330.98486328125,INFY.NS,Infosys
2024-05-21,1321.631103515625,INFY.NS,Infosys
2024-05-22,1340.6612548828125,INFY.NS,Infosys
2024-05-23,1356.88037109375,INFY.NS,Infosys
2024-05-24,1350.1529541015625,INFY.NS,Infosys
2024-05-27,1355.91259765625,INFY.NS,Infosys
2024-05-28,1351.9501953125,INFY.NS,Infosys
2024-05-29,1337.11328125,INFY.NS,Infosys
2024-05-30,1315.456787109375,INFY.NS,Infosys
2024-05-31,1322.4598388671875,INFY.NS,Infosys
2024-06-03,1321.519775390625,INFY.NS,Infosys
2024-06-04,1310.0050048828125,INFY.NS,Infosys
2024-06-05,1344.2672119140625,INFY.NS,Infosys
2024-06-06,1383.8875732421875,INFY.NS,Infosys
2024-06-07,1441.5552978515625,INFY.NS,Infosys
2024-06-10,1409.737060546875,INFY.NS,Infosys
2024-06-11,1405.97705078125,INFY.NS,Infosys
2024-06-12,1396.0601806640625,INFY.NS,Infosys
2024-06-13,1404.28515625,INFY.NS,Infosys
2024-06-14,1399.5382080078125,INFY.NS,Infosys
2024-06-18,1408.280029296875,INFY.NS,Infosys
2024-06-19,1420.6407470703125,INFY.NS,Infosys
2024-06-20,1424.4476318359375,INFY.NS,Infosys
2024-06-21,1440.7093505859375,INFY.NS,Infosys
2024-06-24,1435.4925537109375,INFY.NS,Infosys
2024-06-25,1449.4041748046875,INFY.NS,Infosys
2024-06-26,1448.2291259765625,INFY.NS,Infosys
2024-06-27,1478.919677734375,INFY.NS,Infosys
2024-06-28,1472.7158203125,INFY.NS,Infosys
2024-07-01,1495.3223876953125,INFY.NS,Infosys
2024-07-02,1523.7568359375,INFY.NS,Infosys
2024-07-03,1529.7255859375,INFY.NS,Infosys
2024-07-04,1551.580078125,INFY.NS,Infosys
2024-07-05,1548.5721435546875,INFY.NS,Infosys
2024-07-08,1561.9200439453125,INFY.NS,Infosys
2024-07-09,1557.68994140625,INFY.NS,Infosys
2024-07-10,1549.32421875,INFY.NS,Infosys
2024-07-11,1553.5072021484375,INFY.NS,Infosys
2024-07-12,1609.012939453125,INFY.NS,Infosys
2024-07-15,1604.59521484375,INFY.NS,Infosys
2024-07-16,1622.454833984375,INFY.NS,Infosys
2024-07-18,1652.5343017578125,INFY.NS,Infosys
2024-07-19,1685.3394775390625,INFY.NS,Infosys
2024-07-22,1702.165283203125,INFY.NS,Infosys
2024-07-23,1726.6517333984375,INFY.NS,Infosys
2024-07-24,1723.878662109375,INFY.NS,Infosys
2024-07-25,1715.324951171875,INFY.NS,Infosys
2024-07-26,1766.1309814453125,INFY.NS,Infosys
2024-07-29,1758.799072265625,INFY.NS,Infosys
2024-07-30,1764.486083984375,INFY.NS,Infosys
2024-07-31,1756.1201171875,INFY.NS,Infosys
2024-08-01,1741.409423828125,INFY.NS,Infosys
2024-08-02,1711.893798828125,INFY.NS,Infosys
2024-08-05,1646.75341796875,INFY.NS,Infosys
2024-08-06,1646.0013427734375,INFY.NS,Infosys
2024-08-07,1684.11767578125,INFY.NS,Infosys
2024-08-08,1638.5284423828125,INFY.NS,Infosys
2024-08-09,1664.471923828125,INFY.NS,Infosys
2024-08-12,1689.5224609375,INFY.NS,Infosys
2024-08-13,1689.5693359375,INFY.NS,Infosys
2024-08-14,1713.821044921875,INFY.NS,Infosys
2024-08-16,1747.378173828125,INFY.NS,Infosys
2024-08-19,1752.877197265625,INFY.NS,Infosys
2024-08-20,1759.8328857421875,INFY.NS,Infosys
2024-08-21,1760.3028564453125,INFY.NS,Infosys
2024-08-22,1767.39990234375,INFY.NS,Infosys
2024-08-23,1750.339111328125,INFY.NS,Infosys
2024-08-26,1763.546142578125,INFY.NS,Infosys
2024-08-27,1786.0584716796875,INFY.NS,Infosys
2024-08-28,1822.7177734375,INFY.NS,Infosys
2024-08-29,1817.31298828125,INFY.NS,Infosys
2024-08-30,1827.041748046875,INFY.NS,Infosys
2024-09-02,1846.5933837890625,INFY.NS,Infosys
2024-09-03,1824.7388916015625,INFY.NS,Infosys
2024-09-04,1807.067138671875,INFY.NS,Infosys
2024-09-05,1817.1248779296875,INFY.NS,Infosys
2024-09-06,1787.7034912109375,INFY.NS,Infosys
2024-09-09,1780.935791015625,INFY.NS,Infosys
2024-09-10,1797.5262451171875,INFY.NS,Infosys
2024-09-11,1795.5054931640625,INFY.NS,Infosys
2024-09-12,1833.3865966796875,INFY.NS,Infosys
2024-09-13,1827.417724609375,INFY.NS,Infosys
2024-09-16,1833.19873046875,INFY.NS,Infosys
2024-09-17,1835.3604736328125,INFY.NS,Infosys
2024-09-18,1778.585693359375,INFY.NS,Infosys
2024-09-19,1780.5125732421875,INFY.NS,Infosys
2024-09-20,1791.3695068359375,INFY.NS,Infosys
2024-09-23,1782.6275634765625,INFY.NS,Infosys
2024-09-24,1784.6484375,INFY.NS,Infosys
2024-09-25,1781.546630859375,INFY.NS,Infosys
2024-09-26,1786.1995849609375,INFY.NS,Infosys
2024-09-27,1792.3094482421875,INFY.NS,Infosys
2024-09-30,1763.0289306640625,INFY.NS,Infosys
2024-10-01,1790.0533447265625,INFY.NS,Infosys
2024-10-03,1779.7606201171875,INFY.NS,Infosys
2024-10-04,1803.0252685546875,INFY.NS,Infosys
2024-10-07,1818.2059326171875,INFY.NS,Infosys
2024-10-08,1831.6007080078125,INFY.NS,Infosys
2024-10-09,1835.548583984375,INFY.NS,Infosys
2024-10-10,1803.8240966796875,INFY.NS,Infosys
2024-10-11,1818.9578857421875,INFY.NS,Infosys
2024-10-14,1841.3294677734375,INFY.NS,Infosys
2024-10-15,1841.70556640625,INFY.NS,Infosys
2024-10-16,1804.858154296875,INFY.NS,Infosys
2024-10-17,1849.9771728515625,INFY.NS,Infosys
2024-10-18,1766.788818359375,INFY.NS,Infosys
2024-10-21,1741.5504150390625,INFY.NS,Infosys
2024-10-22,1740.4693603515625,INFY.NS,Infosys
2024-10-23,1760.9610595703125,INFY.NS,Infosys
2024-10-24,1751.5142822265625,INFY.NS,Infosys
2024-10-25,1750.2923583984375,INFY.NS,Infosys
2024-10-28,1753.394287109375,INFY.NS,Infosys
2024-10-29,1748.5933837890625,INFY.NS,Infosys
2024-10-30,1713.2276611328125,INFY.NS,Infosys
2024-10-31,1670.589599609375,INFY.NS,Infosys
2024-11-01,1674.0120849609375,INFY.NS,Infosys
2024-11-04,1676.6739501953125,INFY.NS,Infosys
2024-11-05,1667.68994140625,INFY.NS,Infosys
2024-11-06,1733.762451171875,INFY.NS,Infosys
2024-11-07,1714.131103515625,INFY.NS,Infosys
2024-11-08,1739.704345703125,INFY.NS,Infosys
2024-11-11,1768.367431640625,INFY.NS,Infosys
2024-11-12,1776.6385498046875,INFY.NS,Infosys
2024-11-13,1776.2581787109375,INFY.NS,Infosys
2024-11-14,1772.5980224609375,INFY.NS,Infosys
2024-11-18,1722.1165771484375,INFY.NS,Infosys
2024-11-19,1734.7607421875,INFY.NS,Infosys
2024-11-21,1743.602294921875,INFY.NS,Infosys
2024-11-22,1808.4388427734375,INFY.NS,Infosys
2024-11-25,1796.507568359375,INFY.NS,Infosys
2024-11-26,1829.2589111328125,INFY.NS,Infosys
2024-11-27,1829.591552734375,INFY.NS,Infosys
2024-11-28,1765.0875244140625,INFY.NS,Infosys
2024-11-29,1766.2283935546875,INFY.NS,Infosys
2024-12-02,1787.095947265625,INFY.NS,Infosys
2024-12-03,1798.789306640625,INFY.NS,Infosys
2024-12-04,1796.0799560546875,INFY.NS,Infosys
2024-12-05,1839.4310302734375,INFY.NS,Infosys
2024-12-06,1827.594970703125,INFY.NS,Infosys
2024-12-09,1828.783447265625,INFY.NS,Infosys
2024-12-10,1852.45556640625,INFY.NS,Infosys
2024-12-11,1876.79296875,INFY.NS,Infosys
2024-12-12,1889.0091552734375,INFY.NS,Infosys
2024-12-13,1901.0828857421875,INFY.NS,Infosys
2024-12-16,1882.4019775390625,INFY.NS,Infosys
2024-12-17,1879.1220703125,INFY.NS,Infosys
2024-12-18,1881.5465087890625,INFY.NS,Infosys
2024-12-19,1850.2213134765625,INFY.NS,Infosys
2024-12-20,1827.357421875,INFY.NS,Infosys
2024-12-23,1829.4014892578125,INFY.NS,Infosys
2024-12-24,1814.903564453125,INFY.NS,Infosys
2024-12-26,1813.3348388671875,INFY.NS,Infosys
2024-12-27,1822.2237548828125,INFY.NS,Infosys
2024-12-30,1812.00390625,INFY.NS,Infosys
2024-12-31,1787.2860107421875,INFY.NS,Infosys
2025-01-01,1789.6627197265625,INFY.NS,Infosys
2025-01-02,1861.2967529296875,INFY.NS,Infosys
2025-01-03,1843.1387939453125,INFY.NS,Infosys
2025-01-06,1842.2830810546875,INFY.NS,Infosys
2025-01-07,1835.6282958984375,INFY.NS,Infosys
2025-01-08,1837.81494140625,INFY.NS,Infosys
2025-01-09,1822.74658203125,INFY.NS,Infosys
2025-01-10,1869.947998046875,INFY.NS,Infosys
2025-01-13,1865.4322509765625,INFY.NS,Infosys
2025-01-14,1844.374755859375,INFY.NS,Infosys
2025-01-15,1853.501220703125,INFY.NS,Infosys
2025-01-16,1833.3466796875,INFY.NS,Infosys
2025-01-17,1725.9193115234375,INFY.NS,Infosys
2025-01-20,1723.87548828125,INFY.NS,Infosys
2025-01-21,1711.896728515625,INFY.NS,Infosys
2025-01-22,1764.8974609375,INFY.NS,Infosys
2025-01-23,1773.4534912109375,INFY.NS,Infosys
2025-01-24,1782.96044921875,INFY.NS,Infosys
2025-01-27,1732.1463623046875,INFY.NS,Infosys
2025-01-28,1739.5142822265625,INFY.NS,Infosys
2025-01-29,1788.474365234375,INFY.NS,Infosys
2025-01-30,1768.224853515625,INFY.NS,Infosys
2025-01-31,1787.095947265625,INFY.NS,Infosys
2025-02-01,1760.0489501953125,INFY.NS,Infosys
2025-02-03,1771.40966796875,INFY.NS,Infosys
2025-02-04,1805.158935546875,INFY.NS,Infosys
2025-02-05,1803.495361328125,INFY.NS,Infosys
2025-02-06,1821.177978515625,INFY.NS,Infosys
2025-02-07,1809.769775390625,INFY.NS,Infosys
2025-02-10,1787.5712890625,INFY.NS,Infosys
2025-02-11,1783.1505126953125,INFY.NS,Infosys
2025-02-12,1771.2669677734375,INFY.NS,Infosys
2025-02-13,1752.348388671875,INFY.NS,Infosys
2025-02-14,1764.849853515625,INFY.NS,Infosys
2025-02-17,1751.4453125,INFY.NS,Infosys
2025-02-18,1760.619384765625,INFY.NS,Infosys
2025-02-19,1721.498779296875,INFY.NS,Infosys
2025-02-20,1735.14111328125,INFY.NS,Infosys
2025-02-21,1725.4915771484375,INFY.NS,Infosys
2025-02-24,1677.101806640625,INFY.NS,Infosys
2025-02-25,1680.524169921875,INFY.NS,Infosys
2025-02-27,1677.2919921875,INFY.NS,Infosys
2025-02-28,1604.4696044921875,INFY.NS,Infosys
2025-03-03,1624.3388671875,INFY.NS,Infosys
2025-03-04,1605.0399169921875,INFY.NS,Infosys
2025-03-05,1627.0958251953125,INFY.NS,Infosys
2025-03-06,1631.231201171875,INFY.NS,Infosys
2025-03-07,1602.853271484375,INFY.NS,Infosys
2025-03-10,1617.5413818359375,INFY.NS,Infosys
2025-03-11,1579.6566162109375,INFY.NS,Infosys
2025-03-12,1512.3956298828125,INFY.NS,Infosys
2025-03-13,1501.938232421875,INFY.NS,Infosys
2025-03-17,1511.63525390625,INFY.NS,Infosys
2025-03-18,1511.63525390625,INFY.NS,Infosys
2025-03-19,1508.307861328125,INFY.NS,Infosys
2025-03-20,1535.8778076171875,INFY.NS,Infosys
2025-03-21,1514.011962890625,INFY.NS,Infosys
2025-03-24,1514.2021484375,INFY.NS,Infosys
2025-03-25,1548.1414794921875,INFY.NS,Infosys
2025-03-26,1520.571533203125,INFY.NS,Infosys
2025-03-27,1524.469482421875,INFY.NS,Infosys
2025-03-28,1493.19189453125,INFY.NS,Infosys
2025-04-01,1451.21923828125,INFY.NS,Infosys
2025-04-02,1473.7030029296875,INFY.NS,Infosys
2025-04-03,1422.69873046875,INFY.NS,Infosys
2025-04-04,1380.0606689453125,INFY.NS,Infosys
2025-04-07,1327.8680419921875,INFY.NS,Infosys
2025-04-08,1358.3375244140625,INFY.NS,Infosys
2025-04-09,1334.4752197265625,INFY.NS,Infosys
2025-04-11,1339.941650390625,INFY.NS,Infosys
2025-04-15,1355.675537109375,INFY.NS,Infosys
2025-04-16,1343.4117431640625,INFY.NS,Infosys
2025-04-17,1349.49609375,INFY.NS,Infosys
2025-04-21,1379.442626953125,INFY.NS,Infosys
2025-04-22,1352.6334228515625,INFY.NS,Infosys
2025-04-23,1402.1640625,INFY.NS,Infosys
2025-04-24,1398.836669921875,INFY.NS,Infosys
2025-04-25,1407.2025146484375,INFY.NS,Infosys
2025-04-28,1409.0087890625,INFY.NS,Infosys
2025-04-29,1423.6494140625,INFY.NS,Infosys
2025-04-30,1426.1212158203125,INFY.NS,Infosys
2025-05-02,1432.5858154296875,INFY.NS,Infosys
2025-05-05,1434.2020263671875,INFY.NS,Infosys
2025-05-06,1436.958984375,INFY.NS,Infosys
2025-05-07,1433.9168701171875,INFY.NS,Infosys
2025-05-08,1436.8638916015625,INFY.NS,Infosys
2025-05-09,1433.2513427734375,INFY.NS,Infosys
2025-05-12,1546.6678466796875,INFY.NS,Infosys
2025-05-13,1491.242919921875,INFY.NS,Infosys
2025-05-14,1513.869384765625,INFY.NS,Infosys
2025-05-15,1533.4534912109375,INFY.NS,Infosys
2025-05-16,1511.49267578125,INFY.NS,Infosys
2025-05-19,1482.8770751953125,INFY.NS,Infosys
2025-05-20,1483.6375732421875,INFY.NS,Infosys
2025-05-21,1491.1480712890625,INFY.NS,Infosys
2025-05-22,1471.18359375,INFY.NS,Infosys
2025-05-23,1487.6304931640625,INFY.NS,Infosys
2025-05-26,1502.55615234375,INFY.NS,Infosys
2025-05-27,1492.6690673828125,INFY.NS,Infosys
2025-05-28,1494.2852783203125,INFY.NS,Infosys
2025-05-29,1507.404541015625,INFY.NS,Infosys
2025-05-30,1506.5369873046875,INFY.NS,Infosys
2025-06-02,1497.9569091796875,INFY.NS,Infosys
2025-06-03,1487.5450439453125,INFY.NS,Infosys
2025-06-04,1495.4503173828125,INFY.NS,Infosys
2025-06-05,1498.43896484375,INFY.NS,Infosys
2025-06-06,1507.5975341796875,INFY.NS,Infosys
2025-06-09,1516.3704833984375,INFY.NS,Infosys
2025-06-10,1538.6402587890625,INFY.NS,Infosys
2025-06-11,1572.4786376953125,INFY.NS,Infosys
2025-06-12,1550.7874755859375,INFY.NS,Infosys
2025-06-13,1544.4246826171875,INFY.NS,Infosys
2025-06-16,1565.441162109375,INFY.NS,Infosys
2025-06-17,1580.962646484375,INFY.NS,Infosys
2025-06-18,1574.214111328125,INFY.NS,Infosys
2025-06-19,1560.2352294921875,INFY.NS,Infosys
2025-06-20,1564.573486328125,INFY.NS,Infosys
2025-06-23,1527.071533203125,INFY.NS,Infosys
2025-06-24,1524.7576904296875,INFY.NS,Infosys
2025-06-25,1556.8609619140625,INFY.NS,Infosys
2025-06-26,1557.9215087890625,INFY.NS,Infosys
2025-06-27,1550.208984375,INFY.NS,Infosys
2025-06-30,1544.2318115234375,INFY.NS,Infosys
2025-07-01,1549.0521240234375,INFY.NS,Infosys
2025-07-02,1552.619140625,INFY.NS,Infosys
2025-07-03,1560.5244140625,INFY.NS,Infosys
2025-07-04,1581.7337646484375,INFY.NS,Infosys
2025-07-07,1568.526123046875,INFY.NS,Infosys
2025-07-08,1579.8056640625,INFY.NS,Infosys
2025-07-09,1574.9852294921875,INFY.NS,Infosys
2025-07-10,1557.7286376953125,INFY.NS,Infosys
2025-07-11,1537.579833984375,INFY.NS,Infosys
2025-07-14,1513.8638916015625,INFY.NS,Infosys
2025-07-15,1528.614013671875,INFY.NS,Infosys
2025-07-16,1550.112548828125,INFY.NS,Infosys
2025-07-17,1526.5894775390625,INFY.NS,Infosys
2025-07-18,1529.0960693359375,INFY.NS,Infosys
2025-07-21,1527.36083984375,INFY.NS,Infosys
2025-07-22,1514.4423828125,INFY.NS,Infosys
2025-07-23,1517.9129638671875,INFY.NS,Infosys
2025-07-24,1496.70361328125,INFY.NS,Infosys
2025-07-25,1461.2261962890625,INFY.NS,Infosys
2025-07-28,1461.515380859375,INFY.NS,Infosys
2025-07-29,1459.2979736328125,INFY.NS,Infosys
2025-07-30,1464.40771484375,INFY.NS,Infosys
2025-07-31,1454.76708984375,INFY.NS,Infosys
2025-08-01,1416.782958984375,INFY.NS,Infosys
2025-08-04,1427.291259765625,INFY.NS,Infosys
2025-08-05,1407.8173828125,INFY.NS,Infosys
2025-08-06,1385.0654296875,INFY.NS,Infosys
2025-08-07,1385.25830078125,INFY.NS,Infosys
2025-08-08,1371.9542236328125,INFY.NS,Infosys
2025-08-11,1376.8709716796875,INFY.NS,Infosys
2025-08-12,1372.918212890625,INFY.NS,Infosys
2025-08-13,1375.328369140625,INFY.NS,Infosys
2025-08-14,1395.6700439453125,INFY.NS,Infosys
2025-08-18,1384.1978759765625,INFY.NS,Infosys
2025-08-19,1388.246826171875,INFY.NS,Infosys
2025-08-20,1442.427001953125,INFY.NS,Infosys
2025-08-21,1442.619873046875,INFY.NS,Infosys
2025-08-22,1434.0396728515625,INFY.NS,Infosys
2025-08-25,1477.0367431640625,INFY.NS,Infosys
2025-08-26,1474.6265869140625,INFY.NS,Infosys
2025-08-28,1446.1868896484375,INFY.NS,Infosys
2025-08-29,1416.782958984375,INFY.NS,Infosys
2025-09-01,1445.511962890625,INFY.NS,Infosys
2025-09-02,1444.837158203125,INFY.NS,Infosys
2025-09-03,1425.941650390625,INFY.NS,Infosys
2025-09-04,1410.420166015625,INFY.NS,Infosys
2025-09-05,1392.6815185546875,INFY.NS,Infosys
2025-09-08,1381.4019775390625,INFY.NS,Infosys
2025-09-09,1450.2359619140625,INFY.NS,Infosys
2025-09-10,1477.518798828125,INFY.NS,Infosys
2025-09-11,1455.4417724609375,INFY.NS,Infosys
2025-09-12,1470.7703857421875,INFY.NS,Infosys
2025-09-15,1454.1885986328125,INFY.NS,Infosys
2025-09-16,1456.9844970703125,INFY.NS,Infosys
2025-09-17,1467.685546875,INFY.NS,Infosys
2025-09-18,1485.2313232421875,INFY.NS,Infosys
2025-09-19,1484.845703125,INFY.NS,Infosys
2025-09-22,1445.6083984375,INFY.NS,Infosys
2025-09-23,1443.6802978515625,INFY.NS,Infosys
2025-09-24,1440.884521484375,INFY.NS,Infosys
2025-09-25,1431.4368896484375,INFY.NS,Infosys
2025-09-26,1396.8270263671875,INFY.NS,Infosys
2025-09-29,1389.982177734375,INFY.NS,Infosys
2025-09-30,1389.982177734375,INFY.NS,Infosys
2025-10-01,1393.8385009765625,INFY.NS,Infosys
2025-10-03,1394.609619140625,INFY.NS,Infosys
2025-10-06,1422.9530029296875,INFY.NS,Infosys
2025-10-07,1406.0819091796875,INFY.NS,Infosys
2025-10-08,1441.2701416015625,INFY.NS,Infosys
2025-10-09,1455.0562744140625,INFY.NS,Infosys
2025-10-10,1460.4549560546875,INFY.NS,Infosys
2025-10-13,1439.5347900390625,INFY.NS,Infosys
2025-10-14,1436.353515625,INFY.NS,Infosys
2025-10-15,1421.4105224609375,INFY.NS,Infosys
2025-10-16,1418.61474609375,INFY.NS,Infosys
2025-10-17,1389.3072509765625,INFY.NS,Infosys
2025-10-20,1408.395751953125,INFY.NS,Infosys
2025-10-21,1419.482421875,INFY.NS,Infosys
2025-10-23,1473.566162109375,INFY.NS,Infosys
2025-10-24,1470.57763671875,INFY.NS,Infosys
2025-10-27,1472.633056640625,INFY.NS,Infosys
2025-10-28,1468.4241943359375,INFY.NS,Infosys
2025-10-29,1478.408203125,INFY.NS,Infosys
2025-10-30,1462.1597900390625,INFY.NS,Infosys
2025-10-31,1450.9034423828125,INFY.NS,Infosys
2025-11-03,1454.0355224609375,INFY.NS,Infosys
2025-11-04,1436.808349609375,INFY.NS,Infosys
2025-11-06,1435.6336669921875,INFY.NS,Infosys
2025-11-07,1445.5198974609375,INFY.NS,Infosys
2025-11-10,1481.4425048828125,INFY.NS,Infosys
2025-11-11,1497.88671875,INFY.NS,Infosys
2025-11-12,1518.8333740234375,INFY.NS,Infosys
2025-11-13,1509.14306640625,INFY.NS,Infosys
2025-11-14,1470.9691162109375,INFY.NS,Infosys
2025-11-17,1475.66748046875,INFY.NS,Infosys
2025-11-18,1454.91650390625,INFY.NS,Infosys
2025-11-19,1508.4578857421875,INFY.NS,Infosys
2025-11-20,1503.955322265625,INFY.NS,Infosys
2025-11-21,1512.2752685546875,INFY.NS,Infosys
2025-11-24,1515.2117919921875,INFY.NS,Infosys
2025-11-25,1498.1802978515625,INFY.NS,Infosys
2025-11-26,1524.902099609375,INFY.NS,Infosys
2025-11-27,1533.2220458984375,INFY.NS,Infosys
2025-11-28,1527.055419921875,INFY.NS,Infosys
2025-12-01,1530.872802734375,INFY.NS,Infosys
2025-12-02,1527.9364013671875,INFY.NS,Infosys
2025-12-03,1545.261474609375,INFY.NS,Infosys
2025-12-04,1563.7611083984375,INFY.NS,Infosys
2025-12-05,1581.9671630859375,INFY.NS,Infosys
2025-12-08,1576.681640625,INFY.NS,Infosys
2025-12-09,1565.1314697265625,INFY.NS,Infosys
2025-12-10,1551.2322998046875,INFY.NS,Infosys
2025-12-11,1564.1527099609375,INFY.NS,Infosys
2025-12-12,1564.348388671875,INFY.NS,Infosys
2025-12-15,1572.766357421875,INFY.NS,Infosys
2025-12-16,1559.1607666015625,INFY.NS,Infosys
2025-12-17,1568.0679931640625,INFY.NS,Infosys
2025-12-18,1592.3427734375,INFY.NS,Infosys
2025-12-19,1603.9906005859375,INFY.NS,Infosys
2025-12-22,1653.8125,INFY.NS,Infosys
2025-12-23,1632.9637451171875,INFY.NS,Infosys
2025-12-24,1628.16748046875,INFY.NS,Infosys
2025-12-26,1621.0220947265625,INFY.NS,Infosys
2025-12-29,1609.863525390625,INFY.NS,Infosys
2025-12-30,1587.2528076171875,INFY.NS,Infosys
2025-12-31,1581.1842041015625,INFY.NS,Infosys
2026-01-01,1595.2791748046875,INFY.NS,Infosys
2026-01-02,1605.6546630859375,INFY.NS,Infosys
2026-01-05,1572.374755859375,INFY.NS,Infosys
2026-01-06,1578.0518798828125,INFY.NS,Infosys
2026-01-07,1604.2843017578125,INFY.NS,Infosys
2026-01-08,1579.128662109375,INFY.NS,Infosys
2026-01-09,1579.91162109375,INFY.NS,Infosys
2026-01-12,1562.09716796875,INFY.NS,Infosys
2026-01-13,1565.1314697265625,INFY.NS,Infosys
2026-01-14,1565.91455078125,INFY.NS,Infosys
2026-01-15,1565.91455078125,INFY.NS,Infosys
2026-01-16,1654.00830078125,INFY.NS,Infosys
2026-01-19,1645.59033203125,INFY.NS,Infosys
2026-01-20,1623.7628173828125,INFY.NS,Infosys
2026-01-21,1619.358154296875,INFY.NS,Infosys
2026-01-22,1628.265380859375,INFY.NS,Infosys
2026-01-23,1635.4107666015625,INFY.NS,Infosys
2026-01-27,1647.05859375,INFY.NS,Infosys
2026-01-28,1631.2017822265625,INFY.NS,Infosys
2026-01-29,1624.35009765625,INFY.NS,Infosys
2026-01-30,1606.241943359375,INFY.NS,Infosys
2026-02-02,1594.8875732421875,INFY.NS,Infosys
2026-02-03,1620.9241943359375,INFY.NS,Infosys
2026-02-04,1503.2701416015625,INFY.NS,Infosys
2026-02-05,1488.00048828125,INFY.NS,Infosys
2026-02-06,1475.177978515625,INFY.NS,Infosys
2026-02-09,1465.4876708984375,INFY.NS,Infosys
2026-02-10,1466.0750732421875,INFY.NS,Infosys
2026-02-11,1440.7236328125,INFY.NS,Infosys
2026-02-12,1356.64306640625,INFY.NS,Infosys
2026-02-13,1340.1009521484375,INFY.NS,Infosys
2026-02-16,1336.6751708984375,INFY.NS,Infosys
2026-02-17,1361.73291015625,INFY.NS,Infosys
2026-02-18,1344.603515625,INFY.NS,Infosys
2026-02-19,1341.471435546875,INFY.NS,Infosys
2026-02-20,1324.5377197265625,INFY.NS,Infosys
2026-02-23,1299.3822021484375,INFY.NS,Infosys
2026-02-24,1248.4835205078125,INFY.NS,Infosys
2026-02-25,1262.7742919921875,INFY.NS,Infosys
2026-02-26,1261.7955322265625,INFY.NS,Infosys
2026-02-27,1272.5625,INFY.NS,Infosys
2026-03-02,1261.5997314453125,INFY.NS,Infosys
2026-03-04,1279.7078857421875,INFY.NS,Infosys
2026-03-05,1278.141845703125,INFY.NS,Infosys
2026-03-06,1280.686767578125,INFY.NS,Infosys
2026-03-09,1287.14697265625,INFY.NS,Infosys
2026-03-10,1268.1578369140625,INFY.NS,Infosys
2026-03-11,1249.2667236328125,INFY.NS,Infosys
2026-03-12,1238.9891357421875,INFY.NS,Infosys
2026-03-13,1221.8597412109375,INFY.NS,Infosys
2026-03-16,1223.3280029296875,INFY.NS,Infosys
2026-03-17,1206.785888671875,INFY.NS,Infosys
2026-03-18,1240.261474609375,INFY.NS,Infosys
2026-03-19,1194.9422607421875,INFY.NS,Infosys
2026-03-20,1229.2987060546875,INFY.NS,Infosys
2026-03-23,1230.1796875,INFY.NS,Infosys
2026-03-24,1251.224365234375,INFY.NS,Infosys
2026-03-25,1252.00732421875,INFY.NS,Infosys
2026-03-27,1242.806396484375,INFY.NS,Infosys
2026-03-30,1224.1109619140625,INFY.NS,Infosys
2026-04-01,1248.6793212890625,INFY.NS,Infosys
2026-04-02,1273.247802734375,INFY.NS,Infosys
2026-04-06,1278.5333251953125,INFY.NS,Infosys
2026-04-07,1311.0301513671875,INFY.NS,Infosys
2026-04-08,1317.68603515625,INFY.NS,Infosys
2026-04-09,1303.395263671875,INFY.NS,Infosys
2026-04-10,1265.12353515625,INFY.NS,Infosys
2026-04-13,1249.756103515625,INFY.NS,Infosys
2026-04-15,1277.6524658203125,INFY.NS,Infosys
2026-04-16,1291.2579345703125,INFY.NS,Infosys
2026-04-17,1290.7685546875,INFY.NS,Infosys
2026-04-20,1284.7977294921875,INFY.NS,Infosys
2026-04-21,1285.385009765625,INFY.NS,Infosys
2026-04-22,1241.729736328125,INFY.NS,Infosys
2026-04-23,1214.32275390625,INFY.NS,Infosys
2026-04-24,1130.144287109375,INFY.NS,Infosys
2026-04-27,1145.5118408203125,INFY.NS,Infosys
2026-04-28,1127.697265625,INFY.NS,Infosys
2026-04-29,1142.7711181640625,INFY.NS,Infosys
2026-04-30,1156.768310546875,INFY.NS,Infosys
2026-05-01,1156.768310546875,INFY.NS,Infosys
2026-05-04,1143.652099609375,INFY.NS,Infosys
2026-05-05,1153.1466064453125,INFY.NS,Infosys
2026-05-06,1142.4774169921875,INFY.NS,Infosys
2026-05-07,1138.07275390625,INFY.NS,Infosys
2026-05-08,1154.2232666015625,INFY.NS,Infosys
2026-05-11,1152.0699462890625,INFY.NS,Infosys
2026-05-12,1116.1473388671875,INFY.NS,Infosys
2026-05-13,1099.3115234375,INFY.NS,Infosys
2026-05-14,1071.8067626953125,INFY.NS,Infosys
2026-05-15,1095.2984619140625,INFY.NS,Infosys
2026-05-18,1118.3006591796875,INFY.NS,Infosys
2026-05-19,1171.5484619140625,INFY.NS,Infosys
2026-05-20,1168.4161376953125,INFY.NS,Infosys
2026-05-21,1156.180908203125,INFY.NS,Infosys
2026-05-22,1149.622802734375,INFY.NS,Infosys
2026-05-25,1143.75,INFY.NS,Infosys
2026-05-26,1142.966796875,INFY.NS,Infosys
2026-05-27,1135.3321533203125,INFY.NS,Infosys
2026-05-28,1135.3321533203125,INFY.NS,Infosys
2026-05-29,1136.3109130859375,INFY.NS,Infosys
2026-06-01,1177.02978515625,INFY.NS,Infosys
2026-06-02,1243.8831787109375,INFY.NS,Infosys
2026-06-03,1196.7039794921875,INFY.NS,Infosys
2026-06-04,1175.855224609375,INFY.NS,Infosys
2026-06-05,1172.1357421875,INFY.NS,Infosys
2026-06-08,1162.4453125,INFY.NS,Infosys
2026-06-09,1155.300048828125,INFY.NS,Infosys
2026-06-10,1145.300048828125,INFY.NS,Infosys
2026-06-11,1114.5999755859375,INFY.NS,Infosys
2026-06-12,1116.4000244140625,INFY.NS,Infosys
2026-06-15,1134.9000244140625,INFY.NS,Infosys
2026-06-16,1143.5999755859375,INFY.NS,Infosys
2026-06-17,1157.699951171875,INFY.NS,Infosys
2026-06-18,1127.5,INFY.NS,Infosys
2026-06-19,1051.4000244140625,INFY.NS,Infosys
2026-06-22,1065.4000244140625,INFY.NS,Infosys
2026-06-23,1029.300048828125,INFY.NS,Infosys
2026-06-24,1056.5999755859375,INFY.NS,Infosys
2026-06-25,1041.199951171875,INFY.NS,Infosys
2026-06-26,1041.199951171875,INFY.NS,Infosys
2026-06-29,1036.699951171875,INFY.NS,Infosys
2026-06-30,1000.4000244140625,INFY.NS,Infosys
2026-07-01,985.2999877929688,INFY.NS,Infosys
2026-07-02,1040.9000244140625,INFY.NS,Infosys
2026-07-03,1047.199951171875,INFY.NS,Infosys
2026-07-06,1042.199951171875,INFY.NS,Infosys
2026-07-07,1071.800048828125,INFY.NS,Infosys
2026-07-08,1069.300048828125,INFY.NS,Infosys
2026-07-09,1050.800048828125,INFY.NS,Infosys
2026-07-10,1068.0,INFY.NS,Infosys
2026-07-13,1102.5999755859375,INFY.NS,Infosys
2026-07-14,1092.9000244140625,INFY.NS,Infosys
2026-07-15,1076.300048828125,INFY.NS,Infosys
2026-07-16,1082.4000244140625,INFY.NS,Infosys
2026-07-17,1096.5,INFY.NS,Infosys
2026-07-20,1087.0999755859375,INFY.NS,Infosys
2026-07-21,1073.5,INFY.NS,Infosys
2026-07-22,1052.0999755859375,INFY.NS,Infosys
2026-07-23,1047.4000244140625,INFY.NS,Infosys
2026-07-24,1040.9000244140625,INFY.NS,Infosys
2026-07-27,1079.199951171875,INFY.NS,Infosys
2026-07-28,1105.699951171875,INFY.NS,Infosys
2026-07-29,1155.5999755859375,INFY.NS,Infosys
2026-07-30,1155.0999755859375,INFY.NS,Infosys
2026-07-31,1130.0999755859375,INFY.NS,Infosys
2026-08-03,1180.0,INFY.NS,Infosys
2026-08-04,1167.5,INFY.NS,Infosys
2026-08-05,1174.0,INFY.NS,Infosys
2026-08-06,1165.0,INFY.NS,Infosys
2026-08-07,1175.0999755859375,INFY.NS,Infosys
2026-08-10,1183.0,INFY.NS,Infosys
2026-08-11,1190.699951171875,INFY.NS,Infosys
2026-08-12,1176.0999755859375,INFY.NS,Infosys
2026-08-13,1175.0,INFY.NS,Infosys
2026-08-14,1169.199951171875,INFY.NS,Infosys
2026-08-17,1139.9000244140625,INFY.NS,Infosys
2026-08-18,,INFY.NS,Infosys
2021-08-18,707.9307250976562,HDFCBANK.NS,HDFC Bank
2021-08-20,708.7496337890625,HDFCBANK.NS,HDFC Bank
2021-08-23,713.3583374023438,HDFCBANK.NS,HDFC Bank
2021-08-24,729.3839721679688,HDFCBANK.NS,HDFC Bank
2021-08-25,728.7054443359375,HDFCBANK.NS,HDFC Bank
2021-08-26,727.489013671875,HDFCBANK.NS,HDFC Bank
2021-08-27,724.517822265625,HDFCBANK.NS,HDFC Bank
2021-08-30,733.7822265625,HDFCBANK.NS,HDFC Bank
2021-08-31,739.9349975585938,HDFCBANK.NS,HDFC Bank
2021-09-01,738.85888671875,HDFCBANK.NS,HDFC Bank
2021-09-02,743.4911499023438,HDFCBANK.NS,HDFC Bank
2021-09-03,737.4318237304688,HDFCBANK.NS,HDFC Bank
2021-09-06,732.5889892578125,HDFCBANK.NS,HDFC Bank
2021-09-07,734.2500610351562,HDFCBANK.NS,HDFC Bank
2021-09-08,737.5956420898438,HDFCBANK.NS,HDFC Bank
2021-09-09,733.9458618164062,HDFCBANK.NS,HDFC Bank
2021-09-13,727.8399047851562,HDFCBANK.NS,HDFC Bank
2021-09-14,724.5645751953125,HDFCBANK.NS,HDFC Bank
2021-09-15,723.745849609375,HDFCBANK.NS,HDFC Bank
2021-09-16,729.8986206054688,HDFCBANK.NS,HDFC Bank
2021-09-17,740.2860107421875,HDFCBANK.NS,HDFC Bank
2021-09-20,729.8517456054688,HDFCBANK.NS,HDFC Bank
2021-09-21,726.1553955078125,HDFCBANK.NS,HDFC Bank
2021-09-22,717.6162109375,HDFCBANK.NS,HDFC Bank
2021-09-23,734.6009521484375,HDFCBANK.NS,HDFC Bank
2021-09-24,749.36328125,HDFCBANK.NS,HDFC Bank
2021-09-27,760.3822631835938,HDFCBANK.NS,HDFC Bank
2021-09-28,755.6798095703125,HDFCBANK.NS,HDFC Bank
2021-09-29,745.7603759765625,HDFCBANK.NS,HDFC Bank
2021-09-30,746.2750244140625,HDFCBANK.NS,HDFC Bank
2021-10-01,740.5432739257812,HDFCBANK.NS,HDFC Bank
2021-10-04,741.9703979492188,HDFCBANK.NS,HDFC Bank
2021-10-05,746.5089721679688,HDFCBANK.NS,HDFC Bank
2021-10-06,755.6097412109375,HDFCBANK.NS,HDFC Bank
2021-10-07,753.5509033203125,HDFCBANK.NS,HDFC Bank
2021-10-08,749.8778686523438,HDFCBANK.NS,HDFC Bank
2021-10-11,764.4530029296875,HDFCBANK.NS,HDFC Bank
2021-10-12,762.48779296875,HDFCBANK.NS,HDFC Bank
2021-10-13,767.0731811523438,HDFCBANK.NS,HDFC Bank
2021-10-14,789.5322875976562,HDFCBANK.NS,HDFC Bank
2021-10-18,781.53125,HDFCBANK.NS,HDFC Bank
2021-10-19,790.1405639648438,HDFCBANK.NS,HDFC Bank
2021-10-20,783.1922607421875,HDFCBANK.NS,HDFC Bank
2021-10-21,784.338623046875,HDFCBANK.NS,HDFC Bank
2021-10-22,786.4207763671875,HDFCBANK.NS,HDFC Bank
2021-10-25,775.3081665039062,HDFCBANK.NS,HDFC Bank
2021-10-26,773.319580078125,HDFCBANK.NS,HDFC Bank
2021-10-27,768.6640625,HDFCBANK.NS,HDFC Bank
2021-10-28,745.643310546875,HDFCBANK.NS,HDFC Bank
2021-10-29,740.613525390625,HDFCBANK.NS,HDFC Bank
2021-11-01,751.1177978515625,HDFCBANK.NS,HDFC Bank
2021-11-02,751.7962646484375,HDFCBANK.NS,HDFC Bank
2021-11-03,739.9584350585938,HDFCBANK.NS,HDFC Bank
2021-11-04,745.8071899414062,HDFCBANK.NS,HDFC Bank
2021-11-08,748.7549438476562,HDFCBANK.NS,HDFC Bank
2021-11-09,735.65380859375,HDFCBANK.NS,HDFC Bank
2021-11-10,727.699462890625,HDFCBANK.NS,HDFC Bank
2021-11-11,724.4476318359375,HDFCBANK.NS,HDFC Bank
2021-11-12,726.6466674804688,HDFCBANK.NS,HDFC Bank
2021-11-15,728.6353149414062,HDFCBANK.NS,HDFC Bank
2021-11-16,724.3072509765625,HDFCBANK.NS,HDFC Bank
2021-11-17,716.2593383789062,HDFCBANK.NS,HDFC Bank
2021-11-18,720.2833251953125,HDFCBANK.NS,HDFC Bank
2021-11-22,709.0302734375,HDFCBANK.NS,HDFC Bank
2021-11-23,709.1239013671875,HDFCBANK.NS,HDFC Bank
2021-11-24,710.2937622070312,HDFCBANK.NS,HDFC Bank
2021-11-25,713.989990234375,HDFCBANK.NS,HDFC Bank
2021-11-26,697.1223754882812,HDFCBANK.NS,HDFC Bank
2021-11-29,702.4329833984375,HDFCBANK.NS,HDFC Bank
2021-11-30,698.8302612304688,HDFCBANK.NS,HDFC Bank
2021-12-01,704.0238037109375,HDFCBANK.NS,HDFC Bank
2021-12-02,713.896484375,HDFCBANK.NS,HDFC Bank
2021-12-03,708.1881103515625,HDFCBANK.NS,HDFC Bank
2021-12-06,703.6260375976562,HDFCBANK.NS,HDFC Bank
2021-12-07,713.873046875,HDFCBANK.NS,HDFC Bank
2021-12-08,727.0211181640625,HDFCBANK.NS,HDFC Bank
2021-12-09,714.4111328125,HDFCBANK.NS,HDFC Bank
2021-12-10,712.3992309570312,HDFCBANK.NS,HDFC Bank
2021-12-13,707.0651245117188,HDFCBANK.NS,HDFC Bank
2021-12-14,702.9944458007812,HDFCBANK.NS,HDFC Bank
2021-12-15,701.8480834960938,HDFCBANK.NS,HDFC Bank
2021-12-16,701.8948974609375,HDFCBANK.NS,HDFC Bank
2021-12-17,689.23828125,HDFCBANK.NS,HDFC Bank
2021-12-20,667.0598754882812,HDFCBANK.NS,HDFC Bank
2021-12-21,674.6163940429688,HDFCBANK.NS,HDFC Bank
2021-12-22,676.2071533203125,HDFCBANK.NS,HDFC Bank
2021-12-23,675.6925048828125,HDFCBANK.NS,HDFC Bank
2021-12-24,673.2594604492188,HDFCBANK.NS,HDFC Bank
2021-12-27,678.8274536132812,HDFCBANK.NS,HDFC Bank
2021-12-28,683.5064697265625,HDFCBANK.NS,HDFC Bank
2021-12-29,680.2545776367188,HDFCBANK.NS,HDFC Bank
2021-12-30,683.833984375,HDFCBANK.NS,HDFC Bank
2021-12-31,692.2093505859375,HDFCBANK.NS,HDFC Bank
2022-01-03,711.0422973632812,HDFCBANK.NS,HDFC Bank
2022-01-04,715.20654296875,HDFCBANK.NS,HDFC Bank
2022-01-05,732.1913452148438,HDFCBANK.NS,HDFC Bank
2022-01-06,720.4470825195312,HDFCBANK.NS,HDFC Bank
2022-01-07,725.5004272460938,HDFCBANK.NS,HDFC Bank
2022-01-10,729.5242919921875,HDFCBANK.NS,HDFC Bank
2022-01-11,732.6826782226562,HDFCBANK.NS,HDFC Bank
2022-01-12,728.3545532226562,HDFCBANK.NS,HDFC Bank
2022-01-13,714.9491577148438,HDFCBANK.NS,HDFC Bank
2022-01-14,722.9737548828125,HDFCBANK.NS,HDFC Bank
2022-01-17,711.9078979492188,HDFCBANK.NS,HDFC Bank
2022-01-18,715.5341186523438,HDFCBANK.NS,HDFC Bank
2022-01-19,710.4807739257812,HDFCBANK.NS,HDFC Bank
2022-01-20,706.0592041015625,HDFCBANK.NS,HDFC Bank
2022-01-21,711.9547119140625,HDFCBANK.NS,HDFC Bank
2022-01-24,695.6016235351562,HDFCBANK.NS,HDFC Bank
2022-01-25,696.2567749023438,HDFCBANK.NS,HDFC Bank
2022-01-27,690.1271362304688,HDFCBANK.NS,HDFC Bank
2022-01-28,684.6527099609375,HDFCBANK.NS,HDFC Bank
2022-01-31,695.1571044921875,HDFCBANK.NS,HDFC Bank
2022-02-01,700.4443969726562,HDFCBANK.NS,HDFC Bank
2022-02-02,716.446533203125,HDFCBANK.NS,HDFC Bank
2022-02-03,709.0302734375,HDFCBANK.NS,HDFC Bank
2022-02-04,713.0777587890625,HDFCBANK.NS,HDFC Bank
2022-02-07,686.945556640625,HDFCBANK.NS,HDFC Bank
2022-02-08,683.9977416992188,HDFCBANK.NS,HDFC Bank
2022-02-09,700.72509765625,HDFCBANK.NS,HDFC Bank
2022-02-10,713.5923461914062,HDFCBANK.NS,HDFC Bank
2022-02-11,710.66796875,HDFCBANK.NS,HDFC Bank
2022-02-14,689.5423583984375,HDFCBANK.NS,HDFC Bank
2022-02-15,710.1767578125,HDFCBANK.NS,HDFC Bank
2022-02-16,709.2174682617188,HDFCBANK.NS,HDFC Bank
2022-02-17,704.8894653320312,HDFCBANK.NS,HDFC Bank
2022-02-18,707.6265869140625,HDFCBANK.NS,HDFC Bank
2022-02-21,712.1885375976562,HDFCBANK.NS,HDFC Bank
2022-02-22,706.8545532226562,HDFCBANK.NS,HDFC Bank
2022-02-23,702.269287109375,HDFCBANK.NS,HDFC Bank
2022-02-24,664.1354370117188,HDFCBANK.NS,HDFC Bank
2022-02-25,681.3073120117188,HDFCBANK.NS,HDFC Bank
2022-02-28,667.3405151367188,HDFCBANK.NS,HDFC Bank
2022-03-02,643.0098266601562,HDFCBANK.NS,HDFC Bank
2022-03-03,641.4891967773438,HDFCBANK.NS,HDFC Bank
2022-03-04,639.3836669921875,HDFCBANK.NS,HDFC Bank
2022-03-07,619.8722534179688,HDFCBANK.NS,HDFC Bank
2022-03-08,621.27587890625,HDFCBANK.NS,HDFC Bank
2022-03-09,641.559326171875,HDFCBANK.NS,HDFC Bank
2022-03-10,651.6425170898438,HDFCBANK.NS,HDFC Bank
2022-03-11,653.5609130859375,HDFCBANK.NS,HDFC Bank
2022-03-14,674.9673461914062,HDFCBANK.NS,HDFC Bank
2022-03-15,666.287841796875,HDFCBANK.NS,HDFC Bank
2022-03-16,677.5875854492188,HDFCBANK.NS,HDFC Bank
2022-03-17,692.5134887695312,HDFCBANK.NS,HDFC Bank
2022-03-21,695.5314331054688,HDFCBANK.NS,HDFC Bank
2022-03-22,699.1109008789062,HDFCBANK.NS,HDFC Bank
2022-03-23,692.1392211914062,HDFCBANK.NS,HDFC Bank
2022-03-24,675.0140991210938,HDFCBANK.NS,HDFC Bank
2022-03-25,669.5162353515625,HDFCBANK.NS,HDFC Bank
2022-03-28,670.4053344726562,HDFCBANK.NS,HDFC Bank
2022-03-29,679.2953491210938,HDFCBANK.NS,HDFC Bank
2022-03-30,691.0631103515625,HDFCBANK.NS,HDFC Bank
2022-03-31,687.9749145507812,HDFCBANK.NS,HDFC Bank
2022-04-01,704.6554565429688,HDFCBANK.NS,HDFC Bank
2022-04-04,775.2146606445312,HDFCBANK.NS,HDFC Bank
2022-04-05,752.4981689453125,HDFCBANK.NS,HDFC Bank
2022-04-06,725.6407470703125,HDFCBANK.NS,HDFC Bank
2022-04-07,709.6853637695312,HDFCBANK.NS,HDFC Bank
2022-04-08,708.7027587890625,HDFCBANK.NS,HDFC Bank
2022-04-11,700.0466918945312,HDFCBANK.NS,HDFC Bank
2022-04-12,698.8067626953125,HDFCBANK.NS,HDFC Bank
2022-04-13,685.4482421875,HDFCBANK.NS,HDFC Bank
2022-04-18,652.92919921875,HDFCBANK.NS,HDFC Bank
2022-04-19,628.0136108398438,HDFCBANK.NS,HDFC Bank
2022-04-20,633.6751708984375,HDFCBANK.NS,HDFC Bank
2022-04-21,643.0565795898438,HDFCBANK.NS,HDFC Bank
2022-04-22,634.2835693359375,HDFCBANK.NS,HDFC Bank
2022-04-25,639.0326538085938,HDFCBANK.NS,HDFC Bank
2022-04-26,641.9804077148438,HDFCBANK.NS,HDFC Bank
2022-04-27,642.2144165039062,HDFCBANK.NS,HDFC Bank
2022-04-28,641.6528930664062,HDFCBANK.NS,HDFC Bank
2022-04-29,647.8525390625,HDFCBANK.NS,HDFC Bank
2022-05-02,656.7893676757812,HDFCBANK.NS,HDFC Bank
2022-05-04,634.4705810546875,HDFCBANK.NS,HDFC Bank
2022-05-05,633.0435791015625,HDFCBANK.NS,HDFC Bank
2022-05-06,616.5033569335938,HDFCBANK.NS,HDFC Bank
2022-05-09,617.55615234375,HDFCBANK.NS,HDFC Bank
2022-05-10,627.4756469726562,HDFCBANK.NS,HDFC Bank
2022-05-11,631.0081787109375,HDFCBANK.NS,HDFC Bank
2022-05-12,616.784423828125,HDFCBANK.NS,HDFC Bank
2022-05-13,611.246337890625,HDFCBANK.NS,HDFC Bank
2022-05-16,617.7546997070312,HDFCBANK.NS,HDFC Bank
2022-05-17,621.9674682617188,HDFCBANK.NS,HDFC Bank
2022-05-18,621.9201049804688,HDFCBANK.NS,HDFC Bank
2022-05-19,609.2109985351562,HDFCBANK.NS,HDFC Bank
2022-05-20,625.2571411132812,HDFCBANK.NS,HDFC Bank
2022-05-23,617.234130859375,HDFCBANK.NS,HDFC Bank
2022-05-24,624.3104248046875,HDFCBANK.NS,HDFC Bank
2022-05-25,628.972900390625,HDFCBANK.NS,HDFC Bank
2022-05-26,646.9124145507812,HDFCBANK.NS,HDFC Bank
2022-05-27,658.9115600585938,HDFCBANK.NS,HDFC Bank
2022-05-30,663.4082641601562,HDFCBANK.NS,HDFC Bank
2022-05-31,657.4441528320312,HDFCBANK.NS,HDFC Bank
2022-06-01,660.2368774414062,HDFCBANK.NS,HDFC Bank
2022-06-02,655.6218872070312,HDFCBANK.NS,HDFC Bank
2022-06-03,653.3497924804688,HDFCBANK.NS,HDFC Bank
2022-06-06,652.4740600585938,HDFCBANK.NS,HDFC Bank
2022-06-07,644.9716796875,HDFCBANK.NS,HDFC Bank
2022-06-08,647.2437744140625,HDFCBANK.NS,HDFC Bank
2022-06-09,652.1190795898438,HDFCBANK.NS,HDFC Bank
2022-06-10,639.5283203125,HDFCBANK.NS,HDFC Bank
2022-06-13,627.9315185546875,HDFCBANK.NS,HDFC Bank
2022-06-14,621.020751953125,HDFCBANK.NS,HDFC Bank
2022-06-15,618.8670654296875,HDFCBANK.NS,HDFC Bank
2022-06-16,606.4892578125,HDFCBANK.NS,HDFC Bank
2022-06-17,610.4889526367188,HDFCBANK.NS,HDFC Bank
2022-06-20,625.8251953125,HDFCBANK.NS,HDFC Bank
2022-06-21,632.6412963867188,HDFCBANK.NS,HDFC Bank
2022-06-22,629.6591796875,HDFCBANK.NS,HDFC Bank
2022-06-23,631.9785766601562,HDFCBANK.NS,HDFC Bank
2022-06-24,640.806396484375,HDFCBANK.NS,HDFC Bank
2022-06-27,641.9660034179688,HDFCBANK.NS,HDFC Bank
2022-06-28,637.0669555664062,HDFCBANK.NS,HDFC Bank
2022-06-29,636.1438598632812,HDFCBANK.NS,HDFC Bank
2022-06-30,638.0609741210938,HDFCBANK.NS,HDFC Bank
2022-07-01,640.7826538085938,HDFCBANK.NS,HDFC Bank
2022-07-04,641.6820678710938,HDFCBANK.NS,HDFC Bank
2022-07-05,640.23828125,HDFCBANK.NS,HDFC Bank
2022-07-06,649.0661010742188,HDFCBANK.NS,HDFC Bank
2022-07-07,660.6865844726562,HDFCBANK.NS,HDFC Bank
2022-07-08,661.3018798828125,HDFCBANK.NS,HDFC Bank
2022-07-11,665.585693359375,HDFCBANK.NS,HDFC Bank
2022-07-12,658.793212890625,HDFCBANK.NS,HDFC Bank
2022-07-13,642.7233276367188,HDFCBANK.NS,HDFC Bank
2022-07-14,639.504638671875,HDFCBANK.NS,HDFC Bank
2022-07-15,644.7113647460938,HDFCBANK.NS,HDFC Bank
2022-07-18,637.8479614257812,HDFCBANK.NS,HDFC Bank
2022-07-19,638.0846557617188,HDFCBANK.NS,HDFC Bank
2022-07-20,646.1314086914062,HDFCBANK.NS,HDFC Bank
2022-07-21,644.0960083007812,HDFCBANK.NS,HDFC Bank
2022-07-22,659.12451171875,HDFCBANK.NS,HDFC Bank
2022-07-25,661.065185546875,HDFCBANK.NS,HDFC Bank
2022-07-26,659.7162475585938,HDFCBANK.NS,HDFC Bank
2022-07-27,664.75732421875,HDFCBANK.NS,HDFC Bank
2022-07-28,670.6503295898438,HDFCBANK.NS,HDFC Bank
2022-07-29,678.86279296875,HDFCBANK.NS,HDFC Bank
2022-08-01,684.5191650390625,HDFCBANK.NS,HDFC Bank
2022-08-02,676.9931030273438,HDFCBANK.NS,HDFC Bank
2022-08-03,678.5787353515625,HDFCBANK.NS,HDFC Bank
2022-08-04,677.774169921875,HDFCBANK.NS,HDFC Bank
2022-08-05,675.4784545898438,HDFCBANK.NS,HDFC Bank
2022-08-08,692.0452880859375,HDFCBANK.NS,HDFC Bank
2022-08-10,694.0569458007812,HDFCBANK.NS,HDFC Bank
2022-08-11,703.23974609375,HDFCBANK.NS,HDFC Bank
2022-08-12,702.9794311523438,HDFCBANK.NS,HDFC Bank
2022-08-16,711.0262451171875,HDFCBANK.NS,HDFC Bank
2022-08-17,714.6945190429688,HDFCBANK.NS,HDFC Bank
2022-08-18,715.5465698242188,HDFCBANK.NS,HDFC Bank
2022-08-19,706.71875,HDFCBANK.NS,HDFC Bank
2022-08-22,695.9740600585938,HDFCBANK.NS,HDFC Bank
2022-08-23,693.8203735351562,HDFCBANK.NS,HDFC Bank
2022-08-24,697.1572875976562,HDFCBANK.NS,HDFC Bank
2022-08-25,693.3706665039062,HDFCBANK.NS,HDFC Bank
2022-08-26,693.4888916015625,HDFCBANK.NS,HDFC Bank
2022-08-29,681.3240966796875,HDFCBANK.NS,HDFC Bank
2022-08-30,703.4290771484375,HDFCBANK.NS,HDFC Bank
2022-09-01,696.8259887695312,HDFCBANK.NS,HDFC Bank
2022-09-02,703.1451416015625,HDFCBANK.NS,HDFC Bank
2022-09-05,707.66552734375,HDFCBANK.NS,HDFC Bank
2022-09-06,704.9674682617188,HDFCBANK.NS,HDFC Bank
2022-09-07,701.6304321289062,HDFCBANK.NS,HDFC Bank
2022-09-08,708.8724975585938,HDFCBANK.NS,HDFC Bank
2022-09-09,709.3457641601562,HDFCBANK.NS,HDFC Bank
2022-09-12,706.9554443359375,HDFCBANK.NS,HDFC Bank
2022-09-13,716.209228515625,HDFCBANK.NS,HDFC Bank
2022-09-14,723.5697021484375,HDFCBANK.NS,HDFC Bank
2022-09-15,719.8065185546875,HDFCBANK.NS,HDFC Bank
2022-09-16,706.5768432617188,HDFCBANK.NS,HDFC Bank
2022-09-19,711.2391967773438,HDFCBANK.NS,HDFC Bank
2022-09-20,719.8065185546875,HDFCBANK.NS,HDFC Bank
2022-09-21,718.6942138671875,HDFCBANK.NS,HDFC Bank
2022-09-22,703.3817138671875,HDFCBANK.NS,HDFC Bank
2022-09-23,684.5191650390625,HDFCBANK.NS,HDFC Bank
2022-09-26,675.2890625,HDFCBANK.NS,HDFC Bank
2022-09-27,669.2302856445312,HDFCBANK.NS,HDFC Bank
2022-09-28,657.7282104492188,HDFCBANK.NS,HDFC Bank
2022-09-29,654.3201293945312,HDFCBANK.NS,HDFC Bank
2022-09-30,672.7803955078125,HDFCBANK.NS,HDFC Bank
2022-10-03,668.9226684570312,HDFCBANK.NS,HDFC Bank
2022-10-04,687.7615966796875,HDFCBANK.NS,HDFC Bank
2022-10-06,680.1881103515625,HDFCBANK.NS,HDFC Bank
2022-10-07,677.25341796875,HDFCBANK.NS,HDFC Bank
2022-10-10,669.774658203125,HDFCBANK.NS,HDFC Bank
2022-10-11,662.9822998046875,HDFCBANK.NS,HDFC Bank
2022-10-12,667.3133544921875,HDFCBANK.NS,HDFC Bank
2022-10-13,659.6452026367188,HDFCBANK.NS,HDFC Bank
2022-10-14,681.1348266601562,HDFCBANK.NS,HDFC Bank
2022-10-17,684.7085571289062,HDFCBANK.NS,HDFC Bank
2022-10-18,683.430419921875,HDFCBANK.NS,HDFC Bank
2022-10-19,690.4359741210938,HDFCBANK.NS,HDFC Bank
2022-10-20,685.7735595703125,HDFCBANK.NS,HDFC Bank
2022-10-21,680.9454345703125,HDFCBANK.NS,HDFC Bank
2022-10-24,691.5719604492188,HDFCBANK.NS,HDFC Bank
2022-10-25,686.767578125,HDFCBANK.NS,HDFC Bank
2022-10-27,688.4242553710938,HDFCBANK.NS,HDFC Bank
2022-10-28,690.4595336914062,HDFCBANK.NS,HDFC Bank
2022-10-31,708.446533203125,HDFCBANK.NS,HDFC Bank
2022-11-01,716.2802734375,HDFCBANK.NS,HDFC Bank
2022-11-02,716.7298583984375,HDFCBANK.NS,HDFC Bank
2022-11-03,713.5822143554688,HDFCBANK.NS,HDFC Bank
2022-11-04,708.6594848632812,HDFCBANK.NS,HDFC Bank
2022-11-07,714.1738891601562,HDFCBANK.NS,HDFC Bank
2022-11-09,713.9608764648438,HDFCBANK.NS,HDFC Bank
2022-11-10,721.7235717773438,HDFCBANK.NS,HDFC Bank
2022-11-11,762.6201171875,HDFCBANK.NS,HDFC Bank
2022-11-14,764.4661254882812,HDFCBANK.NS,HDFC Bank
2022-11-15,766.3357543945312,HDFCBANK.NS,HDFC Bank
2022-11-16,772.9153442382812,HDFCBANK.NS,HDFC Bank
2022-11-17,765.9334716796875,HDFCBANK.NS,HDFC Bank
2022-11-18,763.921875,HDFCBANK.NS,HDFC Bank
2022-11-21,756.0880737304688,HDFCBANK.NS,HDFC Bank
2022-11-22,754.9756469726562,HDFCBANK.NS,HDFC Bank
2022-11-23,756.9400634765625,HDFCBANK.NS,HDFC Bank
2022-11-24,769.2468872070312,HDFCBANK.NS,HDFC Bank
2022-11-25,765.6968994140625,HDFCBANK.NS,HDFC Bank
2022-11-28,757.4607543945312,HDFCBANK.NS,HDFC Bank
2022-11-29,756.3247680664062,HDFCBANK.NS,HDFC Bank
2022-11-30,761.3421020507812,HDFCBANK.NS,HDFC Bank
2022-12-01,766.572509765625,HDFCBANK.NS,HDFC Bank
2022-12-02,760.7030639648438,HDFCBANK.NS,HDFC Bank
2022-12-05,763.4721069335938,HDFCBANK.NS,HDFC Bank
2022-12-06,762.6201171875,HDFCBANK.NS,HDFC Bank
2022-12-07,762.2887573242188,HDFCBANK.NS,HDFC Bank
2022-12-08,766.572509765625,HDFCBANK.NS,HDFC Bank
2022-12-09,772.03955078125,HDFCBANK.NS,HDFC Bank
2022-12-12,778.0509643554688,HDFCBANK.NS,HDFC Bank
2022-12-13,780.2047119140625,HDFCBANK.NS,HDFC Bank
2022-12-14,786.8078002929688,HDFCBANK.NS,HDFC Bank
2022-12-15,772.3945922851562,HDFCBANK.NS,HDFC Bank
2022-12-16,776.1102905273438,HDFCBANK.NS,HDFC Bank
2022-12-19,778.5243530273438,HDFCBANK.NS,HDFC Bank
2022-12-20,773.1519775390625,HDFCBANK.NS,HDFC Bank
2022-12-21,765.6731567382812,HDFCBANK.NS,HDFC Bank
2022-12-22,763.046142578125,HDFCBANK.NS,HDFC Bank
2022-12-23,756.2301025390625,HDFCBANK.NS,HDFC Bank
2022-12-26,771.2822265625,HDFCBANK.NS,HDFC Bank
2022-12-27,772.063232421875,HDFCBANK.NS,HDFC Bank
2022-12-28,771.4479370117188,HDFCBANK.NS,HDFC Bank
2022-12-29,776.8912963867188,HDFCBANK.NS,HDFC Bank
2022-12-30,770.6669311523438,HDFCBANK.NS,HDFC Bank
2023-01-02,770.9271850585938,HDFCBANK.NS,HDFC Bank
2023-01-03,775.9682006835938,HDFCBANK.NS,HDFC Bank
2023-01-04,762.0994873046875,HDFCBANK.NS,HDFC Bank
2023-01-05,757.2003784179688,HDFCBANK.NS,HDFC Bank
2023-01-06,754.6917114257812,HDFCBANK.NS,HDFC Bank
2023-01-09,756.1590576171875,HDFCBANK.NS,HDFC Bank
2023-01-10,742.3375854492188,HDFCBANK.NS,HDFC Bank
2023-01-11,753.0350341796875,HDFCBANK.NS,HDFC Bank
2023-01-12,757.0584716796875,HDFCBANK.NS,HDFC Bank
2023-01-13,757.650146484375,HDFCBANK.NS,HDFC Bank
2023-01-16,750.3843994140625,HDFCBANK.NS,HDFC Bank
2023-01-17,761.5551147460938,HDFCBANK.NS,HDFC Bank
2023-01-18,774.9979248046875,HDFCBANK.NS,HDFC Bank
2023-01-19,778.2166137695312,HDFCBANK.NS,HDFC Bank
2023-01-20,786.1923217773438,HDFCBANK.NS,HDFC Bank
2023-01-23,791.9434814453125,HDFCBANK.NS,HDFC Bank
2023-01-24,802.5462646484375,HDFCBANK.NS,HDFC Bank
2023-01-25,780.370361328125,HDFCBANK.NS,HDFC Bank
2023-01-27,764.8211669921875,HDFCBANK.NS,HDFC Bank
2023-01-30,764.0401611328125,HDFCBANK.NS,HDFC Bank
2023-01-31,758.9990234375,HDFCBANK.NS,HDFC Bank
2023-02-01,770.3828735351562,HDFCBANK.NS,HDFC Bank
2023-02-02,758.9281005859375,HDFCBANK.NS,HDFC Bank
2023-02-03,785.1747436523438,HDFCBANK.NS,HDFC Bank
2023-02-06,781.837646484375,HDFCBANK.NS,HDFC Bank
2023-02-07,782.9972534179688,HDFCBANK.NS,HDFC Bank
2023-02-08,782.902587890625,HDFCBANK.NS,HDFC Bank
2023-02-09,781.2697143554688,HDFCBANK.NS,HDFC Bank
2023-02-10,784.3699951171875,HDFCBANK.NS,HDFC Bank
2023-02-13,784.961669921875,HDFCBANK.NS,HDFC Bank
2023-02-14,792.2274780273438,HDFCBANK.NS,HDFC Bank
2023-02-15,790.6181640625,HDFCBANK.NS,HDFC Bank
2023-02-16,787.7544555664062,HDFCBANK.NS,HDFC Bank
2023-02-17,783.8020629882812,HDFCBANK.NS,HDFC Bank
2023-02-20,776.4415893554688,HDFCBANK.NS,HDFC Bank
2023-02-21,779.3526611328125,HDFCBANK.NS,HDFC Bank
2023-02-22,764.0637817382812,HDFCBANK.NS,HDFC Bank
2023-02-23,758.8807373046875,HDFCBANK.NS,HDFC Bank
2023-02-24,752.1119384765625,HDFCBANK.NS,HDFC Bank
2023-02-27,753.981689453125,HDFCBANK.NS,HDFC Bank
2023-02-28,757.1531372070312,HDFCBANK.NS,HDFC Bank
2023-03-01,756.41943359375,HDFCBANK.NS,HDFC Bank
2023-03-02,749.98193359375,HDFCBANK.NS,HDFC Bank
2023-03-03,764.8685302734375,HDFCBANK.NS,HDFC Bank
2023-03-06,770.2645874023438,HDFCBANK.NS,HDFC Bank
2023-03-08,771.8029174804688,HDFCBANK.NS,HDFC Bank
2023-03-09,771.8739013671875,HDFCBANK.NS,HDFC Bank
2023-03-10,751.969970703125,HDFCBANK.NS,HDFC Bank
2023-03-13,742.4559326171875,HDFCBANK.NS,HDFC Bank
2023-03-14,740.4678955078125,HDFCBANK.NS,HDFC Bank
2023-03-15,729.84130859375,HDFCBANK.NS,HDFC Bank
2023-03-16,734.5747680664062,HDFCBANK.NS,HDFC Bank
2023-03-17,744.3966064453125,HDFCBANK.NS,HDFC Bank
2023-03-20,739.2371826171875,HDFCBANK.NS,HDFC Bank
2023-03-21,747.615234375,HDFCBANK.NS,HDFC Bank
2023-03-22,745.8875732421875,HDFCBANK.NS,HDFC Bank
2023-03-23,739.8998413085938,HDFCBANK.NS,HDFC Bank
2023-03-24,738.716552734375,HDFCBANK.NS,HDFC Bank
2023-03-27,741.9351806640625,HDFCBANK.NS,HDFC Bank
2023-03-28,747.9703369140625,HDFCBANK.NS,HDFC Bank
2023-03-29,751.567626953125,HDFCBANK.NS,HDFC Bank
2023-03-31,761.8628540039062,HDFCBANK.NS,HDFC Bank
2023-04-03,762.3361206054688,HDFCBANK.NS,HDFC Bank
2023-04-05,782.7843627929688,HDFCBANK.NS,HDFC Bank
2023-04-06,788.7484741210938,HDFCBANK.NS,HDFC Bank
2023-04-10,785.009033203125,HDFCBANK.NS,HDFC Bank
2023-04-11,787.3047485351562,HDFCBANK.NS,HDFC Bank
2023-04-12,797.52880859375,HDFCBANK.NS,HDFC Bank
2023-04-13,801.1025390625,HDFCBANK.NS,HDFC Bank
2023-04-17,788.8904418945312,HDFCBANK.NS,HDFC Bank
2023-04-18,785.5534057617188,HDFCBANK.NS,HDFC Bank
2023-04-19,788.4407348632812,HDFCBANK.NS,HDFC Bank
2023-04-20,791.3754272460938,HDFCBANK.NS,HDFC Bank
2023-04-21,792.6535034179688,HDFCBANK.NS,HDFC Bank
2023-04-24,799.0671997070312,HDFCBANK.NS,HDFC Bank
2023-04-25,787.7070922851562,HDFCBANK.NS,HDFC Bank
2023-04-26,791.328125,HDFCBANK.NS,HDFC Bank
2023-04-27,795.6829223632812,HDFCBANK.NS,HDFC Bank
2023-04-28,798.8068237304688,HDFCBANK.NS,HDFC Bank
2023-05-02,798.6412353515625,HDFCBANK.NS,HDFC Bank
2023-05-03,801.4339599609375,HDFCBANK.NS,HDFC Bank
2023-05-04,817.8351440429688,HDFCBANK.NS,HDFC Bank
2023-05-05,769.4835815429688,HDFCBANK.NS,HDFC Bank
2023-05-08,778.3822631835938,HDFCBANK.NS,HDFC Bank
2023-05-09,778.406005859375,HDFCBANK.NS,HDFC Bank
2023-05-10,782.0033569335938,HDFCBANK.NS,HDFC Bank
2023-05-11,782.5240478515625,HDFCBANK.NS,HDFC Bank
2023-05-12,789.4347534179688,HDFCBANK.NS,HDFC Bank
2023-05-15,793.2214965820312,HDFCBANK.NS,HDFC Bank
2023-05-16,788.6732177734375,HDFCBANK.NS,HDFC Bank
2023-05-17,784.43603515625,HDFCBANK.NS,HDFC Bank
2023-05-18,787.572021484375,HDFCBANK.NS,HDFC Bank
2023-05-19,788.4817504882812,HDFCBANK.NS,HDFC Bank
2023-05-22,785.680908203125,HDFCBANK.NS,HDFC Bank
2023-05-23,783.8375854492188,HDFCBANK.NS,HDFC Bank
2023-05-24,773.5921020507812,HDFCBANK.NS,HDFC Bank
2023-05-25,770.6236572265625,HDFCBANK.NS,HDFC Bank
2023-05-26,773.5921020507812,HDFCBANK.NS,HDFC Bank
2023-05-29,783.0237426757812,HDFCBANK.NS,HDFC Bank
2023-05-30,783.6221923828125,HDFCBANK.NS,HDFC Bank
2023-05-31,771.2221069335938,HDFCBANK.NS,HDFC Bank
2023-06-01,767.9425659179688,HDFCBANK.NS,HDFC Bank
2023-06-02,769.1394653320312,HDFCBANK.NS,HDFC Bank
2023-06-05,768.134033203125,HDFCBANK.NS,HDFC Bank
2023-06-06,765.7402954101562,HDFCBANK.NS,HDFC Bank
2023-06-07,769.7140502929688,HDFCBANK.NS,HDFC Bank
2023-06-08,770.1926879882812,HDFCBANK.NS,HDFC Bank
2023-06-09,771.1024169921875,HDFCBANK.NS,HDFC Bank
2023-06-12,766.4105834960938,HDFCBANK.NS,HDFC Bank
2023-06-13,767.7031860351562,HDFCBANK.NS,HDFC Bank
2023-06-14,766.8652954101562,HDFCBANK.NS,HDFC Bank
2023-06-15,757.4336547851562,HDFCBANK.NS,HDFC Bank
2023-06-16,767.3441162109375,HDFCBANK.NS,HDFC Bank
2023-06-19,768.014404296875,HDFCBANK.NS,HDFC Bank
2023-06-20,769.6182861328125,HDFCBANK.NS,HDFC Bank
2023-06-21,783.0715942382812,HDFCBANK.NS,HDFC Bank
2023-06-22,786.9017944335938,HDFCBANK.NS,HDFC Bank
2023-06-23,786.8538818359375,HDFCBANK.NS,HDFC Bank
2023-06-26,783.0476684570312,HDFCBANK.NS,HDFC Bank
2023-06-27,794.083251953125,HDFCBANK.NS,HDFC Bank
2023-06-28,802.4856567382812,HDFCBANK.NS,HDFC Bank
2023-06-30,814.574462890625,HDFCBANK.NS,HDFC Bank
2023-07-03,823.3838500976562,HDFCBANK.NS,HDFC Bank
2023-07-04,827.4054565429688,HDFCBANK.NS,HDFC Bank
2023-07-05,801.1211547851562,HDFCBANK.NS,HDFC Bank
2023-07-06,801.93505859375,HDFCBANK.NS,HDFC Bank
2023-07-07,794.945068359375,HDFCBANK.NS,HDFC Bank
2023-07-10,793.0538940429688,HDFCBANK.NS,HDFC Bank
2023-07-11,789.1998291015625,HDFCBANK.NS,HDFC Bank
2023-07-12,781.8029174804688,HDFCBANK.NS,HDFC Bank
2023-07-13,785.704833984375,HDFCBANK.NS,HDFC Bank
2023-07-14,787.3327026367188,HDFCBANK.NS,HDFC Bank
2023-07-17,803.80224609375,HDFCBANK.NS,HDFC Bank
2023-07-18,803.1319580078125,HDFCBANK.NS,HDFC Bank
2023-07-19,806.7705078125,HDFCBANK.NS,HDFC Bank
2023-07-20,808.51806640625,HDFCBANK.NS,HDFC Bank
2023-07-21,802.2941284179688,HDFCBANK.NS,HDFC Bank
2023-07-24,803.5628662109375,HDFCBANK.NS,HDFC Bank
2023-07-25,812.2764282226562,HDFCBANK.NS,HDFC Bank
2023-07-26,809.45166015625,HDFCBANK.NS,HDFC Bank
2023-07-27,801.0493774414062,HDFCBANK.NS,HDFC Bank
2023-07-28,786.8538818359375,HDFCBANK.NS,HDFC Bank
2023-07-31,790.5403442382812,HDFCBANK.NS,HDFC Bank
2023-08-01,795.830810546875,HDFCBANK.NS,HDFC Bank
2023-08-02,785.4175415039062,HDFCBANK.NS,HDFC Bank
2023-08-03,779.7442626953125,HDFCBANK.NS,HDFC Bank
2023-08-04,791.0191040039062,HDFCBANK.NS,HDFC Bank
2023-08-07,790.5642700195312,HDFCBANK.NS,HDFC Bank
2023-08-08,789.9180297851562,HDFCBANK.NS,HDFC Bank
2023-08-09,790.2052001953125,HDFCBANK.NS,HDFC Bank
2023-08-10,783.1912231445312,HDFCBANK.NS,HDFC Bank
2023-08-11,775.0283813476562,HDFCBANK.NS,HDFC Bank
2023-08-14,771.24609375,HDFCBANK.NS,HDFC Bank
2023-08-16,768.9957885742188,HDFCBANK.NS,HDFC Bank
2023-08-17,764.7349243164062,HDFCBANK.NS,HDFC Bank
2023-08-18,761.598876953125,HDFCBANK.NS,HDFC Bank
2023-08-21,761.0004272460938,HDFCBANK.NS,HDFC Bank
2023-08-22,757.744873046875,HDFCBANK.NS,HDFC Bank
2023-08-23,759.6119384765625,HDFCBANK.NS,HDFC Bank
2023-08-24,756.1170654296875,HDFCBANK.NS,HDFC Bank
2023-08-25,747.5949096679688,HDFCBANK.NS,HDFC Bank
2023-08-28,755.3749389648438,HDFCBANK.NS,HDFC Bank
2023-08-29,761.3834838867188,HDFCBANK.NS,HDFC Bank
2023-08-30,755.8297119140625,HDFCBANK.NS,HDFC Bank
2023-08-31,752.358642578125,HDFCBANK.NS,HDFC Bank
2023-09-01,753.9146728515625,HDFCBANK.NS,HDFC Bank
2023-09-04,758.630615234375,HDFCBANK.NS,HDFC Bank
2023-09-05,754.010498046875,HDFCBANK.NS,HDFC Bank
2023-09-06,763.873046875,HDFCBANK.NS,HDFC Bank
2023-09-07,771.2221069335938,HDFCBANK.NS,HDFC Bank
2023-09-08,777.2306518554688,HDFCBANK.NS,HDFC Bank
2023-09-11,781.2523803710938,HDFCBANK.NS,HDFC Bank
2023-09-12,783.6940307617188,HDFCBANK.NS,HDFC Bank
2023-09-13,787.04541015625,HDFCBANK.NS,HDFC Bank
2023-09-14,786.566650390625,HDFCBANK.NS,HDFC Bank
2023-09-15,795.5913696289062,HDFCBANK.NS,HDFC Bank
2023-09-18,779.9357299804688,HDFCBANK.NS,HDFC Bank
2023-09-20,748.6482543945312,HDFCBANK.NS,HDFC Bank
2023-09-21,743.6929931640625,HDFCBANK.NS,HDFC Bank
2023-09-22,732.3462524414062,HDFCBANK.NS,HDFC Bank
2023-09-25,732.9925537109375,HDFCBANK.NS,HDFC Bank
2023-09-26,736.1763305664062,HDFCBANK.NS,HDFC Bank
2023-09-27,731.005615234375,HDFCBANK.NS,HDFC Bank
2023-09-28,729.4974975585938,HDFCBANK.NS,HDFC Bank
2023-09-29,730.7423706054688,HDFCBANK.NS,HDFC Bank
2023-10-03,722.0048828125,HDFCBANK.NS,HDFC Bank
2023-10-04,732.29833984375,HDFCBANK.NS,HDFC Bank
2023-10-05,735.2667236328125,HDFCBANK.NS,HDFC Bank
2023-10-06,734.452880859375,HDFCBANK.NS,HDFC Bank
2023-10-09,725.9307861328125,HDFCBANK.NS,HDFC Bank
2023-10-10,730.0481567382812,HDFCBANK.NS,HDFC Bank
2023-10-11,737.1099243164062,HDFCBANK.NS,HDFC Bank
2023-10-12,742.017333984375,HDFCBANK.NS,HDFC Bank
2023-10-13,735.2667236328125,HDFCBANK.NS,HDFC Bank
2023-10-16,732.3223266601562,HDFCBANK.NS,HDFC Bank
2023-10-17,737.8759765625,HDFCBANK.NS,HDFC Bank
2023-10-18,727.6065063476562,HDFCBANK.NS,HDFC Bank
2023-10-19,725.308349609375,HDFCBANK.NS,HDFC Bank
2023-10-20,729.066650390625,HDFCBANK.NS,HDFC Bank
2023-10-23,721.0473022460938,HDFCBANK.NS,HDFC Bank
2023-10-25,716.47509765625,HDFCBANK.NS,HDFC Bank
2023-10-26,700.6279907226562,HDFCBANK.NS,HDFC Bank
2023-10-27,703.380859375,HDFCBANK.NS,HDFC Bank
2023-10-30,711.0171508789062,HDFCBANK.NS,HDFC Bank
2023-10-31,706.8997192382812,HDFCBANK.NS,HDFC Bank
2023-11-01,705.9422607421875,HDFCBANK.NS,HDFC Bank
2023-11-02,707.0194702148438,HDFCBANK.NS,HDFC Bank
2023-11-03,710.370849609375,HDFCBANK.NS,HDFC Bank
2023-11-06,715.5175170898438,HDFCBANK.NS,HDFC Bank
2023-11-07,712.0465087890625,HDFCBANK.NS,HDFC Bank
2023-11-08,714.105224609375,HDFCBANK.NS,HDFC Bank
2023-11-09,711.280517578125,HDFCBANK.NS,HDFC Bank
2023-11-10,714.0812377929688,HDFCBANK.NS,HDFC Bank
2023-11-13,712.78857421875,HDFCBANK.NS,HDFC Bank
2023-11-15,720.2573852539062,HDFCBANK.NS,HDFC Bank
2023-11-16,722.1484985351562,HDFCBANK.NS,HDFC Bank
2023-11-17,720.5924682617188,HDFCBANK.NS,HDFC Bank
2023-11-20,720.640380859375,HDFCBANK.NS,HDFC Bank
2023-11-21,726.74462890625,HDFCBANK.NS,HDFC Bank
2023-11-22,724.1593017578125,HDFCBANK.NS,HDFC Bank
2023-11-23,728.3485107421875,HDFCBANK.NS,HDFC Bank
2023-11-24,733.5192260742188,HDFCBANK.NS,HDFC Bank
2023-11-28,731.8674926757812,HDFCBANK.NS,HDFC Bank
2023-11-29,746.4699096679688,HDFCBANK.NS,HDFC Bank
2023-11-30,746.3023071289062,HDFCBANK.NS,HDFC Bank
2023-12-01,744.674560546875,HDFCBANK.NS,HDFC Bank
2023-12-04,770.5279541015625,HDFCBANK.NS,HDFC Bank
2023-12-05,777.374267578125,HDFCBANK.NS,HDFC Bank
2023-12-06,779.3372802734375,HDFCBANK.NS,HDFC Bank
2023-12-07,780.60595703125,HDFCBANK.NS,HDFC Bank
2023-12-08,791.4979248046875,HDFCBANK.NS,HDFC Bank
2023-12-11,790.444580078125,HDFCBANK.NS,HDFC Bank
2023-12-12,782.5927734375,HDFCBANK.NS,HDFC Bank
2023-12-13,780.8214721679688,HDFCBANK.NS,HDFC Bank
2023-12-14,790.0377197265625,HDFCBANK.NS,HDFC Bank
2023-12-15,793.101806640625,HDFCBANK.NS,HDFC Bank
2023-12-18,792.69482421875,HDFCBANK.NS,HDFC Bank
2023-12-19,791.3543090820312,HDFCBANK.NS,HDFC Bank
2023-12-20,793.3171997070312,HDFCBANK.NS,HDFC Bank
2023-12-21,807.5365600585938,HDFCBANK.NS,HDFC Bank
2023-12-22,799.9481811523438,HDFCBANK.NS,HDFC Bank
2023-12-26,805.5018920898438,HDFCBANK.NS,HDFC Bank
2023-12-27,815.4841918945312,HDFCBANK.NS,HDFC Bank
2023-12-28,816.417724609375,HDFCBANK.NS,HDFC Bank
2023-12-29,818.3328247070312,HDFCBANK.NS,HDFC Bank
2024-01-01,812.9945678710938,HDFCBANK.NS,HDFC Bank
2024-01-02,813.4733276367188,HDFCBANK.NS,HDFC Bank
2024-01-03,800.9296264648438,HDFCBANK.NS,HDFC Bank
2024-01-04,809.5234985351562,HDFCBANK.NS,HDFC Bank
2024-01-05,805.3822021484375,HDFCBANK.NS,HDFC Bank
2024-01-08,796.4052734375,HDFCBANK.NS,HDFC Bank
2024-01-09,790.2052001953125,HDFCBANK.NS,HDFC Bank
2024-01-10,792.8145141601562,HDFCBANK.NS,HDFC Bank
2024-01-11,789.4871215820312,HDFCBANK.NS,HDFC Bank
2024-01-12,785.7527465820312,HDFCBANK.NS,HDFC Bank
2024-01-15,800.8817749023438,HDFCBANK.NS,HDFC Bank
2024-01-16,803.9219970703125,HDFCBANK.NS,HDFC Bank
2024-01-17,736.1044921875,HDFCBANK.NS,HDFC Bank
2024-01-18,711.5199584960938,HDFCBANK.NS,HDFC Bank
2024-01-19,704.0989990234375,HDFCBANK.NS,HDFC Bank
2024-01-23,683.3683471679688,HDFCBANK.NS,HDFC Bank
2024-01-24,697.037109375,HDFCBANK.NS,HDFC Bank
2024-01-25,686.9830932617188,HDFCBANK.NS,HDFC Bank
2024-01-29,696.438720703125,HDFCBANK.NS,HDFC Bank
2024-01-30,691.4834594726562,HDFCBANK.NS,HDFC Bank
2024-01-31,700.220947265625,HDFCBANK.NS,HDFC Bank
2024-02-01,702.040283203125,HDFCBANK.NS,HDFC Bank
2024-02-02,692.369140625,HDFCBANK.NS,HDFC Bank
2024-02-05,691.7467651367188,HDFCBANK.NS,HDFC Bank
2024-02-06,691.3876342773438,HDFCBANK.NS,HDFC Bank
2024-02-07,684.6130981445312,HDFCBANK.NS,HDFC Bank
2024-02-08,671.734375,HDFCBANK.NS,HDFC Bank
2024-02-09,671.9976196289062,HDFCBANK.NS,HDFC Bank
2024-02-12,665.4864501953125,HDFCBANK.NS,HDFC Bank
2024-02-13,667.6168823242188,HDFCBANK.NS,HDFC Bank
2024-02-14,662.6377563476562,HDFCBANK.NS,HDFC Bank
2024-02-15,677.0007934570312,HDFCBANK.NS,HDFC Bank
2024-02-16,679.8015747070312,HDFCBANK.NS,HDFC Bank
2024-02-19,678.4609985351562,HDFCBANK.NS,HDFC Bank
2024-02-20,696.2711791992188,HDFCBANK.NS,HDFC Bank
2024-02-21,689.0177612304688,HDFCBANK.NS,HDFC Bank
2024-02-22,679.634033203125,HDFCBANK.NS,HDFC Bank
2024-02-23,680.13671875,HDFCBANK.NS,HDFC Bank
2024-02-26,680.9506225585938,HDFCBANK.NS,HDFC Bank
2024-02-27,679.9213256835938,HDFCBANK.NS,HDFC Bank
2024-02-28,674.7745361328125,HDFCBANK.NS,HDFC Bank
2024-02-29,671.9019165039062,HDFCBANK.NS,HDFC Bank
2024-03-01,684.9961547851562,HDFCBANK.NS,HDFC Bank
2024-03-04,685.9297485351562,HDFCBANK.NS,HDFC Bank
2024-03-05,689.8316650390625,HDFCBANK.NS,HDFC Bank
2024-03-06,690.6695556640625,HDFCBANK.NS,HDFC Bank
2024-03-07,692.3452758789062,HDFCBANK.NS,HDFC Bank
2024-03-11,683.5838012695312,HDFCBANK.NS,HDFC Bank
2024-03-12,698.78466796875,HDFCBANK.NS,HDFC Bank
2024-03-13,699.191650390625,HDFCBANK.NS,HDFC Bank
2024-03-14,696.8216552734375,HDFCBANK.NS,HDFC Bank
2024-03-15,695.481201171875,HDFCBANK.NS,HDFC Bank
2024-03-18,692.3212890625,HDFCBANK.NS,HDFC Bank
2024-03-19,693.9012451171875,HDFCBANK.NS,HDFC Bank
2024-03-20,685.1398315429688,HDFCBANK.NS,HDFC Bank
2024-03-21,692.1776733398438,HDFCBANK.NS,HDFC Bank
2024-03-22,690.7891845703125,HDFCBANK.NS,HDFC Bank
2024-03-26,682.4347534179688,HDFCBANK.NS,HDFC Bank
2024-03-27,689.7598876953125,HDFCBANK.NS,HDFC Bank
2024-03-28,693.20703125,HDFCBANK.NS,HDFC Bank
2024-04-01,704.0271606445312,HDFCBANK.NS,HDFC Bank
2024-04-02,708.6472778320312,HDFCBANK.NS,HDFC Bank
2024-04-03,709.6766967773438,HDFCBANK.NS,HDFC Bank
2024-04-04,731.3648071289062,HDFCBANK.NS,HDFC Bank
2024-04-05,741.873779296875,HDFCBANK.NS,HDFC Bank
2024-04-08,740.4613647460938,HDFCBANK.NS,HDFC Bank
2024-04-09,741.3949584960938,HDFCBANK.NS,HDFC Bank
2024-04-10,735.5540161132812,HDFCBANK.NS,HDFC Bank
2024-04-12,727.223388671875,HDFCBANK.NS,HDFC Bank
2024-04-15,715.61328125,HDFCBANK.NS,HDFC Bank
2024-04-16,722.5794067382812,HDFCBANK.NS,HDFC Bank
2024-04-18,715.61328125,HDFCBANK.NS,HDFC Bank
2024-04-19,733.13623046875,HDFCBANK.NS,HDFC Bank
2024-04-22,723.9917602539062,HDFCBANK.NS,HDFC Bank
2024-04-23,721.7894287109375,HDFCBANK.NS,HDFC Bank
2024-04-24,723.7523193359375,HDFCBANK.NS,HDFC Bank
2024-04-25,723.2975463867188,HDFCBANK.NS,HDFC Bank
2024-04-26,722.8427734375,HDFCBANK.NS,HDFC Bank
2024-04-29,732.2744750976562,HDFCBANK.NS,HDFC Bank
2024-04-30,727.7740478515625,HDFCBANK.NS,HDFC Bank
2024-05-02,733.5910034179688,HDFCBANK.NS,HDFC Bank
2024-05-03,727.5346069335938,HDFCBANK.NS,HDFC Bank
2024-05-06,728.994873046875,HDFCBANK.NS,HDFC Bank
2024-05-07,721.09521484375,HDFCBANK.NS,HDFC Bank
2024-05-08,709.84423828125,HDFCBANK.NS,HDFC Bank
2024-05-09,693.0155029296875,HDFCBANK.NS,HDFC Bank
2024-05-10,697.820068359375,HDFCBANK.NS,HDFC Bank
2024-05-13,706.2400512695312,HDFCBANK.NS,HDFC Bank
2024-05-14,709.0062866210938,HDFCBANK.NS,HDFC Bank
2024-05-15,698.1111450195312,HDFCBANK.NS,HDFC Bank
2024-05-16,708.6665649414062,HDFCBANK.NS,HDFC Bank
2024-05-17,710.5349731445312,HDFCBANK.NS,HDFC Bank
2024-05-21,707.9629516601562,HDFCBANK.NS,HDFC Bank
2024-05-22,708.1570434570312,HDFCBANK.NS,HDFC Bank
2024-05-23,724.3661499023438,HDFCBANK.NS,HDFC Bank
2024-05-24,736.3046875,HDFCBANK.NS,HDFC Bank
2024-05-27,741.400390625,HDFCBANK.NS,HDFC Bank
2024-05-28,742.75927734375,HDFCBANK.NS,HDFC Bank
2024-05-29,731.9855346679688,HDFCBANK.NS,HDFC Bank
2024-05-30,735.1642456054688,HDFCBANK.NS,HDFC Bank
2024-05-31,743.2688598632812,HDFCBANK.NS,HDFC Bank
2024-06-03,762.9964599609375,HDFCBANK.NS,HDFC Bank
2024-06-04,719.7800903320312,HDFCBANK.NS,HDFC Bank
2024-06-05,753.0962524414062,HDFCBANK.NS,HDFC Bank
2024-06-06,756.93017578125,HDFCBANK.NS,HDFC Bank
2024-06-07,763.5545654296875,HDFCBANK.NS,HDFC Bank
2024-06-10,757.7066650390625,HDFCBANK.NS,HDFC Bank
2024-06-11,759.4052734375,HDFCBANK.NS,HDFC Bank
2024-06-12,763.94287109375,HDFCBANK.NS,HDFC Bank
2024-06-13,767.1458129882812,HDFCBANK.NS,HDFC Bank
2024-06-14,774.9835205078125,HDFCBANK.NS,HDFC Bank
2024-06-18,780.2733764648438,HDFCBANK.NS,HDFC Bank
2024-06-19,804.5628051757812,HDFCBANK.NS,HDFC Bank
2024-06-20,810.143798828125,HDFCBANK.NS,HDFC Bank
2024-06-21,808.396728515625,HDFCBANK.NS,HDFC Bank
2024-06-24,811.6240844726562,HDFCBANK.NS,HDFC Bank
2024-06-25,830.5266723632812,HDFCBANK.NS,HDFC Bank
2024-06-26,825.7463989257812,HDFCBANK.NS,HDFC Bank
2024-06-27,823.1500244140625,HDFCBANK.NS,HDFC Bank
2024-06-28,817.156494140625,HDFCBANK.NS,HDFC Bank
2024-07-01,827.5420532226562,HDFCBANK.NS,HDFC Bank
2024-07-02,839.8687744140625,HDFCBANK.NS,HDFC Bank
2024-07-03,858.3346557617188,HDFCBANK.NS,HDFC Bank
2024-07-04,838.1945190429688,HDFCBANK.NS,HDFC Bank
2024-07-05,799.8311157226562,HDFCBANK.NS,HDFC Bank
2024-07-08,793.6434326171875,HDFCBANK.NS,HDFC Bank
2024-07-09,794.2015991210938,HDFCBANK.NS,HDFC Bank
2024-07-10,789.1544799804688,HDFCBANK.NS,HDFC Bank
2024-07-11,787.1161499023438,HDFCBANK.NS,HDFC Bank
2024-07-12,787.50439453125,HDFCBANK.NS,HDFC Bank
2024-07-15,787.213134765625,HDFCBANK.NS,HDFC Bank
2024-07-16,786.07275390625,HDFCBANK.NS,HDFC Bank
2024-07-18,783.6704711914062,HDFCBANK.NS,HDFC Bank
2024-07-19,780.0307006835938,HDFCBANK.NS,HDFC Bank
2024-07-22,797.1377563476562,HDFCBANK.NS,HDFC Bank
2024-07-23,785.4175415039062,HDFCBANK.NS,HDFC Bank
2024-07-24,778.4534301757812,HDFCBANK.NS,HDFC Bank
2024-07-25,784.5440673828125,HDFCBANK.NS,HDFC Bank
2024-07-26,785.2962646484375,HDFCBANK.NS,HDFC Bank
2024-07-29,778.9387817382812,HDFCBANK.NS,HDFC Bank
2024-07-30,784.034423828125,HDFCBANK.NS,HDFC Bank
2024-07-31,784.1315307617188,HDFCBANK.NS,HDFC Bank
2024-08-01,795.3178100585938,HDFCBANK.NS,HDFC Bank
2024-08-02,805.1937255859375,HDFCBANK.NS,HDFC Bank
2024-08-05,784.1315307617188,HDFCBANK.NS,HDFC Bank
2024-08-06,777.0703125,HDFCBANK.NS,HDFC Bank
2024-08-07,787.892578125,HDFCBANK.NS,HDFC Bank
2024-08-08,797.2105102539062,HDFCBANK.NS,HDFC Bank
2024-08-09,800.8502197265625,HDFCBANK.NS,HDFC Bank
2024-08-12,805.65478515625,HDFCBANK.NS,HDFC Bank
2024-08-13,778.0408935546875,HDFCBANK.NS,HDFC Bank
2024-08-14,780.2733764648438,HDFCBANK.NS,HDFC Bank
2024-08-16,792.0662841796875,HDFCBANK.NS,HDFC Bank
2024-08-19,791.7993774414062,HDFCBANK.NS,HDFC Bank
2024-08-20,794.783935546875,HDFCBANK.NS,HDFC Bank
2024-08-21,789.0089111328125,HDFCBANK.NS,HDFC Bank
2024-08-22,791.6780395507812,HDFCBANK.NS,HDFC Bank
2024-08-23,788.6448364257812,HDFCBANK.NS,HDFC Bank
2024-08-26,795.8758544921875,HDFCBANK.NS,HDFC Bank
2024-08-27,794.8082885742188,HDFCBANK.NS,HDFC Bank
2024-08-28,794.4927368164062,HDFCBANK.NS,HDFC Bank
2024-08-29,795.1964721679688,HDFCBANK.NS,HDFC Bank
2024-08-30,794.395751953125,HDFCBANK.NS,HDFC Bank
2024-09-02,789.56689453125,HDFCBANK.NS,HDFC Bank
2024-09-03,794.6141357421875,HDFCBANK.NS,HDFC Bank
2024-09-04,796.773681640625,HDFCBANK.NS,HDFC Bank
2024-09-05,798.5450439453125,HDFCBANK.NS,HDFC Bank
2024-09-06,794.4199829101562,HDFCBANK.NS,HDFC Bank
2024-09-09,799.0546264648438,HDFCBANK.NS,HDFC Bank
2024-09-10,800.9229736328125,HDFCBANK.NS,HDFC Bank
2024-09-11,797.7929077148438,HDFCBANK.NS,HDFC Bank
2024-09-12,808.8092651367188,HDFCBANK.NS,HDFC Bank
2024-09-13,808.4937744140625,HDFCBANK.NS,HDFC Bank
2024-09-16,810.9202880859375,HDFCBANK.NS,HDFC Bank
2024-09-17,809.876953125,HDFCBANK.NS,HDFC Bank
2024-09-18,822.494873046875,HDFCBANK.NS,HDFC Bank
2024-09-19,829.1435546875,HDFCBANK.NS,HDFC Bank
2024-09-20,845.0130004882812,HDFCBANK.NS,HDFC Bank
2024-09-23,854.0397338867188,HDFCBANK.NS,HDFC Bank
2024-09-24,858.0435180664062,HDFCBANK.NS,HDFC Bank
2024-09-25,863.406005859375,HDFCBANK.NS,HDFC Bank
2024-09-26,865.5171508789062,HDFCBANK.NS,HDFC Bank
2024-09-27,850.5697631835938,HDFCBANK.NS,HDFC Bank
2024-09-30,840.572509765625,HDFCBANK.NS,HDFC Bank
2024-10-01,837.7334594726562,HDFCBANK.NS,HDFC Bank
2024-10-03,816.282958984375,HDFCBANK.NS,HDFC Bank
2024-10-04,804.4658203125,HDFCBANK.NS,HDFC Bank
2024-10-07,785.1264038085938,HDFCBANK.NS,HDFC Bank
2024-10-08,801.2627563476562,HDFCBANK.NS,HDFC Bank
2024-10-09,792.5758056640625,HDFCBANK.NS,HDFC Bank
2024-10-10,806.7709350585938,HDFCBANK.NS,HDFC Bank
2024-10-11,801.238525390625,HDFCBANK.NS,HDFC Bank
2024-10-14,819.2432861328125,HDFCBANK.NS,HDFC Bank
2024-10-15,817.3020629882812,HDFCBANK.NS,HDFC Bank
2024-10-16,824.9214477539062,HDFCBANK.NS,HDFC Bank
2024-10-17,811.988037109375,HDFCBANK.NS,HDFC Bank
2024-10-18,816.2101440429688,HDFCBANK.NS,HDFC Bank
2024-10-21,838.9466552734375,HDFCBANK.NS,HDFC Bank
2024-10-22,832.0797119140625,HDFCBANK.NS,HDFC Bank
2024-10-23,842.3923950195312,HDFCBANK.NS,HDFC Bank
2024-10-24,849.1138305664062,HDFCBANK.NS,HDFC Bank
2024-10-25,846.0806884765625,HDFCBANK.NS,HDFC Bank
2024-10-28,841.6158447265625,HDFCBANK.NS,HDFC Bank
2024-10-29,850.1814575195312,HDFCBANK.NS,HDFC Bank
2024-10-30,841.8099975585938,HDFCBANK.NS,HDFC Bank
2024-10-31,842.3438720703125,HDFCBANK.NS,HDFC Bank
2024-11-01,843.120361328125,HDFCBANK.NS,HDFC Bank
2024-11-04,831.8612670898438,HDFCBANK.NS,HDFC Bank
2024-11-05,853.0933227539062,HDFCBANK.NS,HDFC Bank
2024-11-06,851.83154296875,HDFCBANK.NS,HDFC Bank
2024-11-07,847.6094360351562,HDFCBANK.NS,HDFC Bank
2024-11-08,851.4432983398438,HDFCBANK.NS,HDFC Bank
2024-11-11,857.1941528320312,HDFCBANK.NS,HDFC Bank
2024-11-12,833.8509521484375,HDFCBANK.NS,HDFC Bank
2024-11-13,815.967529296875,HDFCBANK.NS,HDFC Bank
2024-11-14,821.5,HDFCBANK.NS,HDFC Bank
2024-11-18,827.4934692382812,HDFCBANK.NS,HDFC Bank
2024-11-19,845.5226440429688,HDFCBANK.NS,HDFC Bank
2024-11-21,845.0130004882812,HDFCBANK.NS,HDFC Bank
2024-11-22,847.1483154296875,HDFCBANK.NS,HDFC Bank
2024-11-25,866.560546875,HDFCBANK.NS,HDFC Bank
2024-11-26,866.5363159179688,HDFCBANK.NS,HDFC Bank
2024-11-27,879.5181884765625,HDFCBANK.NS,HDFC Bank
2024-11-28,870.2245483398438,HDFCBANK.NS,HDFC Bank
2024-11-29,871.632080078125,HDFCBANK.NS,HDFC Bank
2024-12-02,875.8298950195312,HDFCBANK.NS,HDFC Bank
2024-12-03,886.3125,HDFCBANK.NS,HDFC Bank
2024-12-04,902.7157592773438,HDFCBANK.NS,HDFC Bank
2024-12-05,905.457763671875,HDFCBANK.NS,HDFC Bank
2024-12-06,900.6531982421875,HDFCBANK.NS,HDFC Bank
2024-12-09,907.5203247070312,HDFCBANK.NS,HDFC Bank
2024-12-10,906.59814453125,HDFCBANK.NS,HDFC Bank
2024-12-11,904.1716918945312,HDFCBANK.NS,HDFC Bank
2024-12-12,902.30322265625,HDFCBANK.NS,HDFC Bank
2024-12-13,908.3695678710938,HDFCBANK.NS,HDFC Bank
2024-12-16,905.1907958984375,HDFCBANK.NS,HDFC Bank
2024-12-17,889.6853637695312,HDFCBANK.NS,HDFC Bank
2024-12-18,878.74169921875,HDFCBANK.NS,HDFC Bank
2024-12-19,870.3944702148438,HDFCBANK.NS,HDFC Bank
2024-12-20,859.7177734375,HDFCBANK.NS,HDFC Bank
2024-12-23,874.0343017578125,HDFCBANK.NS,HDFC Bank
2024-12-24,872.6268310546875,HDFCBANK.NS,HDFC Bank
2024-12-26,869.059814453125,HDFCBANK.NS,HDFC Bank
2024-12-27,872.6996459960938,HDFCBANK.NS,HDFC Bank
2024-12-30,862.82373046875,HDFCBANK.NS,HDFC Bank
2024-12-31,860.3728637695312,HDFCBANK.NS,HDFC Bank
2025-01-01,865.1774291992188,HDFCBANK.NS,HDFC Bank
2025-01-02,870.5158081054688,HDFCBANK.NS,HDFC Bank
2025-01-03,848.8954467773438,HDFCBANK.NS,HDFC Bank
2025-01-06,830.1141357421875,HDFCBANK.NS,HDFC Bank
2025-01-07,831.5215454101562,HDFCBANK.NS,HDFC Bank
2025-01-08,822.2522583007812,HDFCBANK.NS,HDFC Bank
2025-01-09,809.3916625976562,HDFCBANK.NS,HDFC Bank
2025-01-10,804.029052734375,HDFCBANK.NS,HDFC Bank
2025-01-13,791.4595947265625,HDFCBANK.NS,HDFC Bank
2025-01-14,799.1031494140625,HDFCBANK.NS,HDFC Bank
2025-01-15,797.38037109375,HDFCBANK.NS,HDFC Bank
2025-01-16,801.7481079101562,HDFCBANK.NS,HDFC Bank
2025-01-17,794.3229370117188,HDFCBANK.NS,HDFC Bank
2025-01-20,801.35986328125,HDFCBANK.NS,HDFC Bank
2025-01-21,797.0648803710938,HDFCBANK.NS,HDFC Bank
2025-01-22,808.5423583984375,HDFCBANK.NS,HDFC Bank
2025-01-23,807.9843139648438,HDFCBANK.NS,HDFC Bank
2025-01-24,800.6561889648438,HDFCBANK.NS,HDFC Bank
2025-01-27,790.9500732421875,HDFCBANK.NS,HDFC Bank
2025-01-28,810.6535034179688,HDFCBANK.NS,HDFC Bank
2025-01-29,814.0020141601562,HDFCBANK.NS,HDFC Bank
2025-01-30,820.8933715820312,HDFCBANK.NS,HDFC Bank
2025-01-31,824.4118041992188,HDFCBANK.NS,HDFC Bank
2025-02-01,820.6264038085938,HDFCBANK.NS,HDFC Bank
2025-02-03,814.3417358398438,HDFCBANK.NS,HDFC Bank
2025-02-04,835.1613159179688,HDFCBANK.NS,HDFC Bank
2025-02-05,843.3629760742188,HDFCBANK.NS,HDFC Bank
2025-02-06,846.299072265625,HDFCBANK.NS,HDFC Bank
2025-02-07,840.9122314453125,HDFCBANK.NS,HDFC Bank
2025-02-10,832.6619873046875,HDFCBANK.NS,HDFC Bank
2025-02-11,825.6978759765625,HDFCBANK.NS,HDFC Bank
2025-02-12,828.3185424804688,HDFCBANK.NS,HDFC Bank
2025-02-13,823.9022827148438,HDFCBANK.NS,HDFC Bank
2025-02-14,822.5191040039062,HDFCBANK.NS,HDFC Bank
2025-02-17,833.4384765625,HDFCBANK.NS,HDFC Bank
2025-02-18,836.2047729492188,HDFCBANK.NS,HDFC Bank
2025-02-19,838.21875,HDFCBANK.NS,HDFC Bank
2025-02-20,818.7579956054688,HDFCBANK.NS,HDFC Bank
2025-02-21,821.3786010742188,HDFCBANK.NS,HDFC Bank
2025-02-24,813.9049682617188,HDFCBANK.NS,HDFC Bank
2025-02-25,816.4528198242188,HDFCBANK.NS,HDFC Bank
2025-02-27,825.358154296875,HDFCBANK.NS,HDFC Bank
2025-02-28,840.7423095703125,HDFCBANK.NS,HDFC Bank
2025-03-03,825.7706909179688,HDFCBANK.NS,HDFC Bank
2025-03-04,829.8715209960938,HDFCBANK.NS,HDFC Bank
2025-03-05,820.1654052734375,HDFCBANK.NS,HDFC Bank
2025-03-06,820.7477416992188,HDFCBANK.NS,HDFC Bank
2025-03-07,819.8013916015625,HDFCBANK.NS,HDFC Bank
2025-03-10,818.9521484375,HDFCBANK.NS,HDFC Bank
2025-03-11,817.9815673828125,HDFCBANK.NS,HDFC Bank
2025-03-12,830.4296264648438,HDFCBANK.NS,HDFC Bank
2025-03-13,828.2214965820312,HDFCBANK.NS,HDFC Bank
2025-03-17,830.0656127929688,HDFCBANK.NS,HDFC Bank
2025-03-18,830.0656127929688,HDFCBANK.NS,HDFC Bank
2025-03-19,846.42041015625,HDFCBANK.NS,HDFC Bank
2025-03-20,858.3832397460938,HDFCBANK.NS,HDFC Bank
2025-03-21,859.15966796875,HDFCBANK.NS,HDFC Bank
2025-03-24,873.5489501953125,HDFCBANK.NS,HDFC Bank
2025-03-25,883.958740234375,HDFCBANK.NS,HDFC Bank
2025-03-26,876.7277221679688,HDFCBANK.NS,HDFC Bank
2025-03-27,885.8514404296875,HDFCBANK.NS,HDFC Bank
2025-03-28,887.2344970703125,HDFCBANK.NS,HDFC Bank
2025-04-01,857.9463500976562,HDFCBANK.NS,HDFC Bank
2025-04-02,872.0444946289062,HDFCBANK.NS,HDFC Bank
2025-04-03,871.0496215820312,HDFCBANK.NS,HDFC Bank
2025-04-04,881.9447631835938,HDFCBANK.NS,HDFC Bank
2025-04-07,853.0205078125,HDFCBANK.NS,HDFC Bank
2025-04-08,858.5773315429688,HDFCBANK.NS,HDFC Bank
2025-04-09,856.5632934570312,HDFCBANK.NS,HDFC Bank
2025-04-11,876.8247680664062,HDFCBANK.NS,HDFC Bank
2025-04-15,905.0452270507812,HDFCBANK.NS,HDFC Bank
2025-04-16,911.4027099609375,HDFCBANK.NS,HDFC Bank
2025-04-17,925.3309326171875,HDFCBANK.NS,HDFC Bank
2025-04-21,935.231201171875,HDFCBANK.NS,HDFC Bank
2025-04-22,952.0227661132812,HDFCBANK.NS,HDFC Bank
2025-04-23,933.67822265625,HDFCBANK.NS,HDFC Bank
2025-04-24,930.2325439453125,HDFCBANK.NS,HDFC Bank
2025-04-25,927.5148315429688,HDFCBANK.NS,HDFC Bank
2025-04-28,931.882568359375,HDFCBANK.NS,HDFC Bank
2025-04-29,926.3501586914062,HDFCBANK.NS,HDFC Bank
2025-04-30,934.2120361328125,HDFCBANK.NS,HDFC Bank
2025-05-02,932.7075805664062,HDFCBANK.NS,HDFC Bank
2025-05-05,939.9386596679688,HDFCBANK.NS,HDFC Bank
2025-05-06,937.4635620117188,HDFCBANK.NS,HDFC Bank
2025-05-07,944.2092895507812,HDFCBANK.NS,HDFC Bank
2025-05-08,935.91064453125,HDFCBANK.NS,HDFC Bank
2025-05-09,917.080810546875,HDFCBANK.NS,HDFC Bank
2025-05-12,949.8388671875,HDFCBANK.NS,HDFC Bank
2025-05-13,933.0473022460938,HDFCBANK.NS,HDFC Bank
2025-05-14,927.2236938476562,HDFCBANK.NS,HDFC Bank
2025-05-15,938.4827270507812,HDFCBANK.NS,HDFC Bank
2025-05-16,938.9195556640625,HDFCBANK.NS,HDFC Bank
2025-05-19,940.8607788085938,HDFCBANK.NS,HDFC Bank
2025-05-20,929.310546875,HDFCBANK.NS,HDFC Bank
2025-05-21,935.085693359375,HDFCBANK.NS,HDFC Bank
2025-05-22,931.7369995117188,HDFCBANK.NS,HDFC Bank
2025-05-23,938.3856811523438,HDFCBANK.NS,HDFC Bank
2025-05-26,941.5886840820312,HDFCBANK.NS,HDFC Bank
2025-05-27,934.8429565429688,HDFCBANK.NS,HDFC Bank
2025-05-28,933.484130859375,HDFCBANK.NS,HDFC Bank
2025-05-29,935.42529296875,HDFCBANK.NS,HDFC Bank
2025-05-30,943.86962890625,HDFCBANK.NS,HDFC Bank
2025-06-02,937.65771484375,HDFCBANK.NS,HDFC Bank
2025-06-03,934.0178833007812,HDFCBANK.NS,HDFC Bank
2025-06-04,942.073974609375,HDFCBANK.NS,HDFC Bank
2025-06-05,946.1505126953125,HDFCBANK.NS,HDFC Bank
2025-06-06,960.2728881835938,HDFCBANK.NS,HDFC Bank
2025-06-09,960.3699951171875,HDFCBANK.NS,HDFC Bank
2025-06-10,953.7698974609375,HDFCBANK.NS,HDFC Bank
2025-06-11,946.538818359375,HDFCBANK.NS,HDFC Bank
2025-06-12,943.1417236328125,HDFCBANK.NS,HDFC Bank
2025-06-13,930.6207885742188,HDFCBANK.NS,HDFC Bank
2025-06-16,939.2592163085938,HDFCBANK.NS,HDFC Bank
2025-06-17,936.4445190429688,HDFCBANK.NS,HDFC Bank
2025-06-18,938.5313110351562,HDFCBANK.NS,HDFC Bank
2025-06-19,939.2107543945312,HDFCBANK.NS,HDFC Bank
2025-06-20,953.4786987304688,HDFCBANK.NS,HDFC Bank
2025-06-23,945.5681762695312,HDFCBANK.NS,HDFC Bank
2025-06-24,951.634521484375,HDFCBANK.NS,HDFC Bank
2025-06-25,961.0009155273438,HDFCBANK.NS,HDFC Bank
2025-06-26,981.1896362304688,HDFCBANK.NS,HDFC Bank
2025-06-27,988.5982666015625,HDFCBANK.NS,HDFC Bank
2025-06-30,982.023681640625,HDFCBANK.NS,HDFC Bank
2025-07-01,987.2244873046875,HDFCBANK.NS,HDFC Bank
2025-07-02,974.418701171875,HDFCBANK.NS,HDFC Bank
2025-07-03,974.9583740234375,HDFCBANK.NS,HDFC Bank
2025-07-04,976.037841796875,HDFCBANK.NS,HDFC Bank
2025-07-07,975.1055908203125,HDFCBANK.NS,HDFC Bank
2025-07-08,981.974609375,HDFCBANK.NS,HDFC Bank
2025-07-09,986.7828369140625,HDFCBANK.NS,HDFC Bank
2025-07-10,984.3296508789062,HDFCBANK.NS,HDFC Bank
2025-07-11,973.2902221679688,HDFCBANK.NS,HDFC Bank
2025-07-14,972.94677734375,HDFCBANK.NS,HDFC Bank
2025-07-15,979.079833984375,HDFCBANK.NS,HDFC Bank
2025-07-16,979.4722900390625,HDFCBANK.NS,HDFC Bank
2025-07-17,974.8602294921875,HDFCBANK.NS,HDFC Bank
2025-07-18,960.38623046875,HDFCBANK.NS,HDFC Bank
2025-07-21,981.5330200195312,HDFCBANK.NS,HDFC Bank
2025-07-22,984.771240234375,HDFCBANK.NS,HDFC Bank
2025-07-23,993.2103881835938,HDFCBANK.NS,HDFC Bank
2025-07-24,988.2548217773438,HDFCBANK.NS,HDFC Bank
2025-07-25,985.9922485351562,HDFCBANK.NS,HDFC Bank
2025-07-28,987.9105224609375,HDFCBANK.NS,HDFC Bank
2025-07-29,994.3539428710938,HDFCBANK.NS,HDFC Bank
2025-07-30,996.4197998046875,HDFCBANK.NS,HDFC Bank
2025-07-31,992.6815795898438,HDFCBANK.NS,HDFC Bank
2025-08-01,989.7304077148438,HDFCBANK.NS,HDFC Bank
2025-08-04,979.7947387695312,HDFCBANK.NS,HDFC Bank
2025-08-05,972.7118530273438,HDFCBANK.NS,HDFC Bank
2025-08-06,976.499267578125,HDFCBANK.NS,HDFC Bank
2025-08-07,981.4671020507812,HDFCBANK.NS,HDFC Bank
2025-08-08,970.8920288085938,HDFCBANK.NS,HDFC Bank
2025-08-11,981.5654296875,HDFCBANK.NS,HDFC Bank
2025-08-12,968.924560546875,HDFCBANK.NS,HDFC Bank
2025-08-13,974.0399169921875,HDFCBANK.NS,HDFC Bank
2025-08-14,979.35205078125,HDFCBANK.NS,HDFC Bank
2025-08-18,985.5003662109375,HDFCBANK.NS,HDFC Bank
2025-08-19,979.35205078125,HDFCBANK.NS,HDFC Bank
2025-08-20,977.9256591796875,HDFCBANK.NS,HDFC Bank
2025-08-21,979.4012451171875,HDFCBANK.NS,HDFC Bank
2025-08-22,966.317626953125,HDFCBANK.NS,HDFC Bank
2025-08-25,966.0717163085938,HDFCBANK.NS,HDFC Bank
2025-08-26,957.5625,HDFCBANK.NS,HDFC Bank
2025-08-28,942.2162475585938,HDFCBANK.NS,HDFC Bank
2025-08-29,936.1171264648438,HDFCBANK.NS,HDFC Bank
2025-09-01,935.1333618164062,HDFCBANK.NS,HDFC Bank
2025-09-02,929.1326904296875,HDFCBANK.NS,HDFC Bank
2025-09-03,938.9207763671875,HDFCBANK.NS,HDFC Bank
2025-09-04,945.610107421875,HDFCBANK.NS,HDFC Bank
2025-09-05,947.7251586914062,HDFCBANK.NS,HDFC Bank
2025-09-08,950.2828369140625,HDFCBANK.NS,HDFC Bank
2025-09-09,949.4467163085938,HDFCBANK.NS,HDFC Bank
2025-09-10,950.1845092773438,HDFCBANK.NS,HDFC Bank
2025-09-11,952.0535278320312,HDFCBANK.NS,HDFC Bank
2025-09-12,951.5617065429688,HDFCBANK.NS,HDFC Bank
2025-09-15,951.3157348632812,HDFCBANK.NS,HDFC Bank
2025-09-16,951.1190185546875,HDFCBANK.NS,HDFC Bank
2025-09-17,950.7747192382812,HDFCBANK.NS,HDFC Bank
2025-09-18,961.0055541992188,HDFCBANK.NS,HDFC Bank
2025-09-19,951.168212890625,HDFCBANK.NS,HDFC Bank
2025-09-22,948.5121459960938,HDFCBANK.NS,HDFC Bank
2025-09-23,941.6260375976562,HDFCBANK.NS,HDFC Bank
2025-09-24,935.5761108398438,HDFCBANK.NS,HDFC Bank
2025-09-25,934.3955688476562,HDFCBANK.NS,HDFC Bank
2025-09-26,929.6737060546875,HDFCBANK.NS,HDFC Bank
2025-09-29,934.8382568359375,HDFCBANK.NS,HDFC Bank
2025-09-30,935.5269165039062,HDFCBANK.NS,HDFC Bank
2025-10-01,949.5450439453125,HDFCBANK.NS,HDFC Bank
2025-10-03,949.4467163085938,HDFCBANK.NS,HDFC Bank
2025-10-06,957.6116333007812,HDFCBANK.NS,HDFC Bank
2025-10-07,966.514404296875,HDFCBANK.NS,HDFC Bank
2025-10-08,962.7762451171875,HDFCBANK.NS,HDFC Bank
2025-10-09,961.2022094726562,HDFCBANK.NS,HDFC Bank
2025-10-10,964.9404296875,HDFCBANK.NS,HDFC Bank
2025-10-13,961.1038818359375,HDFCBANK.NS,HDFC Bank
2025-10-14,961.25146484375,HDFCBANK.NS,HDFC Bank
2025-10-15,962.3335571289062,HDFCBANK.NS,HDFC Bank
2025-10-16,978.1715698242188,HDFCBANK.NS,HDFC Bank
2025-10-17,986.2381591796875,HDFCBANK.NS,HDFC Bank
2025-10-20,986.6316528320312,HDFCBANK.NS,HDFC Bank
2025-10-21,991.3043823242188,HDFCBANK.NS,HDFC Bank
2025-10-23,992.386474609375,HDFCBANK.NS,HDFC Bank
2025-10-24,978.5650634765625,HDFCBANK.NS,HDFC Bank
2025-10-27,986.6316528320312,HDFCBANK.NS,HDFC Bank
2025-10-28,987.2218627929688,HDFCBANK.NS,HDFC Bank
2025-10-29,991.451904296875,HDFCBANK.NS,HDFC Bank
2025-10-30,981.9097900390625,HDFCBANK.NS,HDFC Bank
2025-10-31,971.2362670898438,HDFCBANK.NS,HDFC Bank
2025-11-03,976.499267578125,HDFCBANK.NS,HDFC Bank
2025-11-04,969.2196655273438,HDFCBANK.NS,HDFC Bank
2025-11-06,968.6294555664062,HDFCBANK.NS,HDFC Bank
2025-11-07,966.317626953125,HDFCBANK.NS,HDFC Bank
2025-11-10,968.4818725585938,HDFCBANK.NS,HDFC Bank
2025-11-11,975.564697265625,HDFCBANK.NS,HDFC Bank
2025-11-12,973.4005126953125,HDFCBANK.NS,HDFC Bank
2025-11-13,970.596923828125,HDFCBANK.NS,HDFC Bank
2025-11-14,973.4988403320312,HDFCBANK.NS,HDFC Bank
2025-11-17,980.3357543945312,HDFCBANK.NS,HDFC Bank
2025-11-18,976.302490234375,HDFCBANK.NS,HDFC Bank
2025-11-19,978.41748046875,HDFCBANK.NS,HDFC Bank
2025-11-20,992.4356689453125,HDFCBANK.NS,HDFC Bank
2025-11-21,981.8114013671875,HDFCBANK.NS,HDFC Bank
2025-11-24,982.8934936523438,HDFCBANK.NS,HDFC Bank
2025-11-25,973.6956176757812,HDFCBANK.NS,HDFC Bank
2025-11-26,987.5662231445312,HDFCBANK.NS,HDFC Bank
2025-11-27,993.0750732421875,HDFCBANK.NS,HDFC Bank
2025-11-28,991.2059936523438,HDFCBANK.NS,HDFC Bank
2025-12-01,985.7954711914062,HDFCBANK.NS,HDFC Bank
2025-12-02,973.6956176757812,HDFCBANK.NS,HDFC Bank
2025-12-03,984.2214965820312,HDFCBANK.NS,HDFC Bank
2025-12-04,980.9752197265625,HDFCBANK.NS,HDFC Bank
2025-12-05,986.9759521484375,HDFCBANK.NS,HDFC Bank
2025-12-08,986.7791748046875,HDFCBANK.NS,HDFC Bank
2025-12-09,980.8768310546875,HDFCBANK.NS,HDFC Bank
2025-12-10,973.6956176757812,HDFCBANK.NS,HDFC Bank
2025-12-11,984.0247802734375,HDFCBANK.NS,HDFC Bank
2025-12-12,985.2052612304688,HDFCBANK.NS,HDFC Bank
2025-12-15,979.89306640625,HDFCBANK.NS,HDFC Bank
2025-12-16,978.1223754882812,HDFCBANK.NS,HDFC Bank
2025-12-17,967.989990234375,HDFCBANK.NS,HDFC Bank
2025-12-18,963.7599487304688,HDFCBANK.NS,HDFC Bank
2025-12-19,969.465576171875,HDFCBANK.NS,HDFC Bank
2025-12-22,971.6298217773438,HDFCBANK.NS,HDFC Bank
2025-12-23,980.3849487304688,HDFCBANK.NS,HDFC Bank
2025-12-24,980.9752197265625,HDFCBANK.NS,HDFC Bank
2025-12-26,975.9581909179688,HDFCBANK.NS,HDFC Bank
2025-12-29,975.564697265625,HDFCBANK.NS,HDFC Bank
2025-12-30,974.7777709960938,HDFCBANK.NS,HDFC Bank
2025-12-31,975.0728759765625,HDFCBANK.NS,HDFC Bank
2026-01-01,975.023681640625,HDFCBANK.NS,HDFC Bank
2026-01-02,985.3035888671875,HDFCBANK.NS,HDFC Bank
2026-01-05,961.5957641601562,HDFCBANK.NS,HDFC Bank
2026-01-06,946.544677734375,HDFCBANK.NS,HDFC Bank
2026-01-07,933.608642578125,HDFCBANK.NS,HDFC Bank
2026-01-08,931.296875,HDFCBANK.NS,HDFC Bank
2026-01-09,923.72216796875,HDFCBANK.NS,HDFC Bank
2026-01-12,921.7055053710938,HDFCBANK.NS,HDFC Bank
2026-01-13,922.0989990234375,HDFCBANK.NS,HDFC Bank
2026-01-14,910.3926391601562,HDFCBANK.NS,HDFC Bank
2026-01-15,910.3926391601562,HDFCBANK.NS,HDFC Bank
2026-01-16,915.95068359375,HDFCBANK.NS,HDFC Bank
2026-01-19,912.8027954101562,HDFCBANK.NS,HDFC Bank
2026-01-20,916.049072265625,HDFCBANK.NS,HDFC Bank
2026-01-21,905.3755493164062,HDFCBANK.NS,HDFC Bank
2026-01-22,903.75244140625,HDFCBANK.NS,HDFC Bank
2026-01-23,901.1947021484375,HDFCBANK.NS,HDFC Bank
2026-01-27,911.3272094726562,HDFCBANK.NS,HDFC Bank
2026-01-28,917.524658203125,HDFCBANK.NS,HDFC Bank
2026-01-29,920.2791137695312,HDFCBANK.NS,HDFC Bank
2026-01-30,914.1307983398438,HDFCBANK.NS,HDFC Bank
2026-02-02,912.9994506835938,HDFCBANK.NS,HDFC Bank
2026-02-03,933.2643432617188,HDFCBANK.NS,HDFC Bank
2026-02-04,937.5927124023438,HDFCBANK.NS,HDFC Bank
2026-02-05,934.248046875,HDFCBANK.NS,HDFC Bank
2026-02-06,925.7879638671875,HDFCBANK.NS,HDFC Bank
2026-02-09,922.0006103515625,HDFCBANK.NS,HDFC Bank
2026-02-10,917.2295532226562,HDFCBANK.NS,HDFC Bank
2026-02-11,912.0157470703125,HDFCBANK.NS,HDFC Bank
2026-02-12,905.6215209960938,HDFCBANK.NS,HDFC Bank
2026-02-13,889.1932373046875,HDFCBANK.NS,HDFC Bank
2026-02-16,910.7368774414062,HDFCBANK.NS,HDFC Bank
2026-02-17,910.6385498046875,HDFCBANK.NS,HDFC Bank
2026-02-18,909.6548461914062,HDFCBANK.NS,HDFC Bank
2026-02-19,900.702880859375,HDFCBANK.NS,HDFC Bank
2026-02-20,897.0138549804688,HDFCBANK.NS,HDFC Bank
2026-02-23,908.5726928710938,HDFCBANK.NS,HDFC Bank
2026-02-24,895.6858520507812,HDFCBANK.NS,HDFC Bank
2026-02-25,892.8330078125,HDFCBANK.NS,HDFC Bank
2026-02-26,883.9794311523438,HDFCBANK.NS,HDFC Bank
2026-02-27,873.3060302734375,HDFCBANK.NS,HDFC Bank
2026-03-02,865.0918579101562,HDFCBANK.NS,HDFC Bank
2026-03-04,854.5167846679688,HDFCBANK.NS,HDFC Bank
2026-03-05,863.4686889648438,HDFCBANK.NS,HDFC Bank
2026-03-06,843.10546875,HDFCBANK.NS,HDFC Bank
2026-03-09,827.0215454101562,HDFCBANK.NS,HDFC Bank
2026-03-10,835.629150390625,HDFCBANK.NS,HDFC Bank
2026-03-11,820.38134765625,HDFCBANK.NS,HDFC Bank
2026-03-12,819.2008666992188,HDFCBANK.NS,HDFC Bank
2026-03-13,803.7071533203125,HDFCBANK.NS,HDFC Bank
2026-03-16,826.9231567382812,HDFCBANK.NS,HDFC Bank
2026-03-17,831.5958251953125,HDFCBANK.NS,HDFC Bank
2026-03-18,829.333251953125,HDFCBANK.NS,HDFC Bank
2026-03-19,785.2130126953125,HDFCBANK.NS,HDFC Bank
2026-03-20,767.7518310546875,HDFCBANK.NS,HDFC Bank
2026-03-23,732.04248046875,HDFCBANK.NS,HDFC Bank
2026-03-24,752.454833984375,HDFCBANK.NS,HDFC Bank
2026-03-25,769.5717163085938,HDFCBANK.NS,HDFC Bank
2026-03-27,743.8963623046875,HDFCBANK.NS,HDFC Bank
2026-03-30,719.6473999023438,HDFCBANK.NS,HDFC Bank
2026-04-01,730.17333984375,HDFCBANK.NS,HDFC Bank
2026-04-02,738.6826171875,HDFCBANK.NS,HDFC Bank
2026-04-06,758.45556640625,HDFCBANK.NS,HDFC Bank
2026-04-07,759.4392700195312,HDFCBANK.NS,HDFC Bank
2026-04-08,802.82177734375,HDFCBANK.NS,HDFC Bank
2026-04-09,784.72119140625,HDFCBANK.NS,HDFC Bank
2026-04-10,797.1161499023438,HDFCBANK.NS,HDFC Bank
2026-04-13,781.7699584960938,HDFCBANK.NS,HDFC Bank
2026-04-15,796.72265625,HDFCBANK.NS,HDFC Bank
2026-04-16,782.5077514648438,HDFCBANK.NS,HDFC Bank
2026-04-17,786.8853759765625,HDFCBANK.NS,HDFC Bank
2026-04-20,782.5077514648438,HDFCBANK.NS,HDFC Bank
2026-04-21,798.5425415039062,HDFCBANK.NS,HDFC Bank
2026-04-22,786.8853759765625,HDFCBANK.NS,HDFC Bank
2026-04-23,771.5883178710938,HDFCBANK.NS,HDFC Bank
2026-04-24,772.0802001953125,HDFCBANK.NS,HDFC Bank
2026-04-27,776.9496459960938,HDFCBANK.NS,HDFC Bank
2026-04-28,769.817626953125,HDFCBANK.NS,HDFC Bank
2026-04-29,766.3253784179688,HDFCBANK.NS,HDFC Bank
2026-04-30,759.1441650390625,HDFCBANK.NS,HDFC Bank
2026-05-01,759.1441650390625,HDFCBANK.NS,HDFC Bank
2026-05-04,766.7189331054688,HDFCBANK.NS,HDFC Bank
2026-05-05,759.734375,HDFCBANK.NS,HDFC Bank
2026-05-06,783.58984375,HDFCBANK.NS,HDFC Bank
2026-05-07,783.0979614257812,HDFCBANK.NS,HDFC Bank
2026-05-08,768.145263671875,HDFCBANK.NS,HDFC Bank
2026-05-11,751.2251586914062,HDFCBANK.NS,HDFC Bank
2026-05-12,738.2399291992188,HDFCBANK.NS,HDFC Bank
2026-05-13,737.4037475585938,HDFCBANK.NS,HDFC Bank
2026-05-14,757.0291748046875,HDFCBANK.NS,HDFC Bank
2026-05-15,755.0125122070312,HDFCBANK.NS,HDFC Bank
2026-05-18,756.143798828125,HDFCBANK.NS,HDFC Bank
2026-05-19,750.044677734375,HDFCBANK.NS,HDFC Bank
2026-05-20,747.1427001953125,HDFCBANK.NS,HDFC Bank
2026-05-21,746.7984008789062,HDFCBANK.NS,HDFC Bank
2026-05-22,754.3239135742188,HDFCBANK.NS,HDFC Bank
2026-05-25,774.0476684570312,HDFCBANK.NS,HDFC Bank
2026-05-26,766.22705078125,HDFCBANK.NS,HDFC Bank
2026-05-27,746.3065185546875,HDFCBANK.NS,HDFC Bank
2026-05-28,746.3065185546875,HDFCBANK.NS,HDFC Bank
2026-05-29,732.4359130859375,HDFCBANK.NS,HDFC Bank
2026-06-01,730.6160278320312,HDFCBANK.NS,HDFC Bank
2026-06-02,736.0757446289062,HDFCBANK.NS,HDFC Bank
2026-06-03,741.3878784179688,HDFCBANK.NS,HDFC Bank
2026-06-04,741.9288940429688,HDFCBANK.NS,HDFC Bank
2026-06-05,734.8952026367188,HDFCBANK.NS,HDFC Bank
2026-06-08,726.6319580078125,HDFCBANK.NS,HDFC Bank
2026-06-09,726.3367919921875,HDFCBANK.NS,HDFC Bank
2026-06-10,734.698486328125,HDFCBANK.NS,HDFC Bank
2026-06-11,732.485107421875,HDFCBANK.NS,HDFC Bank
2026-06-12,759.8819580078125,HDFCBANK.NS,HDFC Bank
2026-06-15,764.7022094726562,HDFCBANK.NS,HDFC Bank
2026-06-16,772.1294555664062,HDFCBANK.NS,HDFC Bank
2026-06-17,774.2935791015625,HDFCBANK.NS,HDFC Bank
2026-06-18,786.0,HDFCBANK.NS,HDFC Bank
2026-06-19,779.7999877929688,HDFCBANK.NS,HDFC Bank
2026-06-22,786.4000244140625,HDFCBANK.NS,HDFC Bank
2026-06-23,774.6500244140625,HDFCBANK.NS,HDFC Bank
2026-06-24,793.2000122070312,HDFCBANK.NS,HDFC Bank
2026-06-25,796.2999877929688,HDFCBANK.NS,HDFC Bank
2026-06-26,796.2999877929688,HDFCBANK.NS,HDFC Bank
2026-06-29,798.9000244140625,HDFCBANK.NS,HDFC Bank
2026-06-30,797.9500122070312,HDFCBANK.NS,HDFC Bank
2026-07-01,796.1500244140625,HDFCBANK.NS,HDFC Bank
2026-07-02,795.9000244140625,HDFCBANK.NS,HDFC Bank
2026-07-03,801.0499877929688,HDFCBANK.NS,HDFC Bank
2026-07-06,829.8499755859375,HDFCBANK.NS,HDFC Bank
2026-07-07,829.2999877929688,HDFCBANK.NS,HDFC Bank
2026-07-08,810.2999877929688,HDFCBANK.NS,HDFC Bank
2026-07-09,817.5499877929688,HDFCBANK.NS,HDFC Bank
2026-07-10,824.9500122070312,HDFCBANK.NS,HDFC Bank
2026-07-13,817.9500122070312,HDFCBANK.NS,HDFC Bank
2026-07-14,809.4000244140625,HDFCBANK.NS,HDFC Bank
2026-07-15,815.4500122070312,HDFCBANK.NS,HDFC Bank
2026-07-16,808.2999877929688,HDFCBANK.NS,HDFC Bank
2026-07-17,819.5999755859375,HDFCBANK.NS,HDFC Bank
2026-07-20,777.5999755859375,HDFCBANK.NS,HDFC Bank
2026-07-21,761.4500122070312,HDFCBANK.NS,HDFC Bank
2026-07-22,753.1500244140625,HDFCBANK.NS,HDFC Bank
2026-07-23,747.25,HDFCBANK.NS,HDFC Bank
2026-07-24,742.7999877929688,HDFCBANK.NS,HDFC Bank
2026-07-27,739.5499877929688,HDFCBANK.NS,HDFC Bank
2026-07-28,735.4000244140625,HDFCBANK.NS,HDFC Bank
2026-07-29,748.2000122070312,HDFCBANK.NS,HDFC Bank
2026-07-30,753.9500122070312,HDFCBANK.NS,HDFC Bank
2026-07-31,748.1500244140625,HDFCBANK.NS,HDFC Bank
2026-08-03,753.0,HDFCBANK.NS,HDFC Bank
2026-08-04,742.0,HDFCBANK.NS,HDFC Bank
2026-08-05,735.0,HDFCBANK.NS,HDFC Bank
2026-08-06,734.2999877929688,HDFCBANK.NS,HDFC Bank
2026-08-07,731.0,HDFCBANK.NS,HDFC Bank
2026-08-10,731.0,HDFCBANK.NS,HDFC Bank
2026-08-11,729.0,HDFCBANK.NS,HDFC Bank
2026-08-12,729.0,HDFCBANK.NS,HDFC Bank
2026-08-13,725.0,HDFCBANK.NS,HDFC Bank
2026-08-14,727.0,HDFCBANK.NS,HDFC Bank
2026-08-17,729.0,HDFCBANK.NS,HDFC Bank
2026-08-18,,HDFCBANK.NS,HDFC Bank
2021-08-18,662.0827026367188,ICICIBANK.NS,ICICI Bank
2021-08-20,654.7722778320312,ICICIBANK.NS,ICICI Bank
2021-08-23,656.696044921875,ICICIBANK.NS,ICICI Bank
2021-08-24,667.99853515625,ICICIBANK.NS,ICICI Bank
2021-08-25,664.7279052734375,ICICIBANK.NS,ICICI Bank
2021-08-26,672.1828002929688,ICICIBANK.NS,ICICI Bank
2021-08-27,673.0966796875,ICICIBANK.NS,ICICI Bank
2021-08-30,686.4672241210938,ICICIBANK.NS,ICICI Bank
2021-08-31,691.6614379882812,ICICIBANK.NS,ICICI Bank
2021-09-01,692.4791259765625,ICICIBANK.NS,ICICI Bank
2021-09-02,697.5291137695312,ICICIBANK.NS,ICICI Bank
2021-09-03,696.7114868164062,ICICIBANK.NS,ICICI Bank
2021-09-06,693.6815795898438,ICICIBANK.NS,ICICI Bank
2021-09-07,689.5933837890625,ICICIBANK.NS,ICICI Bank
2021-09-08,693.4891967773438,ICICIBANK.NS,ICICI Bank
2021-09-09,692.8157958984375,ICICIBANK.NS,ICICI Bank
2021-09-13,680.4552612304688,ICICIBANK.NS,ICICI Bank
2021-09-14,680.5033569335938,ICICIBANK.NS,ICICI Bank
2021-09-15,687.1404418945312,ICICIBANK.NS,ICICI Bank
2021-09-16,699.5010375976562,ICICIBANK.NS,ICICI Bank
2021-09-17,692.7196044921875,ICICIBANK.NS,ICICI Bank
2021-09-20,682.9561767578125,ICICIBANK.NS,ICICI Bank
2021-09-21,684.7356567382812,ICICIBANK.NS,ICICI Bank
2021-09-22,676.5595703125,ICICIBANK.NS,ICICI Bank
2021-09-23,689.6896362304688,ICICIBANK.NS,ICICI Bank
2021-09-24,695.4129028320312,ICICIBANK.NS,ICICI Bank
2021-09-27,702.1944580078125,ICICIBANK.NS,ICICI Bank
2021-09-28,689.8338623046875,ICICIBANK.NS,ICICI Bank
2021-09-29,682.4752807617188,ICICIBANK.NS,ICICI Bank
2021-09-30,674.1547241210938,ICICIBANK.NS,ICICI Bank
2021-10-01,665.9784545898438,ICICIBANK.NS,ICICI Bank
2021-10-04,673.5294799804688,ICICIBANK.NS,ICICI Bank
2021-10-05,670.5475463867188,ICICIBANK.NS,ICICI Bank
2021-10-06,663.2371215820312,ICICIBANK.NS,ICICI Bank
2021-10-07,675.4533081054688,ICICIBANK.NS,ICICI Bank
2021-10-08,676.607666015625,ICICIBANK.NS,ICICI Bank
2021-10-11,686.1305541992188,ICICIBANK.NS,ICICI Bank
2021-10-12,681.6094970703125,ICICIBANK.NS,ICICI Bank
2021-10-13,682.9080810546875,ICICIBANK.NS,ICICI Bank
2021-10-14,699.5972900390625,ICICIBANK.NS,ICICI Bank
2021-10-18,717.055908203125,ICICIBANK.NS,ICICI Bank
2021-10-19,718.979736328125,ICICIBANK.NS,ICICI Bank
2021-10-20,717.440673828125,ICICIBANK.NS,ICICI Bank
2021-10-21,726.72314453125,ICICIBANK.NS,ICICI Bank
2021-10-22,730.3783569335938,ICICIBANK.NS,ICICI Bank
2021-10-25,809.6398315429688,ICICIBANK.NS,ICICI Bank
2021-10-26,797.808349609375,ICICIBANK.NS,ICICI Bank
2021-10-27,803.1948852539062,ICICIBANK.NS,ICICI Bank
2021-10-28,768.2776489257812,ICICIBANK.NS,ICICI Bank
2021-10-29,771.5,ICICIBANK.NS,ICICI Bank
2021-11-01,773.2796020507812,ICICIBANK.NS,ICICI Bank
2021-11-02,770.4419555664062,ICICIBANK.NS,ICICI Bank
2021-11-03,756.0133056640625,ICICIBANK.NS,ICICI Bank
2021-11-04,752.3099365234375,ICICIBANK.NS,ICICI Bank
2021-11-08,750.4342651367188,ICICIBANK.NS,ICICI Bank
2021-11-09,756.59033203125,ICICIBANK.NS,ICICI Bank
2021-11-10,751.1556396484375,ICICIBANK.NS,ICICI Bank
2021-11-11,742.0656127929688,ICICIBANK.NS,ICICI Bank
2021-11-12,747.0193481445312,ICICIBANK.NS,ICICI Bank
2021-11-15,743.8450927734375,ICICIBANK.NS,ICICI Bank
2021-11-16,734.9473876953125,ICICIBANK.NS,ICICI Bank
2021-11-17,732.3021240234375,ICICIBANK.NS,ICICI Bank
2021-11-18,733.84130859375,ICICIBANK.NS,ICICI Bank
2021-11-22,723.3563842773438,ICICIBANK.NS,ICICI Bank
2021-11-23,723.212158203125,ICICIBANK.NS,ICICI Bank
2021-11-24,731.2440795898438,ICICIBANK.NS,ICICI Bank
2021-11-25,722.4425659179688,ICICIBANK.NS,ICICI Bank
2021-11-26,694.6914672851562,ICICIBANK.NS,ICICI Bank
2021-11-29,691.0362548828125,ICICIBANK.NS,ICICI Bank
2021-11-30,687.1404418945312,ICICIBANK.NS,ICICI Bank
2021-12-01,699.9820556640625,ICICIBANK.NS,ICICI Bank
2021-12-02,694.8839111328125,ICICIBANK.NS,ICICI Bank
2021-12-03,689.0162963867188,ICICIBANK.NS,ICICI Bank
2021-12-06,682.5232543945312,ICICIBANK.NS,ICICI Bank
2021-12-07,706.6673583984375,ICICIBANK.NS,ICICI Bank
2021-12-08,724.7030639648438,ICICIBANK.NS,ICICI Bank
2021-12-09,726.2421875,ICICIBANK.NS,ICICI Bank
2021-12-10,729.1278686523438,ICICIBANK.NS,ICICI Bank
2021-12-13,725.2802124023438,ICICIBANK.NS,ICICI Bank
2021-12-14,729.753173828125,ICICIBANK.NS,ICICI Bank
2021-12-15,723.596923828125,ICICIBANK.NS,ICICI Bank
2021-12-16,712.9197387695312,ICICIBANK.NS,ICICI Bank
2021-12-17,700.5591430664062,ICICIBANK.NS,ICICI Bank
2021-12-20,682.9080810546875,ICICIBANK.NS,ICICI Bank
2021-12-21,692.9119873046875,ICICIBANK.NS,ICICI Bank
2021-12-22,704.8877563476562,ICICIBANK.NS,ICICI Bank
2021-12-23,703.44482421875,ICICIBANK.NS,ICICI Bank
2021-12-24,699.4048461914062,ICICIBANK.NS,ICICI Bank
2021-12-27,707.9658813476562,ICICIBANK.NS,ICICI Bank
2021-12-28,707.7734375,ICICIBANK.NS,ICICI Bank
2021-12-29,707.6773071289062,ICICIBANK.NS,ICICI Bank
2021-12-30,707.6773071289062,ICICIBANK.NS,ICICI Bank
2021-12-31,711.9578857421875,ICICIBANK.NS,ICICI Bank
2022-01-03,735.57275390625,ICICIBANK.NS,ICICI Bank
2022-01-04,743.4121704101562,ICICIBANK.NS,ICICI Bank
2022-01-05,758.0332641601562,ICICIBANK.NS,ICICI Bank
2022-01-06,755.1475830078125,ICICIBANK.NS,ICICI Bank
2022-01-07,763.0352172851562,ICICIBANK.NS,ICICI Bank
2022-01-10,779.86865234375,ICICIBANK.NS,ICICI Bank
2022-01-11,779.7724609375,ICICIBANK.NS,ICICI Bank
2022-01-12,792.3734741210938,ICICIBANK.NS,ICICI Bank
2022-01-13,793.2872924804688,ICICIBANK.NS,ICICI Bank
2022-01-14,788.7662963867188,ICICIBANK.NS,ICICI Bank
2022-01-17,788.0928955078125,ICICIBANK.NS,ICICI Bank
2022-01-18,791.7482299804688,ICICIBANK.NS,ICICI Bank
2022-01-19,777.8004760742188,ICICIBANK.NS,ICICI Bank
2022-01-20,779.3876953125,ICICIBANK.NS,ICICI Bank
2022-01-21,773.8567504882812,ICICIBANK.NS,ICICI Bank
2022-01-24,768.0371704101562,ICICIBANK.NS,ICICI Bank
2022-01-25,771.1152954101562,ICICIBANK.NS,ICICI Bank
2022-01-27,764.3818969726562,ICICIBANK.NS,ICICI Bank
2022-01-28,751.3961181640625,ICICIBANK.NS,ICICI Bank
2022-01-31,758.754638671875,ICICIBANK.NS,ICICI Bank
2022-02-01,779.4357299804688,ICICIBANK.NS,ICICI Bank
2022-02-02,782.7543334960938,ICICIBANK.NS,ICICI Bank
2022-02-03,778.13720703125,ICICIBANK.NS,ICICI Bank
2022-02-04,774.3857421875,ICICIBANK.NS,ICICI Bank
2022-02-07,756.4461669921875,ICICIBANK.NS,ICICI Bank
2022-02-08,762.313720703125,ICICIBANK.NS,ICICI Bank
2022-02-09,772.221435546875,ICICIBANK.NS,ICICI Bank
2022-02-10,774.818603515625,ICICIBANK.NS,ICICI Bank
2022-02-11,760.678466796875,ICICIBANK.NS,ICICI Bank
2022-02-14,724.99169921875,ICICIBANK.NS,ICICI Bank
2022-02-15,746.4903564453125,ICICIBANK.NS,ICICI Bank
2022-02-16,734.9473876953125,ICICIBANK.NS,ICICI Bank
2022-02-17,721.7692260742188,ICICIBANK.NS,ICICI Bank
2022-02-18,720.3745727539062,ICICIBANK.NS,ICICI Bank
2022-02-21,725.713134765625,ICICIBANK.NS,ICICI Bank
2022-02-22,722.68310546875,ICICIBANK.NS,ICICI Bank
2022-02-23,716.2382202148438,ICICIBANK.NS,ICICI Bank
2022-02-24,680.4552612304688,ICICIBANK.NS,ICICI Bank
2022-02-25,702.2424926757812,ICICIBANK.NS,ICICI Bank
2022-02-28,714.4107055664062,ICICIBANK.NS,ICICI Bank
2022-03-02,687.6214599609375,ICICIBANK.NS,ICICI Bank
2022-03-03,671.7018432617188,ICICIBANK.NS,ICICI Bank
2022-03-04,661.8422241210938,ICICIBANK.NS,ICICI Bank
2022-03-07,628.8487548828125,ICICIBANK.NS,ICICI Bank
2022-03-08,639.6702270507812,ICICIBANK.NS,ICICI Bank
2022-03-09,642.0269165039062,ICICIBANK.NS,ICICI Bank
2022-03-10,650.8284301757812,ICICIBANK.NS,ICICI Bank
2022-03-11,652.078857421875,ICICIBANK.NS,ICICI Bank
2022-03-14,669.6337280273438,ICICIBANK.NS,ICICI Bank
2022-03-15,670.7880249023438,ICICIBANK.NS,ICICI Bank
2022-03-16,681.0324096679688,ICICIBANK.NS,ICICI Bank
2022-03-17,692.6714477539062,ICICIBANK.NS,ICICI Bank
2022-03-21,683.6776733398438,ICICIBANK.NS,ICICI Bank
2022-03-22,690.8438720703125,ICICIBANK.NS,ICICI Bank
2022-03-23,690.9400634765625,ICICIBANK.NS,ICICI Bank
2022-03-24,677.3771362304688,ICICIBANK.NS,ICICI Bank
2022-03-25,672.61572265625,ICICIBANK.NS,ICICI Bank
2022-03-28,683.2929077148438,ICICIBANK.NS,ICICI Bank
2022-03-29,688.0543212890625,ICICIBANK.NS,ICICI Bank
2022-03-30,703.0601806640625,ICICIBANK.NS,ICICI Bank
2022-03-31,702.48291015625,ICICIBANK.NS,ICICI Bank
2022-04-01,708.2063598632812,ICICIBANK.NS,ICICI Bank
2022-04-04,718.162109375,ICICIBANK.NS,ICICI Bank
2022-04-05,713.5449829101562,ICICIBANK.NS,ICICI Bank
2022-04-06,713.3526000976562,ICICIBANK.NS,ICICI Bank
2022-04-07,720.037841796875,ICICIBANK.NS,ICICI Bank
2022-04-08,725.5687866210938,ICICIBANK.NS,ICICI Bank
2022-04-11,730.6669921875,ICICIBANK.NS,ICICI Bank
2022-04-12,734.7550048828125,ICICIBANK.NS,ICICI Bank
2022-04-13,733.2160034179688,ICICIBANK.NS,ICICI Bank
2022-04-18,728.9354858398438,ICICIBANK.NS,ICICI Bank
2022-04-19,737.1116943359375,ICICIBANK.NS,ICICI Bank
2022-04-20,726.771240234375,ICICIBANK.NS,ICICI Bank
2022-04-21,733.3121948242188,ICICIBANK.NS,ICICI Bank
2022-04-22,719.172119140625,ICICIBANK.NS,ICICI Bank
2022-04-25,723.548828125,ICICIBANK.NS,ICICI Bank
2022-04-26,725.039794921875,ICICIBANK.NS,ICICI Bank
2022-04-27,708.6392211914062,ICICIBANK.NS,ICICI Bank
2022-04-28,718.6912231445312,ICICIBANK.NS,ICICI Bank
2022-04-29,714.9877319335938,ICICIBANK.NS,ICICI Bank
2022-05-02,712.775390625,ICICIBANK.NS,ICICI Bank
2022-05-04,696.6634521484375,ICICIBANK.NS,ICICI Bank
2022-05-05,701.0401000976562,ICICIBANK.NS,ICICI Bank
2022-05-06,691.8538208007812,ICICIBANK.NS,ICICI Bank
2022-05-09,683.2929077148438,ICICIBANK.NS,ICICI Bank
2022-05-10,684.2066650390625,ICICIBANK.NS,ICICI Bank
2022-05-11,686.9962158203125,ICICIBANK.NS,ICICI Bank
2022-05-12,669.2970581054688,ICICIBANK.NS,ICICI Bank
2022-05-13,651.5497436523438,ICICIBANK.NS,ICICI Bank
2022-05-16,656.984619140625,ICICIBANK.NS,ICICI Bank
2022-05-17,682.9561767578125,ICICIBANK.NS,ICICI Bank
2022-05-18,680.4071044921875,ICICIBANK.NS,ICICI Bank
2022-05-19,664.0065307617188,ICICIBANK.NS,ICICI Bank
2022-05-20,682.5232543945312,ICICIBANK.NS,ICICI Bank
2022-05-23,683.9661865234375,ICICIBANK.NS,ICICI Bank
2022-05-24,681.1766357421875,ICICIBANK.NS,ICICI Bank
2022-05-25,686.1785888671875,ICICIBANK.NS,ICICI Bank
2022-05-26,700.7515258789062,ICICIBANK.NS,ICICI Bank
2022-05-27,711.62109375,ICICIBANK.NS,ICICI Bank
2022-05-30,719.98974609375,ICICIBANK.NS,ICICI Bank
2022-05-31,724.174072265625,ICICIBANK.NS,ICICI Bank
2022-06-01,723.981689453125,ICICIBANK.NS,ICICI Bank
2022-06-02,721.1920166015625,ICICIBANK.NS,ICICI Bank
2022-06-03,715.9497680664062,ICICIBANK.NS,ICICI Bank
2022-06-06,718.306396484375,ICICIBANK.NS,ICICI Bank
2022-06-07,707.2445068359375,ICICIBANK.NS,ICICI Bank
2022-06-08,701.7134399414062,ICICIBANK.NS,ICICI Bank
2022-06-09,704.8396606445312,ICICIBANK.NS,ICICI Bank
2022-06-10,692.5753173828125,ICICIBANK.NS,ICICI Bank
2022-06-13,661.794189453125,ICICIBANK.NS,ICICI Bank
2022-06-14,659.389404296875,ICICIBANK.NS,ICICI Bank
2022-06-15,661.07275390625,ICICIBANK.NS,ICICI Bank
2022-06-16,652.6560668945312,ICICIBANK.NS,ICICI Bank
2022-06-17,660.6879272460938,ICICIBANK.NS,ICICI Bank
2022-06-20,659.822265625,ICICIBANK.NS,ICICI Bank
2022-06-21,669.5856323242188,ICICIBANK.NS,ICICI Bank
2022-06-22,660.447509765625,ICICIBANK.NS,ICICI Bank
2022-06-23,672.5194702148438,ICICIBANK.NS,ICICI Bank
2022-06-24,686.2747802734375,ICICIBANK.NS,ICICI Bank
2022-06-27,690.0262451171875,ICICIBANK.NS,ICICI Bank
2022-06-28,683.2448120117188,ICICIBANK.NS,ICICI Bank
2022-06-29,675.982421875,ICICIBANK.NS,ICICI Bank
2022-06-30,680.2628173828125,ICICIBANK.NS,ICICI Bank
2022-07-01,677.0885620117188,ICICIBANK.NS,ICICI Bank
2022-07-04,692.6714477539062,ICICIBANK.NS,ICICI Bank
2022-07-05,692.0462036132812,ICICIBANK.NS,ICICI Bank
2022-07-06,698.2986450195312,ICICIBANK.NS,ICICI Bank
2022-07-07,713.7373657226562,ICICIBANK.NS,ICICI Bank
2022-07-08,726.91552734375,ICICIBANK.NS,ICICI Bank
2022-07-11,740.1898803710938,ICICIBANK.NS,ICICI Bank
2022-07-12,730.9555053710938,ICICIBANK.NS,ICICI Bank
2022-07-13,724.5106811523438,ICICIBANK.NS,ICICI Bank
2022-07-14,723.7412109375,ICICIBANK.NS,ICICI Bank
2022-07-15,722.5869750976562,ICICIBANK.NS,ICICI Bank
2022-07-18,742.5946655273438,ICICIBANK.NS,ICICI Bank
2022-07-19,750.9151611328125,ICICIBANK.NS,ICICI Bank
2022-07-20,753.2717895507812,ICICIBANK.NS,ICICI Bank
2022-07-21,756.0614013671875,ICICIBANK.NS,ICICI Bank
2022-07-22,769.576171875,ICICIBANK.NS,ICICI Bank
2022-07-25,770.3938598632812,ICICIBANK.NS,ICICI Bank
2022-07-26,765.9690551757812,ICICIBANK.NS,ICICI Bank
2022-07-27,770.0090942382812,ICICIBANK.NS,ICICI Bank
2022-07-28,783.5719604492188,ICICIBANK.NS,ICICI Bank
2022-07-29,787.4196166992188,ICICIBANK.NS,ICICI Bank
2022-08-01,792.036865234375,ICICIBANK.NS,ICICI Bank
2022-08-02,786.6019897460938,ICICIBANK.NS,ICICI Bank
2022-08-03,793.3834838867188,ICICIBANK.NS,ICICI Bank
2022-08-04,789.0067749023438,ICICIBANK.NS,ICICI Bank
2022-08-05,806.2731323242188,ICICIBANK.NS,ICICI Bank
2022-08-08,809.9019165039062,ICICIBANK.NS,ICICI Bank
2022-08-10,821.3204956054688,ICICIBANK.NS,ICICI Bank
2022-08-11,831.9166870117188,ICICIBANK.NS,ICICI Bank
2022-08-12,846.1416625976562,ICICIBANK.NS,ICICI Bank
2022-08-16,850.8348999023438,ICICIBANK.NS,ICICI Bank
2022-08-17,854.7056274414062,ICICIBANK.NS,ICICI Bank
2022-08-18,856.4957885742188,ICICIBANK.NS,ICICI Bank
2022-08-19,842.2709350585938,ICICIBANK.NS,ICICI Bank
2022-08-22,824.7074584960938,ICICIBANK.NS,ICICI Bank
2022-08-23,835.9810180664062,ICICIBANK.NS,ICICI Bank
2022-08-24,845.0771484375,ICICIBANK.NS,ICICI Bank
2022-08-25,844.1578369140625,ICICIBANK.NS,ICICI Bank
2022-08-26,842.706298828125,ICICIBANK.NS,ICICI Bank
2022-08-29,828.1910400390625,ICICIBANK.NS,ICICI Bank
2022-08-30,858.6246337890625,ICICIBANK.NS,ICICI Bank
2022-09-01,846.0932006835938,ICICIBANK.NS,ICICI Bank
2022-09-02,844.2063598632812,ICICIBANK.NS,ICICI Bank
2022-09-05,853.9315185546875,ICICIBANK.NS,ICICI Bank
2022-09-06,855.0927124023438,ICICIBANK.NS,ICICI Bank
2022-09-07,847.8834838867188,ICICIBANK.NS,ICICI Bank
2022-09-08,869.7530517578125,ICICIBANK.NS,ICICI Bank
2022-09-09,872.1238403320312,ICICIBANK.NS,ICICI Bank
2022-09-12,877.8816528320312,ICICIBANK.NS,ICICI Bank
2022-09-13,880.5911865234375,ICICIBANK.NS,ICICI Bank
2022-09-14,888.4292602539062,ICICIBANK.NS,ICICI Bank
2022-09-15,887.9454345703125,ICICIBANK.NS,ICICI Bank
2022-09-16,879.7200927734375,ICICIBANK.NS,ICICI Bank
2022-09-19,870.14013671875,ICICIBANK.NS,ICICI Bank
2022-09-20,887.1229858398438,ICICIBANK.NS,ICICI Bank
2022-09-21,885.6714477539062,ICICIBANK.NS,ICICI Bank
2022-09-22,874.2044067382812,ICICIBANK.NS,ICICI Bank
2022-09-23,853.7379150390625,ICICIBANK.NS,ICICI Bank
2022-09-26,833.2230224609375,ICICIBANK.NS,ICICI Bank
2022-09-27,824.997802734375,ICICIBANK.NS,ICICI Bank
2022-09-28,822.0462646484375,ICICIBANK.NS,ICICI Bank
2022-09-29,816.6272583007812,ICICIBANK.NS,ICICI Bank
2022-09-30,834.142333984375,ICICIBANK.NS,ICICI Bank
2022-10-03,820.9334716796875,ICICIBANK.NS,ICICI Bank
2022-10-04,839.6097412109375,ICICIBANK.NS,ICICI Bank
2022-10-06,856.83447265625,ICICIBANK.NS,ICICI Bank
2022-10-07,854.0281982421875,ICICIBANK.NS,ICICI Bank
2022-10-10,853.2540893554688,ICICIBANK.NS,ICICI Bank
2022-10-11,842.46435546875,ICICIBANK.NS,ICICI Bank
2022-10-12,840.287109375,ICICIBANK.NS,ICICI Bank
2022-10-13,826.0137939453125,ICICIBANK.NS,ICICI Bank
2022-10-14,842.125732421875,ICICIBANK.NS,ICICI Bank
2022-10-17,856.5925903320312,ICICIBANK.NS,ICICI Bank
2022-10-18,867.91455078125,ICICIBANK.NS,ICICI Bank
2022-10-19,863.2695922851562,ICICIBANK.NS,ICICI Bank
2022-10-20,859.93115234375,ICICIBANK.NS,ICICI Bank
2022-10-21,877.833251953125,ICICIBANK.NS,ICICI Bank
2022-10-24,896.3643798828125,ICICIBANK.NS,ICICI Bank
2022-10-25,895.1546630859375,ICICIBANK.NS,ICICI Bank
2022-10-27,894.5257568359375,ICICIBANK.NS,ICICI Bank
2022-10-28,878.5105590820312,ICICIBANK.NS,ICICI Bank
2022-10-31,879.3331909179688,ICICIBANK.NS,ICICI Bank
2022-11-01,879.236328125,ICICIBANK.NS,ICICI Bank
2022-11-02,875.4623413085938,ICICIBANK.NS,ICICI Bank
2022-11-03,879.2847900390625,ICICIBANK.NS,ICICI Bank
2022-11-04,876.04296875,ICICIBANK.NS,ICICI Bank
2022-11-07,887.8487548828125,ICICIBANK.NS,ICICI Bank
2022-11-09,881.074951171875,ICICIBANK.NS,ICICI Bank
2022-11-10,881.2684936523438,ICICIBANK.NS,ICICI Bank
2022-11-11,877.2525634765625,ICICIBANK.NS,ICICI Bank
2022-11-14,866.027587890625,ICICIBANK.NS,ICICI Bank
2022-11-15,882.2362060546875,ICICIBANK.NS,ICICI Bank
2022-11-16,884.0747680664062,ICICIBANK.NS,ICICI Bank
2022-11-17,890.0744018554688,ICICIBANK.NS,ICICI Bank
2022-11-18,890.6065673828125,ICICIBANK.NS,ICICI Bank
2022-11-21,891.6227416992188,ICICIBANK.NS,ICICI Bank
2022-11-22,893.848388671875,ICICIBANK.NS,ICICI Bank
2022-11-23,897.4771728515625,ICICIBANK.NS,ICICI Bank
2022-11-24,908.5087280273438,ICICIBANK.NS,ICICI Bank
2022-11-25,900.235107421875,ICICIBANK.NS,ICICI Bank
2022-11-28,907.1056518554688,ICICIBANK.NS,ICICI Bank
2022-11-29,916.1534423828125,ICICIBANK.NS,ICICI Bank
2022-11-30,922.104736328125,ICICIBANK.NS,ICICI Bank
2022-12-01,909.8151245117188,ICICIBANK.NS,ICICI Bank
2022-12-02,900.5253295898438,ICICIBANK.NS,ICICI Bank
2022-12-05,903.4283447265625,ICICIBANK.NS,ICICI Bank
2022-12-06,892.8323364257812,ICICIBANK.NS,ICICI Bank
2022-12-07,892.3484497070312,ICICIBANK.NS,ICICI Bank
2022-12-08,901.7833251953125,ICICIBANK.NS,ICICI Bank
2022-12-09,899.8479614257812,ICICIBANK.NS,ICICI Bank
2022-12-12,900.235107421875,ICICIBANK.NS,ICICI Bank
2022-12-13,902.7994384765625,ICICIBANK.NS,ICICI Bank
2022-12-14,891.9613647460938,ICICIBANK.NS,ICICI Bank
2022-12-15,879.4298706054688,ICICIBANK.NS,ICICI Bank
2022-12-16,872.849609375,ICICIBANK.NS,ICICI Bank
2022-12-19,877.1558837890625,ICICIBANK.NS,ICICI Bank
2022-12-20,880.3008422851562,ICICIBANK.NS,ICICI Bank
2022-12-21,863.4147338867188,ICICIBANK.NS,ICICI Bank
2022-12-22,861.8665161132812,ICICIBANK.NS,ICICI Bank
2022-12-23,850.4961547851562,ICICIBANK.NS,ICICI Bank
2022-12-26,864.3341064453125,ICICIBANK.NS,ICICI Bank
2022-12-27,871.5433349609375,ICICIBANK.NS,ICICI Bank
2022-12-28,869.8982543945312,ICICIBANK.NS,ICICI Bank
2022-12-29,878.7041015625,ICICIBANK.NS,ICICI Bank
2022-12-30,862.0599365234375,ICICIBANK.NS,ICICI Bank
2023-01-02,873.2850952148438,ICICIBANK.NS,ICICI Bank
2023-01-03,872.2206420898438,ICICIBANK.NS,ICICI Bank
2023-01-04,870.0433349609375,ICICIBANK.NS,ICICI Bank
2023-01-05,850.7380981445312,ICICIBANK.NS,ICICI Bank
2023-01-06,841.98046875,ICICIBANK.NS,ICICI Bank
2023-01-09,845.1255493164062,ICICIBANK.NS,ICICI Bank
2023-01-10,833.5133666992188,ICICIBANK.NS,ICICI Bank
2023-01-11,838.3034057617188,ICICIBANK.NS,ICICI Bank
2023-01-12,832.8359985351562,ICICIBANK.NS,ICICI Bank
2023-01-13,845.2223510742188,ICICIBANK.NS,ICICI Bank
2023-01-16,837.287353515625,ICICIBANK.NS,ICICI Bank
2023-01-17,837.1905517578125,ICICIBANK.NS,ICICI Bank
2023-01-18,841.39990234375,ICICIBANK.NS,ICICI Bank
2023-01-19,838.1582641601562,ICICIBANK.NS,ICICI Bank
2023-01-20,842.2224731445312,ICICIBANK.NS,ICICI Bank
2023-01-23,843.5288696289062,ICICIBANK.NS,ICICI Bank
2023-01-24,842.609619140625,ICICIBANK.NS,ICICI Bank
2023-01-25,827.6588745117188,ICICIBANK.NS,ICICI Bank
2023-01-27,790.790283203125,ICICIBANK.NS,ICICI Bank
2023-01-30,796.8865356445312,ICICIBANK.NS,ICICI Bank
2023-01-31,805.01513671875,ICICIBANK.NS,ICICI Bank
2023-02-01,820.5464477539062,ICICIBANK.NS,ICICI Bank
2023-02-02,830.1749267578125,ICICIBANK.NS,ICICI Bank
2023-02-03,835.8841552734375,ICICIBANK.NS,ICICI Bank
2023-02-06,826.1105346679688,ICICIBANK.NS,ICICI Bank
2023-02-07,825.1913452148438,ICICIBANK.NS,ICICI Bank
2023-02-08,831.3359985351562,ICICIBANK.NS,ICICI Bank
2023-02-09,832.9811401367188,ICICIBANK.NS,ICICI Bank
2023-02-10,826.2556762695312,ICICIBANK.NS,ICICI Bank
2023-02-13,823.1591796875,ICICIBANK.NS,ICICI Bank
2023-02-14,837.335693359375,ICICIBANK.NS,ICICI Bank
2023-02-15,842.6578979492188,ICICIBANK.NS,ICICI Bank
2023-02-16,841.3516235351562,ICICIBANK.NS,ICICI Bank
2023-02-17,834.7713623046875,ICICIBANK.NS,ICICI Bank
2023-02-20,824.562255859375,ICICIBANK.NS,ICICI Bank
2023-02-21,826.5944213867188,ICICIBANK.NS,ICICI Bank
2023-02-22,812.1275634765625,ICICIBANK.NS,ICICI Bank
2023-02-23,812.6114501953125,ICICIBANK.NS,ICICI Bank
2023-02-24,812.5630493164062,ICICIBANK.NS,ICICI Bank
2023-02-27,828.7233276367188,ICICIBANK.NS,ICICI Bank
2023-02-28,827.223388671875,ICICIBANK.NS,ICICI Bank
2023-03-01,828.6265258789062,ICICIBANK.NS,ICICI Bank
2023-03-02,826.4009399414062,ICICIBANK.NS,ICICI Bank
2023-03-03,840.4806518554688,ICICIBANK.NS,ICICI Bank
2023-03-06,839.70654296875,ICICIBANK.NS,ICICI Bank
2023-03-08,843.9158325195312,ICICIBANK.NS,ICICI Bank
2023-03-09,828.2879028320312,ICICIBANK.NS,ICICI Bank
2023-03-10,815.417724609375,ICICIBANK.NS,ICICI Bank
2023-03-13,801.628173828125,ICICIBANK.NS,ICICI Bank
2023-03-14,803.5151977539062,ICICIBANK.NS,ICICI Bank
2023-03-15,799.208984375,ICICIBANK.NS,ICICI Bank
2023-03-16,797.273681640625,ICICIBANK.NS,ICICI Bank
2023-03-17,809.2245483398438,ICICIBANK.NS,ICICI Bank
2023-03-20,809.4180908203125,ICICIBANK.NS,ICICI Bank
2023-03-21,824.8526000976562,ICICIBANK.NS,ICICI Bank
2023-03-22,832.4005737304688,ICICIBANK.NS,ICICI Bank
2023-03-23,827.8040771484375,ICICIBANK.NS,ICICI Bank
2023-03-24,824.8526000976562,ICICIBANK.NS,ICICI Bank
2023-03-27,821.2721557617188,ICICIBANK.NS,ICICI Bank
2023-03-28,827.126708984375,ICICIBANK.NS,ICICI Bank
2023-03-29,823.497802734375,ICICIBANK.NS,ICICI Bank
2023-03-31,848.8994750976562,ICICIBANK.NS,ICICI Bank
2023-04-03,855.23779296875,ICICIBANK.NS,ICICI Bank
2023-04-05,856.0119018554688,ICICIBANK.NS,ICICI Bank
2023-04-06,846.7222290039062,ICICIBANK.NS,ICICI Bank
2023-04-10,840.3839721679688,ICICIBANK.NS,ICICI Bank
2023-04-11,853.3992309570312,ICICIBANK.NS,ICICI Bank
2023-04-12,861.3826293945312,ICICIBANK.NS,ICICI Bank
2023-04-13,869.9465942382812,ICICIBANK.NS,ICICI Bank
2023-04-17,872.1723022460938,ICICIBANK.NS,ICICI Bank
2023-04-18,867.865966796875,ICICIBANK.NS,ICICI Bank
2023-04-19,863.0760498046875,ICICIBANK.NS,ICICI Bank
2023-04-20,865.4953002929688,ICICIBANK.NS,ICICI Bank
2023-04-21,857.028076171875,ICICIBANK.NS,ICICI Bank
2023-04-24,875.5108032226562,ICICIBANK.NS,ICICI Bank
2023-04-25,883.9296264648438,ICICIBANK.NS,ICICI Bank
2023-04-26,885.3811645507812,ICICIBANK.NS,ICICI Bank
2023-04-27,888.6712036132812,ICICIBANK.NS,ICICI Bank
2023-04-28,887.993896484375,ICICIBANK.NS,ICICI Bank
2023-05-02,892.300048828125,ICICIBANK.NS,ICICI Bank
2023-05-03,893.0257568359375,ICICIBANK.NS,ICICI Bank
2023-05-04,891.9130859375,ICICIBANK.NS,ICICI Bank
2023-05-05,896.9932861328125,ICICIBANK.NS,ICICI Bank
2023-05-08,907.5894775390625,ICICIBANK.NS,ICICI Bank
2023-05-09,904.20263671875,ICICIBANK.NS,ICICI Bank
2023-05-10,905.7992553710938,ICICIBANK.NS,ICICI Bank
2023-05-11,908.847412109375,ICICIBANK.NS,ICICI Bank
2023-05-12,913.3955688476562,ICICIBANK.NS,ICICI Bank
2023-05-15,915.185791015625,ICICIBANK.NS,ICICI Bank
2023-05-16,915.7662963867188,ICICIBANK.NS,ICICI Bank
2023-05-17,908.9926147460938,ICICIBANK.NS,ICICI Bank
2023-05-18,915.9115600585938,ICICIBANK.NS,ICICI Bank
2023-05-19,923.4594116210938,ICICIBANK.NS,ICICI Bank
2023-05-22,919.6370849609375,ICICIBANK.NS,ICICI Bank
2023-05-23,922.5885620117188,ICICIBANK.NS,ICICI Bank
2023-05-24,910.2505493164062,ICICIBANK.NS,ICICI Bank
2023-05-25,909.4763793945312,ICICIBANK.NS,ICICI Bank
2023-05-26,919.9757690429688,ICICIBANK.NS,ICICI Bank
2023-05-29,917.50830078125,ICICIBANK.NS,ICICI Bank
2023-05-30,919.2500610351562,ICICIBANK.NS,ICICI Bank
2023-05-31,918.4758911132812,ICICIBANK.NS,ICICI Bank
2023-06-01,905.8475341796875,ICICIBANK.NS,ICICI Bank
2023-06-02,907.8313598632812,ICICIBANK.NS,ICICI Bank
2023-06-05,916.1534423828125,ICICIBANK.NS,ICICI Bank
2023-06-06,911.6536865234375,ICICIBANK.NS,ICICI Bank
2023-06-07,909.8151245117188,ICICIBANK.NS,ICICI Bank
2023-06-08,907.5894775390625,ICICIBANK.NS,ICICI Bank
2023-06-09,907.7345581054688,ICICIBANK.NS,ICICI Bank
2023-06-12,905.7025146484375,ICICIBANK.NS,ICICI Bank
2023-06-13,913.0568237304688,ICICIBANK.NS,ICICI Bank
2023-06-14,909.4280395507812,ICICIBANK.NS,ICICI Bank
2023-06-15,896.6546630859375,ICICIBANK.NS,ICICI Bank
2023-06-16,904.0090942382812,ICICIBANK.NS,ICICI Bank
2023-06-19,893.3162231445312,ICICIBANK.NS,ICICI Bank
2023-06-20,895.6385498046875,ICICIBANK.NS,ICICI Bank
2023-06-21,894.8160400390625,ICICIBANK.NS,ICICI Bank
2023-06-22,895.8320922851562,ICICIBANK.NS,ICICI Bank
2023-06-23,893.6548461914062,ICICIBANK.NS,ICICI Bank
2023-06-26,897.4771728515625,ICICIBANK.NS,ICICI Bank
2023-06-27,905.8475341796875,ICICIBANK.NS,ICICI Bank
2023-06-28,907.1539916992188,ICICIBANK.NS,ICICI Bank
2023-06-30,904.3960571289062,ICICIBANK.NS,ICICI Bank
2023-07-03,912.0891723632812,ICICIBANK.NS,ICICI Bank
2023-07-04,914.169677734375,ICICIBANK.NS,ICICI Bank
2023-07-05,927.0398559570312,ICICIBANK.NS,ICICI Bank
2023-07-06,928.3946533203125,ICICIBANK.NS,ICICI Bank
2023-07-07,915.814697265625,ICICIBANK.NS,ICICI Bank
2023-07-10,917.7501220703125,ICICIBANK.NS,ICICI Bank
2023-07-11,914.41162109375,ICICIBANK.NS,ICICI Bank
2023-07-12,913.87939453125,ICICIBANK.NS,ICICI Bank
2023-07-13,924.8141479492188,ICICIBANK.NS,ICICI Bank
2023-07-14,929.0236206054688,ICICIBANK.NS,ICICI Bank
2023-07-17,937.3941040039062,ICICIBANK.NS,ICICI Bank
2023-07-18,943.9259643554688,ICICIBANK.NS,ICICI Bank
2023-07-19,941.9906005859375,ICICIBANK.NS,ICICI Bank
2023-07-20,963.4246826171875,ICICIBANK.NS,ICICI Bank
2023-07-21,964.7794799804688,ICICIBANK.NS,ICICI Bank
2023-07-24,959.9410400390625,ICICIBANK.NS,ICICI Bank
2023-07-25,962.5538330078125,ICICIBANK.NS,ICICI Bank
2023-07-26,964.2472534179688,ICICIBANK.NS,ICICI Bank
2023-07-27,958.2476196289062,ICICIBANK.NS,ICICI Bank
2023-07-28,964.00537109375,ICICIBANK.NS,ICICI Bank
2023-07-31,966.0374755859375,ICICIBANK.NS,ICICI Bank
2023-08-01,962.40869140625,ICICIBANK.NS,ICICI Bank
2023-08-02,955.0543212890625,ICICIBANK.NS,ICICI Bank
2023-08-03,933.8136596679688,ICICIBANK.NS,ICICI Bank
2023-08-04,939.1359252929688,ICICIBANK.NS,ICICI Bank
2023-08-07,944.1195068359375,ICICIBANK.NS,ICICI Bank
2023-08-08,948.2321166992188,ICICIBANK.NS,ICICI Bank
2023-08-09,949.0126953125,ICICIBANK.NS,ICICI Bank
2023-08-10,940.6220703125,ICICIBANK.NS,ICICI Bank
2023-08-11,929.6460571289062,ICICIBANK.NS,ICICI Bank
2023-08-14,936.182861328125,ICICIBANK.NS,ICICI Bank
2023-08-16,933.2071533203125,ICICIBANK.NS,ICICI Bank
2023-08-17,928.4752807617188,ICICIBANK.NS,ICICI Bank
2023-08-18,927.4996337890625,ICICIBANK.NS,ICICI Bank
2023-08-21,931.9387817382812,ICICIBANK.NS,ICICI Bank
2023-08-22,928.8167724609375,ICICIBANK.NS,ICICI Bank
2023-08-23,943.3051147460938,ICICIBANK.NS,ICICI Bank
2023-08-24,945.3539428710938,ICICIBANK.NS,ICICI Bank
2023-08-25,946.7686157226562,ICICIBANK.NS,ICICI Bank
2023-08-28,946.9149780273438,ICICIBANK.NS,ICICI Bank
2023-08-29,944.1832275390625,ICICIBANK.NS,ICICI Bank
2023-08-30,935.5487060546875,ICICIBANK.NS,ICICI Bank
2023-08-31,935.4024047851562,ICICIBANK.NS,ICICI Bank
2023-09-01,945.1100463867188,ICICIBANK.NS,ICICI Bank
2023-09-04,943.7929077148438,ICICIBANK.NS,ICICI Bank
2023-09-05,944.8173828125,ICICIBANK.NS,ICICI Bank
2023-09-06,934.182861328125,ICICIBANK.NS,ICICI Bank
2023-09-07,942.1343383789062,ICICIBANK.NS,ICICI Bank
2023-09-08,946.9149780273438,ICICIBANK.NS,ICICI Bank
2023-09-11,954.4274291992188,ICICIBANK.NS,ICICI Bank
2023-09-12,966.379150390625,ICICIBANK.NS,ICICI Bank
2023-09-13,965.6961669921875,ICICIBANK.NS,ICICI Bank
2023-09-14,963.6473999023438,ICICIBANK.NS,ICICI Bank
2023-09-15,968.2816772460938,ICICIBANK.NS,ICICI Bank
2023-09-18,966.0864868164062,ICICIBANK.NS,ICICI Bank
2023-09-20,963.1107788085938,ICICIBANK.NS,ICICI Bank
2023-09-21,935.93896484375,ICICIBANK.NS,ICICI Bank
2023-09-22,927.1580810546875,ICICIBANK.NS,ICICI Bank
2023-09-25,933.060791015625,ICICIBANK.NS,ICICI Bank
2023-09-26,925.59716796875,ICICIBANK.NS,ICICI Bank
2023-09-27,920.1334228515625,ICICIBANK.NS,ICICI Bank
2023-09-28,919.6456298828125,ICICIBANK.NS,ICICI Bank
2023-09-29,928.7191772460938,ICICIBANK.NS,ICICI Bank
2023-10-03,917.4016723632812,ICICIBANK.NS,ICICI Bank
2023-10-04,907.4012451171875,ICICIBANK.NS,ICICI Bank
2023-10-05,917.938232421875,ICICIBANK.NS,ICICI Bank
2023-10-06,922.182373046875,ICICIBANK.NS,ICICI Bank
2023-10-09,915.7431030273438,ICICIBANK.NS,ICICI Bank
2023-10-10,928.0362548828125,ICICIBANK.NS,ICICI Bank
2023-10-11,929.8899536132812,ICICIBANK.NS,ICICI Bank
2023-10-12,931.011962890625,ICICIBANK.NS,ICICI Bank
2023-10-13,928.1337280273438,ICICIBANK.NS,ICICI Bank
2023-10-16,928.2313842773438,ICICIBANK.NS,ICICI Bank
2023-10-17,930.6704711914062,ICICIBANK.NS,ICICI Bank
2023-10-18,920.7677001953125,ICICIBANK.NS,ICICI Bank
2023-10-19,912.9624633789062,ICICIBANK.NS,ICICI Bank
2023-10-20,910.0355834960938,ICICIBANK.NS,ICICI Bank
2023-10-23,907.3037109375,ICICIBANK.NS,ICICI Bank
2023-10-25,893.7909545898438,ICICIBANK.NS,ICICI Bank
2023-10-26,886.5224609375,ICICIBANK.NS,ICICI Bank
2023-10-27,890.5225830078125,ICICIBANK.NS,ICICI Bank
2023-10-30,902.376708984375,ICICIBANK.NS,ICICI Bank
2023-10-31,893.0592041015625,ICICIBANK.NS,ICICI Bank
2023-11-01,891.7908935546875,ICICIBANK.NS,ICICI Bank
2023-11-02,897.5472412109375,ICICIBANK.NS,ICICI Bank
2023-11-03,911.0599365234375,ICICIBANK.NS,ICICI Bank
2023-11-06,922.42626953125,ICICIBANK.NS,ICICI Bank
2023-11-07,925.0116577148438,ICICIBANK.NS,ICICI Bank
2023-11-08,912.9624633789062,ICICIBANK.NS,ICICI Bank
2023-11-09,914.5234985351562,ICICIBANK.NS,ICICI Bank
2023-11-10,915.7431030273438,ICICIBANK.NS,ICICI Bank
2023-11-13,911.6941528320312,ICICIBANK.NS,ICICI Bank
2023-11-15,918.18212890625,ICICIBANK.NS,ICICI Bank
2023-11-16,913.2063598632812,ICICIBANK.NS,ICICI Bank
2023-11-17,899.4009399414062,ICICIBANK.NS,ICICI Bank
2023-11-20,899.0107421875,ICICIBANK.NS,ICICI Bank
2023-11-21,903.5474853515625,ICICIBANK.NS,ICICI Bank
2023-11-22,900.279052734375,ICICIBANK.NS,ICICI Bank
2023-11-23,900.52294921875,ICICIBANK.NS,ICICI Bank
2023-11-24,906.7671508789062,ICICIBANK.NS,ICICI Bank
2023-11-28,902.9620361328125,ICICIBANK.NS,ICICI Bank
2023-11-29,916.7186889648438,ICICIBANK.NS,ICICI Bank
2023-11-30,912.1820068359375,ICICIBANK.NS,ICICI Bank
2023-12-01,923.6458129882812,ICICIBANK.NS,ICICI Bank
2023-12-04,967.0621337890625,ICICIBANK.NS,ICICI Bank
2023-12-05,988.7703247070312,ICICIBANK.NS,ICICI Bank
2023-12-06,978.8186645507812,ICICIBANK.NS,ICICI Bank
2023-12-07,974.6721801757812,ICICIBANK.NS,ICICI Bank
2023-12-08,986.2335815429688,ICICIBANK.NS,ICICI Bank
2023-12-11,992.3314208984375,ICICIBANK.NS,ICICI Bank
2023-12-12,990.9655151367188,ICICIBANK.NS,ICICI Bank
2023-12-13,989.2093505859375,ICICIBANK.NS,ICICI Bank
2023-12-14,1008.4783935546875,ICICIBANK.NS,ICICI Bank
2023-12-15,1012.1370849609375,ICICIBANK.NS,ICICI Bank
2023-12-18,996.5755004882812,ICICIBANK.NS,ICICI Bank
2023-12-19,990.7216186523438,ICICIBANK.NS,ICICI Bank
2023-12-20,982.1359252929688,ICICIBANK.NS,ICICI Bank
2023-12-21,979.9407348632812,ICICIBANK.NS,ICICI Bank
2023-12-22,970.086669921875,ICICIBANK.NS,ICICI Bank
2023-12-26,970.8671264648438,ICICIBANK.NS,ICICI Bank
2023-12-27,977.8430786132812,ICICIBANK.NS,ICICI Bank
2023-12-28,981.4041748046875,ICICIBANK.NS,ICICI Bank
2023-12-29,972.33056640625,ICICIBANK.NS,ICICI Bank
2024-01-01,975.0625,ICICIBANK.NS,ICICI Bank
2024-01-02,958.3301391601562,ICICIBANK.NS,ICICI Bank
2024-01-03,960.0862426757812,ICICIBANK.NS,ICICI Bank
2024-01-04,963.1107788085938,ICICIBANK.NS,ICICI Bank
2024-01-05,969.501220703125,ICICIBANK.NS,ICICI Bank
2024-01-08,958.086181640625,ICICIBANK.NS,ICICI Bank
2024-01-09,955.8909912109375,ICICIBANK.NS,ICICI Bank
2024-01-10,968.8671264648438,ICICIBANK.NS,ICICI Bank
2024-01-11,967.0133666992188,ICICIBANK.NS,ICICI Bank
2024-01-12,979.0625610351562,ICICIBANK.NS,ICICI Bank
2024-01-15,985.2579345703125,ICICIBANK.NS,ICICI Bank
2024-01-16,984.4774780273438,ICICIBANK.NS,ICICI Bank
2024-01-17,957.84228515625,ICICIBANK.NS,ICICI Bank
2024-01-18,962.3302001953125,ICICIBANK.NS,ICICI Bank
2024-01-19,974.8673095703125,ICICIBANK.NS,ICICI Bank
2024-01-23,1003.990478515625,ICICIBANK.NS,ICICI Bank
2024-01-24,974.8673095703125,ICICIBANK.NS,ICICI Bank
2024-01-25,985.3555908203125,ICICIBANK.NS,ICICI Bank
2024-01-29,991.6484375,ICICIBANK.NS,ICICI Bank
2024-01-30,992.1362915039062,ICICIBANK.NS,ICICI Bank
2024-01-31,1003.1123046875,ICICIBANK.NS,ICICI Bank
2024-02-01,1000.1854248046875,ICICIBANK.NS,ICICI Bank
2024-02-02,999.0633544921875,ICICIBANK.NS,ICICI Bank
2024-02-05,998.5755615234375,ICICIBANK.NS,ICICI Bank
2024-02-06,1001.4049682617188,ICICIBANK.NS,ICICI Bank
2024-02-07,997.2584228515625,ICICIBANK.NS,ICICI Bank
2024-02-08,965.2083740234375,ICICIBANK.NS,ICICI Bank
2024-02-09,986.0873413085938,ICICIBANK.NS,ICICI Bank
2024-02-12,971.8427734375,ICICIBANK.NS,ICICI Bank
2024-02-13,994.9656372070312,ICICIBANK.NS,ICICI Bank
2024-02-14,997.7950439453125,ICICIBANK.NS,ICICI Bank
2024-02-15,991.8923950195312,ICICIBANK.NS,ICICI Bank
2024-02-16,998.3316650390625,ICICIBANK.NS,ICICI Bank
2024-02-19,1018.33251953125,ICICIBANK.NS,ICICI Bank
2024-02-20,1023.210693359375,ICICIBANK.NS,ICICI Bank
2024-02-21,1026.3326416015625,ICICIBANK.NS,ICICI Bank
2024-02-22,1036.8209228515625,ICICIBANK.NS,ICICI Bank
2024-02-23,1035.455078125,ICICIBANK.NS,ICICI Bank
2024-02-26,1028.5279541015625,ICICIBANK.NS,ICICI Bank
2024-02-27,1034.3818359375,ICICIBANK.NS,ICICI Bank
2024-02-28,1020.72265625,ICICIBANK.NS,ICICI Bank
2024-02-29,1026.5765380859375,ICICIBANK.NS,ICICI Bank
2024-03-01,1060.431640625,ICICIBANK.NS,ICICI Bank
2024-03-04,1065.7489013671875,ICICIBANK.NS,ICICI Bank
2024-03-05,1061.5537109375,ICICIBANK.NS,ICICI Bank
2024-03-06,1070.3831787109375,ICICIBANK.NS,ICICI Bank
2024-03-07,1061.4560546875,ICICIBANK.NS,ICICI Bank
2024-03-11,1052.4312744140625,ICICIBANK.NS,ICICI Bank
2024-03-12,1050.626220703125,ICICIBANK.NS,ICICI Bank
2024-03-13,1057.553466796875,ICICIBANK.NS,ICICI Bank
2024-03-14,1057.2120361328125,ICICIBANK.NS,ICICI Bank
2024-03-15,1054.0411376953125,ICICIBANK.NS,ICICI Bank
2024-03-18,1054.8704833984375,ICICIBANK.NS,ICICI Bank
2024-03-19,1057.553466796875,ICICIBANK.NS,ICICI Bank
2024-03-20,1058.090087890625,ICICIBANK.NS,ICICI Bank
2024-03-21,1055.4559326171875,ICICIBANK.NS,ICICI Bank
2024-03-22,1063.7489013671875,ICICIBANK.NS,ICICI Bank
2024-03-26,1057.3095703125,ICICIBANK.NS,ICICI Bank
2024-03-27,1057.3583984375,ICICIBANK.NS,ICICI Bank
2024-03-28,1066.67578125,ICICIBANK.NS,ICICI Bank
2024-04-01,1072.8712158203125,ICICIBANK.NS,ICICI Bank
2024-04-02,1054.8704833984375,ICICIBANK.NS,ICICI Bank
2024-04-03,1050.9676513671875,ICICIBANK.NS,ICICI Bank
2024-04-04,1052.57763671875,ICICIBANK.NS,ICICI Bank
2024-04-05,1057.0169677734375,ICICIBANK.NS,ICICI Bank
2024-04-08,1060.675537109375,ICICIBANK.NS,ICICI Bank
2024-04-09,1080.0909423828125,ICICIBANK.NS,ICICI Bank
2024-04-10,1082.3837890625,ICICIBANK.NS,ICICI Bank
2024-04-12,1077.5054931640625,ICICIBANK.NS,ICICI Bank
2024-04-15,1052.0897216796875,ICICIBANK.NS,ICICI Bank
2024-04-16,1041.0650634765625,ICICIBANK.NS,ICICI Bank
2024-04-18,1029.74755859375,ICICIBANK.NS,ICICI Bank
2024-04-19,1041.26025390625,ICICIBANK.NS,ICICI Bank
2024-04-22,1060.187744140625,ICICIBANK.NS,ICICI Bank
2024-04-23,1063.7000732421875,ICICIBANK.NS,ICICI Bank
2024-04-24,1070.041748046875,ICICIBANK.NS,ICICI Bank
2024-04-25,1086.627685546875,ICICIBANK.NS,ICICI Bank
2024-04-26,1080.9202880859375,ICICIBANK.NS,ICICI Bank
2024-04-29,1131.8978271484375,ICICIBANK.NS,ICICI Bank
2024-04-30,1122.3853759765625,ICICIBANK.NS,ICICI Bank
2024-05-02,1111.701904296875,ICICIBANK.NS,ICICI Bank
2024-05-03,1114.2386474609375,ICICIBANK.NS,ICICI Bank
2024-05-06,1118.3851318359375,ICICIBANK.NS,ICICI Bank
2024-05-07,1104.3358154296875,ICICIBANK.NS,ICICI Bank
2024-05-08,1095.652587890625,ICICIBANK.NS,ICICI Bank
2024-05-09,1088.5302734375,ICICIBANK.NS,ICICI Bank
2024-05-10,1089.847412109375,ICICIBANK.NS,ICICI Bank
2024-05-13,1100.53076171875,ICICIBANK.NS,ICICI Bank
2024-05-14,1093.26220703125,ICICIBANK.NS,ICICI Bank
2024-05-15,1096.9696044921875,ICICIBANK.NS,ICICI Bank
2024-05-16,1103.506591796875,ICICIBANK.NS,ICICI Bank
2024-05-17,1102.9698486328125,ICICIBANK.NS,ICICI Bank
2024-05-21,1093.65234375,ICICIBANK.NS,ICICI Bank
2024-05-22,1084.0423583984375,ICICIBANK.NS,ICICI Bank
2024-05-23,1106.8724365234375,ICICIBANK.NS,ICICI Bank
2024-05-24,1104.384521484375,ICICIBANK.NS,ICICI Bank
2024-05-27,1102.2869873046875,ICICIBANK.NS,ICICI Bank
2024-05-28,1099.5062255859375,ICICIBANK.NS,ICICI Bank
2024-05-29,1075.1639404296875,ICICIBANK.NS,ICICI Bank
2024-05-30,1086.5789794921875,ICICIBANK.NS,ICICI Bank
2024-05-31,1093.75,ICICIBANK.NS,ICICI Bank
2024-06-03,1131.75146484375,ICICIBANK.NS,ICICI Bank
2024-06-04,1045.3577880859375,ICICIBANK.NS,ICICI Bank
2024-06-05,1081.6519775390625,ICICIBANK.NS,ICICI Bank
2024-06-06,1083.359375,ICICIBANK.NS,ICICI Bank
2024-06-07,1094.384033203125,ICICIBANK.NS,ICICI Bank
2024-06-10,1096.4329833984375,ICICIBANK.NS,ICICI Bank
2024-06-11,1090.9693603515625,ICICIBANK.NS,ICICI Bank
2024-06-12,1092.2864990234375,ICICIBANK.NS,ICICI Bank
2024-06-13,1080.383544921875,ICICIBANK.NS,ICICI Bank
2024-06-14,1078.72509765625,ICICIBANK.NS,ICICI Bank
2024-06-18,1095.506103515625,ICICIBANK.NS,ICICI Bank
2024-06-19,1116.580078125,ICICIBANK.NS,ICICI Bank
2024-06-20,1128.62939453125,ICICIBANK.NS,ICICI Bank
2024-06-21,1130.434326171875,ICICIBANK.NS,ICICI Bank
2024-06-24,1141.60546875,ICICIBANK.NS,ICICI Bank
2024-06-25,1168.7772216796875,ICICIBANK.NS,ICICI Bank
2024-06-26,1188.339111328125,ICICIBANK.NS,ICICI Bank
2024-06-27,1190.1927490234375,ICICIBANK.NS,ICICI Bank
2024-06-28,1170.3870849609375,ICICIBANK.NS,ICICI Bank
2024-07-01,1182.3388671875,ICICIBANK.NS,ICICI Bank
2024-07-02,1161.6063232421875,ICICIBANK.NS,ICICI Bank
2024-07-03,1172.33837890625,ICICIBANK.NS,ICICI Bank
2024-07-04,1202.9737548828125,ICICIBANK.NS,ICICI Bank
2024-07-05,1203.3641357421875,ICICIBANK.NS,ICICI Bank
2024-07-08,1204.973876953125,ICICIBANK.NS,ICICI Bank
2024-07-09,1217.8524169921875,ICICIBANK.NS,ICICI Bank
2024-07-10,1212.92529296875,ICICIBANK.NS,ICICI Bank
2024-07-11,1208.291015625,ICICIBANK.NS,ICICI Bank
2024-07-12,1202.876220703125,ICICIBANK.NS,ICICI Bank
2024-07-15,1199.9979248046875,ICICIBANK.NS,ICICI Bank
2024-07-16,1209.705810546875,ICICIBANK.NS,ICICI Bank
2024-07-18,1219.8525390625,ICICIBANK.NS,ICICI Bank
2024-07-19,1218.24267578125,ICICIBANK.NS,ICICI Bank
2024-07-22,1210.9254150390625,ICICIBANK.NS,ICICI Bank
2024-07-23,1196.8759765625,ICICIBANK.NS,ICICI Bank
2024-07-24,1193.21728515625,ICICIBANK.NS,ICICI Bank
2024-07-25,1168.728515625,ICICIBANK.NS,ICICI Bank
2024-07-26,1177.802001953125,ICICIBANK.NS,ICICI Bank
2024-07-29,1183.1680908203125,ICICIBANK.NS,ICICI Bank
2024-07-30,1179.997314453125,ICICIBANK.NS,ICICI Bank
2024-07-31,1185.3145751953125,ICICIBANK.NS,ICICI Bank
2024-08-01,1180.63134765625,ICICIBANK.NS,ICICI Bank
2024-08-02,1167.411376953125,ICICIBANK.NS,ICICI Bank
2024-08-05,1144.0445556640625,ICICIBANK.NS,ICICI Bank
2024-08-06,1138.4346923828125,ICICIBANK.NS,ICICI Bank
2024-08-07,1143.898193359375,ICICIBANK.NS,ICICI Bank
2024-08-08,1136.239501953125,ICICIBANK.NS,ICICI Bank
2024-08-09,1143.0689697265625,ICICIBANK.NS,ICICI Bank
2024-08-12,1154.09033203125,ICICIBANK.NS,ICICI Bank
2024-08-13,1149.7113037109375,ICICIBANK.NS,ICICI Bank
2024-08-14,1143.1181640625,ICICIBANK.NS,ICICI Bank
2024-08-16,1168.3096923828125,ICICIBANK.NS,ICICI Bank
2024-08-19,1157.140869140625,ICICIBANK.NS,ICICI Bank
2024-08-20,1160.6341552734375,ICICIBANK.NS,ICICI Bank
2024-08-21,1156.1075439453125,ICICIBANK.NS,ICICI Bank
2024-08-22,1172.098388671875,ICICIBANK.NS,ICICI Bank
2024-08-23,1184.300537109375,ICICIBANK.NS,ICICI Bank
2024-08-26,1193.9442138671875,ICICIBANK.NS,ICICI Bank
2024-08-27,1206.7860107421875,ICICIBANK.NS,ICICI Bank
2024-08-28,1204.325927734375,ICICIBANK.NS,ICICI Bank
2024-08-29,1202.4071044921875,ICICIBANK.NS,ICICI Bank
2024-08-30,1209.5904541015625,ICICIBANK.NS,ICICI Bank
2024-09-02,1210.3284912109375,ICICIBANK.NS,ICICI Bank
2024-09-03,1227.79541015625,ICICIBANK.NS,ICICI Bank
2024-09-04,1216.62646484375,ICICIBANK.NS,ICICI Bank
2024-09-05,1216.23291015625,ICICIBANK.NS,ICICI Bank
2024-09-06,1188.8763427734375,ICICIBANK.NS,ICICI Bank
2024-09-09,1215.2979736328125,ICICIBANK.NS,ICICI Bank
2024-09-10,1217.5614013671875,ICICIBANK.NS,ICICI Bank
2024-09-11,1216.62646484375,ICICIBANK.NS,ICICI Bank
2024-09-12,1232.174560546875,ICICIBANK.NS,ICICI Bank
2024-09-13,1230.403076171875,ICICIBANK.NS,ICICI Bank
2024-09-16,1242.7037353515625,ICICIBANK.NS,ICICI Bank
2024-09-17,1247.8699951171875,ICICIBANK.NS,ICICI Bank
2024-09-18,1267.796875,ICICIBANK.NS,ICICI Bank
2024-09-19,1271.388671875,ICICIBANK.NS,ICICI Bank
2024-09-20,1317.09765625,ICICIBANK.NS,ICICI Bank
2024-09-23,1300.8116455078125,ICICIBANK.NS,ICICI Bank
2024-09-24,1297.5643310546875,ICICIBANK.NS,ICICI Bank
2024-09-25,1302.7305908203125,ICICIBANK.NS,ICICI Bank
2024-09-26,1307.84765625,ICICIBANK.NS,ICICI Bank
2024-09-27,1285.7557373046875,ICICIBANK.NS,ICICI Bank
2024-09-30,1252.69189453125,ICICIBANK.NS,ICICI Bank
2024-10-01,1254.069580078125,ICICIBANK.NS,ICICI Bank
2024-10-03,1236.307373046875,ICICIBANK.NS,ICICI Bank
2024-10-04,1219.97216796875,ICICIBANK.NS,ICICI Bank
2024-10-07,1214.215576171875,ICICIBANK.NS,ICICI Bank
2024-10-08,1216.8724365234375,ICICIBANK.NS,ICICI Bank
2024-10-09,1224.302001953125,ICICIBANK.NS,ICICI Bank
2024-10-10,1223.6624755859375,ICICIBANK.NS,ICICI Bank
2024-10-11,1203.489501953125,ICICIBANK.NS,ICICI Bank
2024-10-14,1212.099853515625,ICICIBANK.NS,ICICI Bank
2024-10-15,1235.470947265625,ICICIBANK.NS,ICICI Bank
2024-10-16,1223.3179931640625,ICICIBANK.NS,ICICI Bank
2024-10-17,1211.60791015625,ICICIBANK.NS,ICICI Bank
2024-10-18,1244.327392578125,ICICIBANK.NS,ICICI Bank
2024-10-21,1238.9644775390625,ICICIBANK.NS,ICICI Bank
2024-10-22,1247.279541015625,ICICIBANK.NS,ICICI Bank
2024-10-23,1231.6331787109375,ICICIBANK.NS,ICICI Bank
2024-10-24,1232.764892578125,ICICIBANK.NS,ICICI Bank
2024-10-25,1235.4217529296875,ICICIBANK.NS,ICICI Bank
2024-10-28,1272.2252197265625,ICICIBANK.NS,ICICI Bank
2024-10-29,1310.6029052734375,ICICIBANK.NS,ICICI Bank
2024-10-30,1291.21728515625,ICICIBANK.NS,ICICI Bank
2024-10-31,1271.6346435546875,ICICIBANK.NS,ICICI Bank
2024-11-01,1271.19189453125,ICICIBANK.NS,ICICI Bank
2024-11-04,1256.82470703125,ICICIBANK.NS,ICICI Bank
2024-11-05,1276.013671875,ICICIBANK.NS,ICICI Bank
2024-11-06,1281.5736083984375,ICICIBANK.NS,ICICI Bank
2024-11-07,1258.30078125,ICICIBANK.NS,ICICI Bank
2024-11-08,1238.7674560546875,ICICIBANK.NS,ICICI Bank
2024-11-11,1249.0509033203125,ICICIBANK.NS,ICICI Bank
2024-11-12,1250.330078125,ICICIBANK.NS,ICICI Bank
2024-11-13,1233.6995849609375,ICICIBANK.NS,ICICI Bank
2024-11-14,1236.897705078125,ICICIBANK.NS,ICICI Bank
2024-11-18,1233.45361328125,ICICIBANK.NS,ICICI Bank
2024-11-19,1229.173095703125,ICICIBANK.NS,ICICI Bank
2024-11-21,1230.5999755859375,ICICIBANK.NS,ICICI Bank
2024-11-22,1257.6612548828125,ICICIBANK.NS,ICICI Bank
2024-11-25,1280.1959228515625,ICICIBANK.NS,ICICI Bank
2024-11-26,1284.132080078125,ICICIBANK.NS,ICICI Bank
2024-11-27,1279.9498291015625,ICICIBANK.NS,ICICI Bank
2024-11-28,1265.8287353515625,ICICIBANK.NS,ICICI Bank
2024-11-29,1279.3594970703125,ICICIBANK.NS,ICICI Bank
2024-12-02,1283.8369140625,ICICIBANK.NS,ICICI Bank
2024-12-03,1287.527099609375,ICICIBANK.NS,ICICI Bank
2024-12-04,1295.0550537109375,ICICIBANK.NS,ICICI Bank
2024-12-05,1315.1788330078125,ICICIBANK.NS,ICICI Bank
2024-12-06,1307.552490234375,ICICIBANK.NS,ICICI Bank
2024-12-09,1301.205322265625,ICICIBANK.NS,ICICI Bank
2024-12-10,1309.2252197265625,ICICIBANK.NS,ICICI Bank
2024-12-11,1306.3223876953125,ICICIBANK.NS,ICICI Bank
2024-12-12,1308.04443359375,ICICIBANK.NS,ICICI Bank
2024-12-13,1323.44482421875,ICICIBANK.NS,ICICI Bank
2024-12-16,1324.6256103515625,ICICIBANK.NS,ICICI Bank
2024-12-17,1312.47265625,ICICIBANK.NS,ICICI Bank
2024-12-18,1293.1854248046875,ICICIBANK.NS,ICICI Bank
2024-12-19,1266.3701171875,ICICIBANK.NS,ICICI Bank
2024-12-20,1267.84619140625,ICICIBANK.NS,ICICI Bank
2024-12-23,1276.1121826171875,ICICIBANK.NS,ICICI Bank
2024-12-24,1276.5550537109375,ICICIBANK.NS,ICICI Bank
2024-12-26,1276.6533203125,ICICIBANK.NS,ICICI Bank
2024-12-27,1286.6907958984375,ICICIBANK.NS,ICICI Bank
2024-12-30,1273.9964599609375,ICICIBANK.NS,ICICI Bank
2024-12-31,1261.203857421875,ICICIBANK.NS,ICICI Bank
2025-01-01,1263.1719970703125,ICICIBANK.NS,ICICI Bank
2025-01-02,1270.0111083984375,ICICIBANK.NS,ICICI Bank
2025-01-03,1244.86865234375,ICICIBANK.NS,ICICI Bank
2025-01-06,1243.933837890625,ICICIBANK.NS,ICICI Bank
2025-01-07,1258.8421630859375,ICICIBANK.NS,ICICI Bank
2025-01-08,1243.58935546875,ICICIBANK.NS,ICICI Bank
2025-01-09,1242.260986328125,ICICIBANK.NS,ICICI Bank
2025-01-10,1229.9111328125,ICICIBANK.NS,ICICI Bank
2025-01-13,1210.1318359375,ICICIBANK.NS,ICICI Bank
2025-01-14,1220.5135498046875,ICICIBANK.NS,ICICI Bank
2025-01-15,1218.49609375,ICICIBANK.NS,ICICI Bank
2025-01-16,1229.173095703125,ICICIBANK.NS,ICICI Bank
2025-01-17,1205.9002685546875,ICICIBANK.NS,ICICI Bank
2025-01-20,1213.28076171875,ICICIBANK.NS,ICICI Bank
2025-01-21,1177.0677490234375,ICICIBANK.NS,ICICI Bank
2025-01-22,1181.299072265625,ICICIBANK.NS,ICICI Bank
2025-01-23,1182.5784912109375,ICICIBANK.NS,ICICI Bank
2025-01-24,1189.90966796875,ICICIBANK.NS,ICICI Bank
2025-01-27,1208.3604736328125,ICICIBANK.NS,ICICI Bank
2025-01-28,1227.0081787109375,ICICIBANK.NS,ICICI Bank
2025-01-29,1231.6824951171875,ICICIBANK.NS,ICICI Bank
2025-01-30,1235.5693359375,ICICIBANK.NS,ICICI Bank
2025-01-31,1232.814208984375,ICICIBANK.NS,ICICI Bank
2025-02-01,1235.520263671875,ICICIBANK.NS,ICICI Bank
2025-02-03,1233.0108642578125,ICICIBANK.NS,ICICI Bank
2025-02-04,1247.9683837890625,ICICIBANK.NS,ICICI Bank
2025-02-05,1247.476318359375,ICICIBANK.NS,ICICI Bank
2025-02-06,1252.101318359375,ICICIBANK.NS,ICICI Bank
2025-02-07,1236.8487548828125,ICICIBANK.NS,ICICI Bank
2025-02-10,1242.4576416015625,ICICIBANK.NS,ICICI Bank
2025-02-11,1232.764892578125,ICICIBANK.NS,ICICI Bank
2025-02-12,1231.8299560546875,ICICIBANK.NS,ICICI Bank
2025-02-13,1228.976318359375,ICICIBANK.NS,ICICI Bank
2025-02-14,1239.99755859375,ICICIBANK.NS,ICICI Bank
2025-02-17,1231.1904296875,ICICIBANK.NS,ICICI Bank
2025-02-18,1223.2196044921875,ICICIBANK.NS,ICICI Bank
2025-02-19,1241.52294921875,ICICIBANK.NS,ICICI Bank
2025-02-20,1230.009521484375,ICICIBANK.NS,ICICI Bank
2025-02-21,1213.28076171875,ICICIBANK.NS,ICICI Bank
2025-02-24,1198.9136962890625,ICICIBANK.NS,ICICI Bank
2025-02-25,1204.6212158203125,ICICIBANK.NS,ICICI Bank
2025-02-27,1202.9482421875,ICICIBANK.NS,ICICI Bank
2025-02-28,1184.8909912109375,ICICIBANK.NS,ICICI Bank
2025-03-03,1186.9573974609375,ICICIBANK.NS,ICICI Bank
2025-03-04,1191.0904541015625,ICICIBANK.NS,ICICI Bank
2025-03-05,1196.305908203125,ICICIBANK.NS,ICICI Bank
2025-03-06,1198.6185302734375,ICICIBANK.NS,ICICI Bank
2025-03-07,1195.17431640625,ICICIBANK.NS,ICICI Bank
2025-03-10,1195.469482421875,ICICIBANK.NS,ICICI Bank
2025-03-11,1225.5321044921875,ICICIBANK.NS,ICICI Bank
2025-03-12,1224.105224609375,ICICIBANK.NS,ICICI Bank
2025-03-13,1230.10791015625,ICICIBANK.NS,ICICI Bank
2025-03-17,1248.7557373046875,ICICIBANK.NS,ICICI Bank
2025-03-18,1248.7557373046875,ICICIBANK.NS,ICICI Bank
2025-03-19,1292.1519775390625,ICICIBANK.NS,ICICI Bank
2025-03-20,1300.6148681640625,ICICIBANK.NS,ICICI Bank
2025-03-21,1321.673583984375,ICICIBANK.NS,ICICI Bank
2025-03-24,1336.4835205078125,ICICIBANK.NS,ICICI Bank
2025-03-25,1322.263916015625,ICICIBANK.NS,ICICI Bank
2025-03-26,1314.58837890625,ICICIBANK.NS,ICICI Bank
2025-03-27,1315.326416015625,ICICIBANK.NS,ICICI Bank
2025-03-28,1326.8397216796875,ICICIBANK.NS,ICICI Bank
2025-04-01,1297.416748046875,ICICIBANK.NS,ICICI Bank
2025-04-02,1310.0125732421875,ICICIBANK.NS,ICICI Bank
2025-04-03,1308.3397216796875,ICICIBANK.NS,ICICI Bank
2025-04-04,1313.998046875,ICICIBANK.NS,ICICI Bank
2025-04-07,1267.009765625,ICICIBANK.NS,ICICI Bank
2025-04-08,1279.1627197265625,ICICIBANK.NS,ICICI Bank
2025-04-09,1280.04833984375,ICICIBANK.NS,ICICI Bank
2025-04-11,1290.7252197265625,ICICIBANK.NS,ICICI Bank
2025-04-15,1328.66015625,ICICIBANK.NS,ICICI Bank
2025-04-16,1334.7613525390625,ICICIBANK.NS,ICICI Bank
2025-04-17,1384.2587890625,ICICIBANK.NS,ICICI Bank
2025-04-21,1387.3095703125,ICICIBANK.NS,ICICI Bank
2025-04-22,1393.902587890625,ICICIBANK.NS,ICICI Bank
2025-04-23,1401.676513671875,ICICIBANK.NS,ICICI Bank
2025-04-24,1380.3226318359375,ICICIBANK.NS,ICICI Bank
2025-04-25,1382.38916015625,ICICIBANK.NS,ICICI Bank
2025-04-28,1406.00634765625,ICICIBANK.NS,ICICI Bank
2025-04-29,1406.9903564453125,ICICIBANK.NS,ICICI Bank
2025-04-30,1404.235107421875,ICICIBANK.NS,ICICI Bank
2025-05-02,1407.2855224609375,ICICIBANK.NS,ICICI Bank
2025-05-05,1406.5968017578125,ICICIBANK.NS,ICICI Bank
2025-05-06,1408.7615966796875,ICICIBANK.NS,ICICI Bank
2025-05-07,1412.5010986328125,ICICIBANK.NS,ICICI Bank
2025-05-08,1412.5994873046875,ICICIBANK.NS,ICICI Bank
2025-05-09,1366.742919921875,ICICIBANK.NS,ICICI Bank
2025-05-12,1425.39208984375,ICICIBANK.NS,ICICI Bank
2025-05-13,1407.777587890625,ICICIBANK.NS,ICICI Bank
2025-05-14,1403.44775390625,ICICIBANK.NS,ICICI Bank
2025-05-15,1427.6553955078125,ICICIBANK.NS,ICICI Bank
2025-05-16,1430.8043212890625,ICICIBANK.NS,ICICI Bank
2025-05-19,1425.8841552734375,ICICIBANK.NS,ICICI Bank
2025-05-20,1415.25634765625,ICICIBANK.NS,ICICI Bank
2025-05-21,1421.6527099609375,ICICIBANK.NS,ICICI Bank
2025-05-22,1419.0941162109375,ICICIBANK.NS,ICICI Bank
2025-05-23,1426.67138671875,ICICIBANK.NS,ICICI Bank
2025-05-26,1437.2989501953125,ICICIBANK.NS,ICICI Bank
2025-05-27,1423.3255615234375,ICICIBANK.NS,ICICI Bank
2025-05-28,1430.6075439453125,ICICIBANK.NS,ICICI Bank
2025-05-29,1433.264404296875,ICICIBANK.NS,ICICI Bank
2025-05-30,1422.7352294921875,ICICIBANK.NS,ICICI Bank
2025-06-02,1427.3602294921875,ICICIBANK.NS,ICICI Bank
2025-06-03,1414.961181640625,ICICIBANK.NS,ICICI Bank
2025-06-04,1408.1712646484375,ICICIBANK.NS,ICICI Bank
2025-06-05,1431.591552734375,ICICIBANK.NS,ICICI Bank
2025-06-06,1436.413330078125,ICICIBANK.NS,ICICI Bank
2025-06-09,1411.9107666015625,ICICIBANK.NS,ICICI Bank
2025-06-10,1400.200439453125,ICICIBANK.NS,ICICI Bank
2025-06-11,1408.1712646484375,ICICIBANK.NS,ICICI Bank
2025-06-12,1402.4637451171875,ICICIBANK.NS,ICICI Bank
2025-06-13,1393.5089111328125,ICICIBANK.NS,ICICI Bank
2025-06-16,1404.13671875,ICICIBANK.NS,ICICI Bank
2025-06-17,1400.49560546875,ICICIBANK.NS,ICICI Bank
2025-06-18,1390.064697265625,ICICIBANK.NS,ICICI Bank
2025-06-19,1388.78564453125,ICICIBANK.NS,ICICI Bank
2025-06-20,1404.33349609375,ICICIBANK.NS,ICICI Bank
2025-06-23,1397.4451904296875,ICICIBANK.NS,ICICI Bank
2025-06-24,1401.38134765625,ICICIBANK.NS,ICICI Bank
2025-06-25,1403.05419921875,ICICIBANK.NS,ICICI Bank
2025-06-26,1416.1419677734375,ICICIBANK.NS,ICICI Bank
2025-06-27,1438.8734130859375,ICICIBANK.NS,ICICI Bank
2025-06-30,1422.7352294921875,ICICIBANK.NS,ICICI Bank
2025-07-01,1409.1552734375,ICICIBANK.NS,ICICI Bank
2025-07-02,1405.0223388671875,ICICIBANK.NS,ICICI Bank
2025-07-03,1403.152587890625,ICICIBANK.NS,ICICI Bank
2025-07-04,1419.7830810546875,ICICIBANK.NS,ICICI Bank
2025-07-07,1412.796142578125,ICICIBANK.NS,ICICI Bank
2025-07-08,1418.9957275390625,ICICIBANK.NS,ICICI Bank
2025-07-09,1409.0570068359375,ICICIBANK.NS,ICICI Bank
2025-07-10,1401.38134765625,ICICIBANK.NS,ICICI Bank
2025-07-11,1399.2164306640625,ICICIBANK.NS,ICICI Bank
2025-07-14,1400.2989501953125,ICICIBANK.NS,ICICI Bank
2025-07-15,1407.9744873046875,ICICIBANK.NS,ICICI Bank
2025-07-16,1403.6446533203125,ICICIBANK.NS,ICICI Bank
2025-07-17,1396.0675048828125,ICICIBANK.NS,ICICI Bank
2025-07-18,1403.05419921875,ICICIBANK.NS,ICICI Bank
2025-07-21,1442.4161376953125,ICICIBANK.NS,ICICI Bank
2025-07-22,1450.0916748046875,ICICIBANK.NS,ICICI Bank
2025-07-23,1464.852294921875,ICICIBANK.NS,ICICI Bank
2025-07-24,1459.7353515625,ICICIBANK.NS,ICICI Bank
2025-07-25,1453.5357666015625,ICICIBANK.NS,ICICI Bank
2025-07-28,1464.6556396484375,ICICIBANK.NS,ICICI Bank
2025-07-29,1462.4906005859375,ICICIBANK.NS,ICICI Bank
2025-07-30,1458.7513427734375,ICICIBANK.NS,ICICI Bank
2025-07-31,1457.767333984375,ICICIBANK.NS,ICICI Bank
2025-08-01,1448.12353515625,ICICIBANK.NS,ICICI Bank
2025-08-04,1439.8575439453125,ICICIBANK.NS,ICICI Bank
2025-08-05,1421.357421875,ICICIBANK.NS,ICICI Bank
2025-08-06,1420.5703125,ICICIBANK.NS,ICICI Bank
2025-08-07,1417.322998046875,ICICIBANK.NS,ICICI Bank
2025-08-08,1412.9931640625,ICICIBANK.NS,ICICI Bank
2025-08-11,1413.681884765625,ICICIBANK.NS,ICICI Bank
2025-08-12,1410.112060546875,ICICIBANK.NS,ICICI Bank
2025-08-13,1408.922119140625,ICICIBANK.NS,ICICI Bank
2025-08-14,1415.3677978515625,ICICIBANK.NS,ICICI Bank
2025-08-18,1422.606689453125,ICICIBANK.NS,ICICI Bank
2025-08-19,1424.29248046875,ICICIBANK.NS,ICICI Bank
2025-08-20,1418.64013671875,ICICIBANK.NS,ICICI Bank
2025-08-21,1433.911376953125,ICICIBANK.NS,ICICI Bank
2025-08-22,1424.3917236328125,ICICIBANK.NS,ICICI Bank
2025-08-25,1421.2183837890625,ICICIBANK.NS,ICICI Bank
2025-08-26,1404.7572021484375,ICICIBANK.NS,ICICI Bank
2025-08-28,1387.4034423828125,ICICIBANK.NS,ICICI Bank
2025-08-29,1386.1143798828125,ICICIBANK.NS,ICICI Bank
2025-09-01,1399.2039794921875,ICICIBANK.NS,ICICI Bank
2025-09-02,1382.54443359375,ICICIBANK.NS,ICICI Bank
2025-09-03,1385.321044921875,ICICIBANK.NS,ICICI Bank
2025-09-04,1393.75,ICICIBANK.NS,ICICI Bank
2025-09-05,1391.0726318359375,ICICIBANK.NS,ICICI Bank
2025-09-08,1390.973388671875,ICICIBANK.NS,ICICI Bank
2025-09-09,1391.9649658203125,ICICIBANK.NS,ICICI Bank
2025-09-10,1392.163330078125,ICICIBANK.NS,ICICI Bank
2025-09-11,1389.882568359375,ICICIBANK.NS,ICICI Bank
2025-09-12,1405.847900390625,ICICIBANK.NS,ICICI Bank
2025-09-15,1407.5338134765625,ICICIBANK.NS,ICICI Bank
2025-09-16,1409.71533203125,ICICIBANK.NS,ICICI Bank
2025-09-17,1407.33544921875,ICICIBANK.NS,ICICI Bank
2025-09-18,1409.814453125,ICICIBANK.NS,ICICI Bank
2025-09-19,1390.4775390625,ICICIBANK.NS,ICICI Bank
2025-09-22,1389.783447265625,ICICIBANK.NS,ICICI Bank
2025-09-23,1382.6436767578125,ICICIBANK.NS,ICICI Bank
2025-09-24,1371.1405029296875,ICICIBANK.NS,ICICI Bank
2025-09-25,1364.29833984375,ICICIBANK.NS,ICICI Bank
2025-09-26,1348.233642578125,ICICIBANK.NS,ICICI Bank
2025-09-29,1336.829833984375,ICICIBANK.NS,ICICI Bank
2025-09-30,1336.730712890625,ICICIBANK.NS,ICICI Bank
2025-10-01,1360.530029296875,ICICIBANK.NS,ICICI Bank
2025-10-03,1353.786865234375,ICICIBANK.NS,ICICI Bank
2025-10-06,1352.001953125,ICICIBANK.NS,ICICI Bank
2025-10-07,1364.3974609375,ICICIBANK.NS,ICICI Bank
2025-10-08,1358.8443603515625,ICICIBANK.NS,ICICI Bank
2025-10-09,1364.69482421875,ICICIBANK.NS,ICICI Bank
2025-10-10,1368.7607421875,ICICIBANK.NS,ICICI Bank
2025-10-13,1367.8681640625,ICICIBANK.NS,ICICI Bank
2025-10-14,1372.52880859375,ICICIBANK.NS,ICICI Bank
2025-10-15,1386.7093505859375,ICICIBANK.NS,ICICI Bank
2025-10-16,1405.451416015625,ICICIBANK.NS,ICICI Bank
2025-10-17,1424.5899658203125,ICICIBANK.NS,ICICI Bank
2025-10-20,1378.6771240234375,ICICIBANK.NS,ICICI Bank
2025-10-21,1370.4464111328125,ICICIBANK.NS,ICICI Bank
2025-10-23,1352.2994384765625,ICICIBANK.NS,ICICI Bank
2025-10-24,1366.182373046875,ICICIBANK.NS,ICICI Bank
2025-10-27,1366.083251953125,ICICIBANK.NS,ICICI Bank
2025-10-28,1351.7044677734375,ICICIBANK.NS,ICICI Bank
2025-10-29,1358.9434814453125,ICICIBANK.NS,ICICI Bank
2025-10-30,1351.0103759765625,ICICIBANK.NS,ICICI Bank
2025-10-31,1334.0533447265625,ICICIBANK.NS,ICICI Bank
2025-11-03,1335.14404296875,ICICIBANK.NS,ICICI Bank
2025-11-04,1325.7235107421875,ICICIBANK.NS,ICICI Bank
2025-11-06,1309.3614501953125,ICICIBANK.NS,ICICI Bank
2025-11-07,1331.7724609375,ICICIBANK.NS,ICICI Bank
2025-11-10,1336.730712890625,ICICIBANK.NS,ICICI Bank
2025-11-11,1346.944580078125,ICICIBANK.NS,ICICI Bank
2025-11-12,1347.53955078125,ICICIBANK.NS,ICICI Bank
2025-11-13,1374.3138427734375,ICICIBANK.NS,ICICI Bank
2025-11-14,1361.521728515625,ICICIBANK.NS,ICICI Bank
2025-11-17,1367.4715576171875,ICICIBANK.NS,ICICI Bank
2025-11-18,1361.9183349609375,ICICIBANK.NS,ICICI Bank
2025-11-19,1371.5372314453125,ICICIBANK.NS,ICICI Bank
2025-11-20,1371.4381103515625,ICICIBANK.NS,ICICI Bank
2025-11-21,1358.0509033203125,ICICIBANK.NS,ICICI Bank
2025-11-24,1356.960205078125,ICICIBANK.NS,ICICI Bank
2025-11-25,1346.4488525390625,ICICIBANK.NS,ICICI Bank
2025-11-26,1363.5050048828125,ICICIBANK.NS,ICICI Bank
2025-11-27,1380.5611572265625,ICICIBANK.NS,ICICI Bank
2025-11-28,1377.189697265625,ICICIBANK.NS,ICICI Bank
2025-12-01,1378.478759765625,ICICIBANK.NS,ICICI Bank
2025-12-02,1361.521728515625,ICICIBANK.NS,ICICI Bank
2025-12-03,1379.8670654296875,ICICIBANK.NS,ICICI Bank
2025-12-04,1375.1070556640625,ICICIBANK.NS,ICICI Bank
2025-12-05,1380.858642578125,ICICIBANK.NS,ICICI Bank
2025-12-08,1377.98291015625,ICICIBANK.NS,ICICI Bank
2025-12-09,1363.7032470703125,ICICIBANK.NS,ICICI Bank
2025-12-10,1352.2001953125,ICICIBANK.NS,ICICI Bank
2025-12-11,1348.63037109375,ICICIBANK.NS,ICICI Bank
2025-12-12,1354.5802001953125,ICICIBANK.NS,ICICI Bank
2025-12-15,1353.786865234375,ICICIBANK.NS,ICICI Bank
2025-12-16,1354.5802001953125,ICICIBANK.NS,ICICI Bank
2025-12-17,1341.0938720703125,ICICIBANK.NS,ICICI Bank
2025-12-18,1345.4571533203125,ICICIBANK.NS,ICICI Bank
2025-12-19,1342.7796630859375,ICICIBANK.NS,ICICI Bank
2025-12-22,1357.059326171875,ICICIBANK.NS,ICICI Bank
2025-12-23,1351.605224609375,ICICIBANK.NS,ICICI Bank
2025-12-24,1348.43212890625,ICICIBANK.NS,ICICI Bank
2025-12-26,1339.110595703125,ICICIBANK.NS,ICICI Bank
2025-12-29,1332.070068359375,ICICIBANK.NS,ICICI Bank
2025-12-30,1331.276611328125,ICICIBANK.NS,ICICI Bank
2025-12-31,1331.67333984375,ICICIBANK.NS,ICICI Bank
2026-01-01,1326.8143310546875,ICICIBANK.NS,ICICI Bank
2026-01-02,1344.06884765625,ICICIBANK.NS,ICICI Bank
2026-01-05,1360.0341796875,ICICIBANK.NS,ICICI Bank
2026-01-06,1399.4022216796875,ICICIBANK.NS,ICICI Bank
2026-01-07,1415.7642822265625,ICICIBANK.NS,ICICI Bank
2026-01-08,1423.00341796875,ICICIBANK.NS,ICICI Bank
2026-01-09,1392.56005859375,ICICIBANK.NS,ICICI Bank
2026-01-12,1401.286376953125,ICICIBANK.NS,ICICI Bank
2026-01-13,1424.9866943359375,ICICIBANK.NS,ICICI Bank
2026-01-14,1406.5421142578125,ICICIBANK.NS,ICICI Bank
2026-01-15,1406.5421142578125,ICICIBANK.NS,ICICI Bank
2026-01-16,1399.0057373046875,ICICIBANK.NS,ICICI Bank
2026-01-19,1369.05810546875,ICICIBANK.NS,ICICI Bank
2026-01-20,1364.29833984375,ICICIBANK.NS,ICICI Bank
2026-01-21,1337.7222900390625,ICICIBANK.NS,ICICI Bank
2026-01-22,1334.2515869140625,ICICIBANK.NS,ICICI Bank
2026-01-23,1332.169189453125,ICICIBANK.NS,ICICI Bank
2026-01-27,1350.0186767578125,ICICIBANK.NS,ICICI Bank
2026-01-28,1356.2659912109375,ICICIBANK.NS,ICICI Bank
2026-01-29,1372.0330810546875,ICICIBANK.NS,ICICI Bank
2026-01-30,1343.672119140625,ICICIBANK.NS,ICICI Bank
2026-02-02,1341.4906005859375,ICICIBANK.NS,ICICI Bank
2026-02-03,1378.08203125,ICICIBANK.NS,ICICI Bank
2026-02-04,1396.625732421875,ICICIBANK.NS,ICICI Bank
2026-02-05,1384.8251953125,ICICIBANK.NS,ICICI Bank
2026-02-06,1394.344970703125,ICICIBANK.NS,ICICI Bank
2026-02-09,1384.626953125,ICICIBANK.NS,ICICI Bank
2026-02-10,1394.7415771484375,ICICIBANK.NS,ICICI Bank
2026-02-11,1394.344970703125,ICICIBANK.NS,ICICI Bank
2026-02-12,1418.045166015625,ICICIBANK.NS,ICICI Bank
2026-02-13,1402.77392578125,ICICIBANK.NS,ICICI Bank
2026-02-16,1399.7989501953125,ICICIBANK.NS,ICICI Bank
2026-02-17,1395.7332763671875,ICICIBANK.NS,ICICI Bank
2026-02-18,1396.4273681640625,ICICIBANK.NS,ICICI Bank
2026-02-19,1377.189697265625,ICICIBANK.NS,ICICI Bank
2026-02-20,1382.8419189453125,ICICIBANK.NS,ICICI Bank
2026-02-23,1387.7010498046875,ICICIBANK.NS,ICICI Bank
2026-02-24,1373.2230224609375,ICICIBANK.NS,ICICI Bank
2026-02-25,1388.791748046875,ICICIBANK.NS,ICICI Bank
2026-02-26,1393.155029296875,ICICIBANK.NS,ICICI Bank
2026-02-27,1367.3724365234375,ICICIBANK.NS,ICICI Bank
2026-03-02,1362.5133056640625,ICICIBANK.NS,ICICI Bank
2026-03-04,1353.9852294921875,ICICIBANK.NS,ICICI Bank
2026-03-05,1346.2503662109375,ICICIBANK.NS,ICICI Bank
2026-03-06,1302.419921875,ICICIBANK.NS,ICICI Bank
2026-03-09,1267.7125244140625,ICICIBANK.NS,ICICI Bank
2026-03-10,1300.9324951171875,ICICIBANK.NS,ICICI Bank
2026-03-11,1283.777099609375,ICICIBANK.NS,ICICI Bank
2026-03-12,1255.9119873046875,ICICIBANK.NS,ICICI Bank
2026-03-13,1244.3099365234375,ICICIBANK.NS,ICICI Bank
2026-03-16,1262.258544921875,ICICIBANK.NS,ICICI Bank
2026-03-17,1277.9263916015625,ICICIBANK.NS,ICICI Bank
2026-03-18,1278.521484375,ICICIBANK.NS,ICICI Bank
2026-03-19,1239.6490478515625,ICICIBANK.NS,ICICI Bank
2026-03-20,1234.9884033203125,ICICIBANK.NS,ICICI Bank
2026-03-23,1212.4781494140625,ICICIBANK.NS,ICICI Bank
2026-03-24,1240.7398681640625,ICICIBANK.NS,ICICI Bank
2026-03-25,1249.1688232421875,ICICIBANK.NS,ICICI Bank
2026-03-27,1223.4854736328125,ICICIBANK.NS,ICICI Bank
2026-03-30,1195.8187255859375,ICICIBANK.NS,ICICI Bank
2026-04-01,1202.561767578125,ICICIBANK.NS,ICICI Bank
2026-04-02,1205.635986328125,ICICIBANK.NS,ICICI Bank
2026-04-06,1221.10546875,ICICIBANK.NS,ICICI Bank
2026-04-07,1235.0875244140625,ICICIBANK.NS,ICICI Bank
2026-04-08,1298.2550048828125,ICICIBANK.NS,ICICI Bank
2026-04-09,1270.58837890625,ICICIBANK.NS,ICICI Bank
2026-04-10,1310.848876953125,ICICIBANK.NS,ICICI Bank
2026-04-13,1339.8046875,ICICIBANK.NS,ICICI Bank
2026-04-15,1336.829833984375,ICICIBANK.NS,ICICI Bank
2026-04-16,1334.2515869140625,ICICIBANK.NS,ICICI Bank
2026-04-17,1335.540771484375,ICICIBANK.NS,ICICI Bank
2026-04-20,1344.862060546875,ICICIBANK.NS,ICICI Bank
2026-04-21,1376.79296875,ICICIBANK.NS,ICICI Bank
2026-04-22,1356.166748046875,ICICIBANK.NS,ICICI Bank
2026-04-23,1336.730712890625,ICICIBANK.NS,ICICI Bank
2026-04-24,1315.1129150390625,ICICIBANK.NS,ICICI Bank
2026-04-27,1303.114013671875,ICICIBANK.NS,ICICI Bank
2026-04-28,1281.1988525390625,ICICIBANK.NS,ICICI Bank
2026-04-29,1270.290771484375,ICICIBANK.NS,ICICI Bank
2026-04-30,1252.8380126953125,ICICIBANK.NS,ICICI Bank
2026-05-01,1252.8380126953125,ICICIBANK.NS,ICICI Bank
2026-05-04,1260.1761474609375,ICICIBANK.NS,ICICI Bank
2026-05-05,1240.839111328125,ICICIBANK.NS,ICICI Bank
2026-05-06,1268.8033447265625,ICICIBANK.NS,ICICI Bank
2026-05-07,1268.3074951171875,ICICIBANK.NS,ICICI Bank
2026-05-08,1254.226318359375,ICICIBANK.NS,ICICI Bank
2026-05-11,1255.8128662109375,ICICIBANK.NS,ICICI Bank
2026-05-12,1229.93115234375,ICICIBANK.NS,ICICI Bank
2026-05-13,1225.2703857421875,ICICIBANK.NS,ICICI Bank
2026-05-14,1235.5833740234375,ICICIBANK.NS,ICICI Bank
2026-05-15,1234.095947265625,ICICIBANK.NS,ICICI Bank
2026-05-18,1240.6407470703125,ICICIBANK.NS,ICICI Bank
2026-05-19,1230.4268798828125,ICICIBANK.NS,ICICI Bank
2026-05-20,1226.9561767578125,ICICIBANK.NS,ICICI Bank
2026-05-21,1232.41015625,ICICIBANK.NS,ICICI Bank
2026-05-22,1253.73046875,ICICIBANK.NS,ICICI Bank
2026-05-25,1281.0006103515625,ICICIBANK.NS,ICICI Bank
2026-05-26,1268.4066162109375,ICICIBANK.NS,ICICI Bank
2026-05-27,1262.0601806640625,ICICIBANK.NS,ICICI Bank
2026-05-28,1262.0601806640625,ICICIBANK.NS,ICICI Bank
2026-05-29,1245.896484375,ICICIBANK.NS,ICICI Bank
2026-06-01,1229.3360595703125,ICICIBANK.NS,ICICI Bank
2026-06-02,1216.3455810546875,ICICIBANK.NS,ICICI Bank
2026-06-03,1231.6168212890625,ICICIBANK.NS,ICICI Bank
2026-06-04,1241.2357177734375,ICICIBANK.NS,ICICI Bank
2026-06-05,1251.548828125,ICICIBANK.NS,ICICI Bank
2026-06-08,1239.748291015625,ICICIBANK.NS,ICICI Bank
2026-06-09,1264.3409423828125,ICICIBANK.NS,ICICI Bank
2026-06-10,1282.488037109375,ICICIBANK.NS,ICICI Bank
2026-06-11,1305.9898681640625,ICICIBANK.NS,ICICI Bank
2026-06-12,1329.5909423828125,ICICIBANK.NS,ICICI Bank
2026-06-15,1316.501220703125,ICICIBANK.NS,ICICI Bank
2026-06-16,1323.145263671875,ICICIBANK.NS,ICICI Bank
2026-06-17,1325.6243896484375,ICICIBANK.NS,ICICI Bank
2026-06-18,1331.078369140625,ICICIBANK.NS,ICICI Bank
2026-06-19,1335.2431640625,ICICIBANK.NS,ICICI Bank
2026-06-22,1341.0938720703125,ICICIBANK.NS,ICICI Bank
2026-06-23,1327.11181640625,ICICIBANK.NS,ICICI Bank
2026-06-24,1362.11669921875,ICICIBANK.NS,ICICI Bank
2026-06-25,1375.9005126953125,ICICIBANK.NS,ICICI Bank
2026-06-26,1375.9005126953125,ICICIBANK.NS,ICICI Bank
2026-06-29,1375.9996337890625,ICICIBANK.NS,ICICI Bank
2026-06-30,1363.7032470703125,ICICIBANK.NS,ICICI Bank
2026-07-01,1368.264892578125,ICICIBANK.NS,ICICI Bank
2026-07-02,1388.2960205078125,ICICIBANK.NS,ICICI Bank
2026-07-03,1399.6007080078125,ICICIBANK.NS,ICICI Bank
2026-07-06,1414.9710693359375,ICICIBANK.NS,ICICI Bank
2026-07-07,1402.873046875,ICICIBANK.NS,ICICI Bank
2026-07-08,1369.05810546875,ICICIBANK.NS,ICICI Bank
2026-07-09,1369.1572265625,ICICIBANK.NS,ICICI Bank
2026-07-10,1389.48583984375,ICICIBANK.NS,ICICI Bank
2026-07-13,1397.716552734375,ICICIBANK.NS,ICICI Bank
2026-07-14,1395.9315185546875,ICICIBANK.NS,ICICI Bank
2026-07-15,1404.3604736328125,ICICIBANK.NS,ICICI Bank
2026-07-16,1406.34375,ICICIBANK.NS,ICICI Bank
2026-07-17,1432.2257080078125,ICICIBANK.NS,ICICI Bank
2026-07-20,1447.99267578125,ICICIBANK.NS,ICICI Bank
2026-07-21,1450.868408203125,ICICIBANK.NS,ICICI Bank
2026-07-22,1428.6556396484375,ICICIBANK.NS,ICICI Bank
2026-07-23,1422.606689453125,ICICIBANK.NS,ICICI Bank
2026-07-24,1420.9208984375,ICICIBANK.NS,ICICI Bank
2026-07-27,1433.6138916015625,ICICIBANK.NS,ICICI Bank
2026-07-28,1418.8385009765625,ICICIBANK.NS,ICICI Bank
2026-07-29,1425.879150390625,ICICIBANK.NS,ICICI Bank
2026-07-30,1421.91259765625,ICICIBANK.NS,ICICI Bank
2026-07-31,1423.4000244140625,ICICIBANK.NS,ICICI Bank
2026-08-03,1460.0,ICICIBANK.NS,ICICI Bank
2026-08-04,1454.5999755859375,ICICIBANK.NS,ICICI Bank
2026-08-05,1450.0999755859375,ICICIBANK.NS,ICICI Bank
2026-08-06,1457.5,ICICIBANK.NS,ICICI Bank
2026-08-07,1421.0,ICICIBANK.NS,ICICI Bank
2026-08-10,1431.800048828125,ICICIBANK.NS,ICICI Bank
2026-08-11,1429.5999755859375,ICICIBANK.NS,ICICI Bank
2026-08-12,1431.699951171875,ICICIBANK.NS,ICICI Bank
2026-08-13,1406.800048828125,ICICIBANK.NS,ICICI Bank
2026-08-14,1417.0,ICICIBANK.NS,ICICI Bank
2026-08-17,1415.300048828125,ICICIBANK.NS,ICICI Bank
2026-08-18,,ICICIBANK.NS,ICICI Bank
2021-08-18,2279.540283203125,HINDUNILVR.NS,Hindustan Unilever
2021-08-20,2401.8134765625,HINDUNILVR.NS,Hindustan Unilever
2021-08-23,2415.337890625,HINDUNILVR.NS,Hindustan Unilever
2021-08-24,2414.28369140625,HINDUNILVR.NS,Hindustan Unilever
2021-08-25,2425.286865234375,HINDUNILVR.NS,Hindustan Unilever
2021-08-26,2444.9091796875,HINDUNILVR.NS,Hindustan Unilever
2021-08-27,2455.49951171875,HINDUNILVR.NS,Hindustan Unilever
2021-08-30,2464.43994140625,HINDUNILVR.NS,Hindustan Unilever
2021-08-31,2497.81640625,HINDUNILVR.NS,Hindustan Unilever
2021-09-01,2505.885498046875,HINDUNILVR.NS,Hindustan Unilever
2021-09-02,2568.37451171875,HINDUNILVR.NS,Hindustan Unilever
2021-09-03,2536.877685546875,HINDUNILVR.NS,Hindustan Unilever
2021-09-06,2549.623046875,HINDUNILVR.NS,Hindustan Unilever
2021-09-07,2546.963623046875,HINDUNILVR.NS,Hindustan Unilever
2021-09-08,2568.236572265625,HINDUNILVR.NS,Hindustan Unilever
2021-09-09,2577.177001953125,HINDUNILVR.NS,Hindustan Unilever
2021-09-13,2554.8955078125,HINDUNILVR.NS,Hindustan Unilever
2021-09-14,2533.072509765625,HINDUNILVR.NS,Hindustan Unilever
2021-09-15,2544.90087890625,HINDUNILVR.NS,Hindustan Unilever
2021-09-16,2538.298828125,HINDUNILVR.NS,Hindustan Unilever
2021-09-17,2496.119873046875,HINDUNILVR.NS,Hindustan Unilever
2021-09-20,2567.73291015625,HINDUNILVR.NS,Hindustan Unilever
2021-09-21,2578.826904296875,HINDUNILVR.NS,Hindustan Unilever
2021-09-22,2553.198974609375,HINDUNILVR.NS,Hindustan Unilever
2021-09-23,2551.181884765625,HINDUNILVR.NS,Hindustan Unilever
2021-09-24,2518.492919921875,HINDUNILVR.NS,Hindustan Unilever
2021-09-27,2484.429443359375,HINDUNILVR.NS,Hindustan Unilever
2021-09-28,2497.5869140625,HINDUNILVR.NS,Hindustan Unilever
2021-09-29,2462.2392578125,HINDUNILVR.NS,Hindustan Unilever
2021-09-30,2477.36865234375,HINDUNILVR.NS,Hindustan Unilever
2021-10-01,2479.431884765625,HINDUNILVR.NS,Hindustan Unilever
2021-10-04,2463.065185546875,HINDUNILVR.NS,Hindustan Unilever
2021-10-05,2483.649658203125,HINDUNILVR.NS,Hindustan Unilever
2021-10-06,2462.92724609375,HINDUNILVR.NS,Hindustan Unilever
2021-10-07,2447.65966796875,HINDUNILVR.NS,Hindustan Unilever
2021-10-08,2420.748046875,HINDUNILVR.NS,Hindustan Unilever
2021-10-11,2425.37890625,HINDUNILVR.NS,Hindustan Unilever
2021-10-12,2453.849365234375,HINDUNILVR.NS,Hindustan Unilever
2021-10-13,2426.891845703125,HINDUNILVR.NS,Hindustan Unilever
2021-10-14,2429.458984375,HINDUNILVR.NS,Hindustan Unilever
2021-10-18,2433.5390625,HINDUNILVR.NS,Hindustan Unilever
2021-10-19,2335.243896484375,HINDUNILVR.NS,Hindustan Unilever
2021-10-20,2272.7548828125,HINDUNILVR.NS,Hindustan Unilever
2021-10-21,2242.58837890625,HINDUNILVR.NS,Hindustan Unilever
2021-10-22,2250.2451171875,HINDUNILVR.NS,Hindustan Unilever
2021-10-25,2251.849365234375,HINDUNILVR.NS,Hindustan Unilever
2021-10-26,2248.15869140625,HINDUNILVR.NS,Hindustan Unilever
2021-10-27,2211.02587890625,HINDUNILVR.NS,Hindustan Unilever
2021-10-28,2204.613525390625,HINDUNILVR.NS,Hindustan Unilever
2021-10-29,2207.842529296875,HINDUNILVR.NS,Hindustan Unilever
2021-11-01,2220.71240234375,HINDUNILVR.NS,Hindustan Unilever
2021-11-02,2231.5986328125,HINDUNILVR.NS,Hindustan Unilever
2021-11-03,2224.633544921875,HINDUNILVR.NS,Hindustan Unilever
2021-11-04,2235.2431640625,HINDUNILVR.NS,Hindustan Unilever
2021-11-08,2243.592041015625,HINDUNILVR.NS,Hindustan Unilever
2021-11-09,2242.900146484375,HINDUNILVR.NS,Hindustan Unilever
2021-11-10,2214.300537109375,HINDUNILVR.NS,Hindustan Unilever
2021-11-11,2192.204833984375,HINDUNILVR.NS,Hindustan Unilever
2021-11-12,2218.72900390625,HINDUNILVR.NS,Hindustan Unilever
2021-11-15,2236.99609375,HINDUNILVR.NS,Hindustan Unilever
2021-11-16,2220.29736328125,HINDUNILVR.NS,Hindustan Unilever
2021-11-17,2205.997314453125,HINDUNILVR.NS,Hindustan Unilever
2021-11-18,2213.608642578125,HINDUNILVR.NS,Hindustan Unilever
2021-11-22,2203.598876953125,HINDUNILVR.NS,Hindustan Unilever
2021-11-23,2208.811279296875,HINDUNILVR.NS,Hindustan Unilever
2021-11-24,2190.867431640625,HINDUNILVR.NS,Hindustan Unilever
2021-11-25,2167.157470703125,HINDUNILVR.NS,Hindustan Unilever
2021-11-26,2154.28759765625,HINDUNILVR.NS,Hindustan Unilever
2021-11-29,2149.028564453125,HINDUNILVR.NS,Hindustan Unilever
2021-11-30,2138.0966796875,HINDUNILVR.NS,Hindustan Unilever
2021-12-01,2163.282470703125,HINDUNILVR.NS,Hindustan Unilever
2021-12-02,2198.75537109375,HINDUNILVR.NS,Hindustan Unilever
2021-12-03,2162.17529296875,HINDUNILVR.NS,Hindustan Unilever
2021-12-06,2127.90234375,HINDUNILVR.NS,Hindustan Unilever
2021-12-07,2141.8330078125,HINDUNILVR.NS,Hindustan Unilever
2021-12-08,2159.36181640625,HINDUNILVR.NS,Hindustan Unilever
2021-12-09,2158.57763671875,HINDUNILVR.NS,Hindustan Unilever
2021-12-10,2152.16552734375,HINDUNILVR.NS,Hindustan Unilever
2021-12-13,2125.918701171875,HINDUNILVR.NS,Hindustan Unilever
2021-12-14,2138.78857421875,HINDUNILVR.NS,Hindustan Unilever
2021-12-15,2141.23291015625,HINDUNILVR.NS,Hindustan Unilever
2021-12-16,2130.669677734375,HINDUNILVR.NS,Hindustan Unilever
2021-12-17,2057.556396484375,HINDUNILVR.NS,Hindustan Unilever
2021-12-20,2093.3984375,HINDUNILVR.NS,Hindustan Unilever
2021-12-21,2096.858154296875,HINDUNILVR.NS,Hindustan Unilever
2021-12-22,2101.2861328125,HINDUNILVR.NS,Hindustan Unilever
2021-12-23,2122.505126953125,HINDUNILVR.NS,Hindustan Unilever
2021-12-24,2119.091552734375,HINDUNILVR.NS,Hindustan Unilever
2021-12-27,2123.19677734375,HINDUNILVR.NS,Hindustan Unilever
2021-12-28,2130.301025390625,HINDUNILVR.NS,Hindustan Unilever
2021-12-29,2128.22509765625,HINDUNILVR.NS,Hindustan Unilever
2021-12-30,2145.523681640625,HINDUNILVR.NS,Hindustan Unilever
2021-12-31,2177.3974609375,HINDUNILVR.NS,Hindustan Unilever
2022-01-03,2178.458740234375,HINDUNILVR.NS,Hindustan Unilever
2022-01-04,2215.315673828125,HINDUNILVR.NS,Hindustan Unilever
2022-01-05,2228.73876953125,HINDUNILVR.NS,Hindustan Unilever
2022-01-06,2206.22802734375,HINDUNILVR.NS,Hindustan Unilever
2022-01-07,2229.06201171875,HINDUNILVR.NS,Hindustan Unilever
2022-01-10,2220.66650390625,HINDUNILVR.NS,Hindustan Unilever
2022-01-11,2217.529541015625,HINDUNILVR.NS,Hindustan Unilever
2022-01-12,2226.29345703125,HINDUNILVR.NS,Hindustan Unilever
2022-01-13,2227.262451171875,HINDUNILVR.NS,Hindustan Unilever
2022-01-14,2180.673095703125,HINDUNILVR.NS,Hindustan Unilever
2022-01-17,2204.521484375,HINDUNILVR.NS,Hindustan Unilever
2022-01-18,2186.024169921875,HINDUNILVR.NS,Hindustan Unilever
2022-01-19,2131.03857421875,HINDUNILVR.NS,Hindustan Unilever
2022-01-20,2086.66357421875,HINDUNILVR.NS,Hindustan Unilever
2022-01-21,2145.338623046875,HINDUNILVR.NS,Hindustan Unilever
2022-01-24,2107.697998046875,HINDUNILVR.NS,Hindustan Unilever
2022-01-25,2147.04541015625,HINDUNILVR.NS,Hindustan Unilever
2022-01-27,2117.61572265625,HINDUNILVR.NS,Hindustan Unilever
2022-01-28,2106.729248046875,HINDUNILVR.NS,Hindustan Unilever
2022-01-31,2097.687744140625,HINDUNILVR.NS,Hindustan Unilever
2022-02-01,2127.117919921875,HINDUNILVR.NS,Hindustan Unilever
2022-02-02,2147.644775390625,HINDUNILVR.NS,Hindustan Unilever
2022-02-03,2120.198486328125,HINDUNILVR.NS,Hindustan Unilever
2022-02-04,2127.994873046875,HINDUNILVR.NS,Hindustan Unilever
2022-02-07,2082.788818359375,HINDUNILVR.NS,Hindustan Unilever
2022-02-08,2089.01611328125,HINDUNILVR.NS,Hindustan Unilever
2022-02-09,2101.2861328125,HINDUNILVR.NS,Hindustan Unilever
2022-02-10,2106.35986328125,HINDUNILVR.NS,Hindustan Unilever
2022-02-11,2083.15771484375,HINDUNILVR.NS,Hindustan Unilever
2022-02-14,2055.988037109375,HINDUNILVR.NS,Hindustan Unilever
2022-02-15,2112.77197265625,HINDUNILVR.NS,Hindustan Unilever
2022-02-16,2109.450927734375,HINDUNILVR.NS,Hindustan Unilever
2022-02-17,2128.87109375,HINDUNILVR.NS,Hindustan Unilever
2022-02-18,2133.4833984375,HINDUNILVR.NS,Hindustan Unilever
2022-02-21,2117.108154296875,HINDUNILVR.NS,Hindustan Unilever
2022-02-22,2094.1826171875,HINDUNILVR.NS,Hindustan Unilever
2022-02-23,2085.37158203125,HINDUNILVR.NS,Hindustan Unilever
2022-02-24,2003.2633056640625,HINDUNILVR.NS,Hindustan Unilever
2022-02-25,2002.617431640625,HINDUNILVR.NS,Hindustan Unilever
2022-02-28,2003.9093017578125,HINDUNILVR.NS,Hindustan Unilever
2022-03-02,1982.6903076171875,HINDUNILVR.NS,Hindustan Unilever
2022-03-03,1929.0889892578125,HINDUNILVR.NS,Hindustan Unilever
2022-03-04,1863.1251220703125,HINDUNILVR.NS,Hindustan Unilever
2022-03-07,1793.425048828125,HINDUNILVR.NS,Hindustan Unilever
2022-03-08,1798.0843505859375,HINDUNILVR.NS,Hindustan Unilever
2022-03-09,1843.1978759765625,HINDUNILVR.NS,Hindustan Unilever
2022-03-10,1939.19091796875,HINDUNILVR.NS,Hindustan Unilever
2022-03-11,1932.2254638671875,HINDUNILVR.NS,Hindustan Unilever
2022-03-14,1899.843505859375,HINDUNILVR.NS,Hindustan Unilever
2022-03-15,1880.3773193359375,HINDUNILVR.NS,Hindustan Unilever
2022-03-16,1911.6983642578125,HINDUNILVR.NS,Hindustan Unilever
2022-03-17,1939.283447265625,HINDUNILVR.NS,Hindustan Unilever
2022-03-21,1892.37060546875,HINDUNILVR.NS,Hindustan Unilever
2022-03-22,1839.138427734375,HINDUNILVR.NS,Hindustan Unilever
2022-03-23,1825.3463134765625,HINDUNILVR.NS,Hindustan Unilever
2022-03-24,1813.67578125,HINDUNILVR.NS,Hindustan Unilever
2022-03-25,1801.7745361328125,HINDUNILVR.NS,Hindustan Unilever
2022-03-28,1822.1632080078125,HINDUNILVR.NS,Hindustan Unilever
2022-03-29,1833.1878662109375,HINDUNILVR.NS,Hindustan Unilever
2022-03-30,1859.8040771484375,HINDUNILVR.NS,Hindustan Unilever
2022-03-31,1890.017822265625,HINDUNILVR.NS,Hindustan Unilever
2022-04-01,1917.2337646484375,HINDUNILVR.NS,Hindustan Unilever
2022-04-04,1963.6390380859375,HINDUNILVR.NS,Hindustan Unilever
2022-04-05,1974.1103515625,HINDUNILVR.NS,Hindustan Unilever
2022-04-06,1976.1861572265625,HINDUNILVR.NS,Hindustan Unilever
2022-04-07,1997.17431640625,HINDUNILVR.NS,Hindustan Unilever
2022-04-08,2014.01123046875,HINDUNILVR.NS,Hindustan Unilever
2022-04-11,1995.5596923828125,HINDUNILVR.NS,Hindustan Unilever
2022-04-12,1967.1446533203125,HINDUNILVR.NS,Hindustan Unilever
2022-04-13,1985.50390625,HINDUNILVR.NS,Hindustan Unilever
2022-04-18,2009.029296875,HINDUNILVR.NS,Hindustan Unilever
2022-04-19,1949.4315185546875,HINDUNILVR.NS,Hindustan Unilever
2022-04-20,1997.3126220703125,HINDUNILVR.NS,Hindustan Unilever
2022-04-21,2027.7574462890625,HINDUNILVR.NS,Hindustan Unilever
2022-04-22,1962.255126953125,HINDUNILVR.NS,Hindustan Unilever
2022-04-25,1938.083984375,HINDUNILVR.NS,Hindustan Unilever
2022-04-26,1981.9981689453125,HINDUNILVR.NS,Hindustan Unilever
2022-04-27,1978.99951171875,HINDUNILVR.NS,Hindustan Unilever
2022-04-28,2068.25830078125,HINDUNILVR.NS,Hindustan Unilever
2022-04-29,2061.80029296875,HINDUNILVR.NS,Hindustan Unilever
2022-05-02,2057.787109375,HINDUNILVR.NS,Hindustan Unilever
2022-05-04,2003.4014892578125,HINDUNILVR.NS,Hindustan Unilever
2022-05-05,1998.83544921875,HINDUNILVR.NS,Hindustan Unilever
2022-05-06,1982.7822265625,HINDUNILVR.NS,Hindustan Unilever
2022-05-09,1952.7528076171875,HINDUNILVR.NS,Hindustan Unilever
2022-05-10,2011.56640625,HINDUNILVR.NS,Hindustan Unilever
2022-05-11,1995.97509765625,HINDUNILVR.NS,Hindustan Unilever
2022-05-12,1973.187744140625,HINDUNILVR.NS,Hindustan Unilever
2022-05-13,2024.2056884765625,HINDUNILVR.NS,Hindustan Unilever
2022-05-16,2045.563232421875,HINDUNILVR.NS,Hindustan Unilever
2022-05-17,2071.1640625,HINDUNILVR.NS,Hindustan Unilever
2022-05-18,2113.97119140625,HINDUNILVR.NS,Hindustan Unilever
2022-05-19,2089.200439453125,HINDUNILVR.NS,Hindustan Unilever
2022-05-20,2145.84619140625,HINDUNILVR.NS,Hindustan Unilever
2022-05-23,2195.5263671875,HINDUNILVR.NS,Hindustan Unilever
2022-05-24,2130.80810546875,HINDUNILVR.NS,Hindustan Unilever
2022-05-25,2120.7060546875,HINDUNILVR.NS,Hindustan Unilever
2022-05-26,2103.638671875,HINDUNILVR.NS,Hindustan Unilever
2022-05-27,2150.135986328125,HINDUNILVR.NS,Hindustan Unilever
2022-05-30,2167.06494140625,HINDUNILVR.NS,Hindustan Unilever
2022-05-31,2171.0322265625,HINDUNILVR.NS,Hindustan Unilever
2022-06-01,2129.700927734375,HINDUNILVR.NS,Hindustan Unilever
2022-06-02,2107.882080078125,HINDUNILVR.NS,Hindustan Unilever
2022-06-03,2114.478759765625,HINDUNILVR.NS,Hindustan Unilever
2022-06-06,2103.91552734375,HINDUNILVR.NS,Hindustan Unilever
2022-06-07,2040.3509521484375,HINDUNILVR.NS,Hindustan Unilever
2022-06-08,2026.9271240234375,HINDUNILVR.NS,Hindustan Unilever
2022-06-09,2027.52685546875,HINDUNILVR.NS,Hindustan Unilever
2022-06-10,2029.556640625,HINDUNILVR.NS,Hindustan Unilever
2022-06-13,2026.7886962890625,HINDUNILVR.NS,Hindustan Unilever
2022-06-14,2002.89404296875,HINDUNILVR.NS,Hindustan Unilever
2022-06-15,1997.8221435546875,HINDUNILVR.NS,Hindustan Unilever
2022-06-16,1997.96142578125,HINDUNILVR.NS,Hindustan Unilever
2022-06-17,1964.2230224609375,HINDUNILVR.NS,Hindustan Unilever
2022-06-20,2043.75244140625,HINDUNILVR.NS,Hindustan Unilever
2022-06-21,2052.22216796875,HINDUNILVR.NS,Hindustan Unilever
2022-06-22,2050.22119140625,HINDUNILVR.NS,Hindustan Unilever
2022-06-23,2096.524169921875,HINDUNILVR.NS,Hindustan Unilever
2022-06-24,2144.269775390625,HINDUNILVR.NS,Hindustan Unilever
2022-06-27,2159.85888671875,HINDUNILVR.NS,Hindustan Unilever
2022-06-28,2157.06689453125,HINDUNILVR.NS,Hindustan Unilever
2022-06-29,2078.701171875,HINDUNILVR.NS,Hindustan Unilever
2022-06-30,2076.048828125,HINDUNILVR.NS,Hindustan Unilever
2022-07-01,2124.212890625,HINDUNILVR.NS,Hindustan Unilever
2022-07-04,2210.629150390625,HINDUNILVR.NS,Hindustan Unilever
2022-07-05,2235.10693359375,HINDUNILVR.NS,Hindustan Unilever
2022-07-06,2325.293212890625,HINDUNILVR.NS,Hindustan Unilever
2022-07-07,2301.606689453125,HINDUNILVR.NS,Hindustan Unilever
2022-07-08,2323.850830078125,HINDUNILVR.NS,Hindustan Unilever
2022-07-11,2318.0341796875,HINDUNILVR.NS,Hindustan Unilever
2022-07-12,2279.827880859375,HINDUNILVR.NS,Hindustan Unilever
2022-07-13,2324.68798828125,HINDUNILVR.NS,Hindustan Unilever
2022-07-14,2324.73486328125,HINDUNILVR.NS,Hindustan Unilever
2022-07-15,2390.53662109375,HINDUNILVR.NS,Hindustan Unilever
2022-07-18,2376.5751953125,HINDUNILVR.NS,Hindustan Unilever
2022-07-19,2390.024169921875,HINDUNILVR.NS,Hindustan Unilever
2022-07-20,2424.0419921875,HINDUNILVR.NS,Hindustan Unilever
2022-07-21,2426.787353515625,HINDUNILVR.NS,Hindustan Unilever
2022-07-22,2457.640869140625,HINDUNILVR.NS,Hindustan Unilever
2022-07-25,2441.81884765625,HINDUNILVR.NS,Hindustan Unilever
2022-07-26,2370.618896484375,HINDUNILVR.NS,Hindustan Unilever
2022-07-27,2403.054443359375,HINDUNILVR.NS,Hindustan Unilever
2022-07-28,2438.56103515625,HINDUNILVR.NS,Hindustan Unilever
2022-07-29,2454.662353515625,HINDUNILVR.NS,Hindustan Unilever
2022-08-01,2413.3388671875,HINDUNILVR.NS,Hindustan Unilever
2022-08-02,2452.661376953125,HINDUNILVR.NS,Hindustan Unilever
2022-08-03,2444.378173828125,HINDUNILVR.NS,Hindustan Unilever
2022-08-04,2445.8671875,HINDUNILVR.NS,Hindustan Unilever
2022-08-05,2462.108154296875,HINDUNILVR.NS,Hindustan Unilever
2022-08-08,2466.71533203125,HINDUNILVR.NS,Hindustan Unilever
2022-08-10,2459.688232421875,HINDUNILVR.NS,Hindustan Unilever
2022-08-11,2432.6044921875,HINDUNILVR.NS,Hindustan Unilever
2022-08-12,2415.153564453125,HINDUNILVR.NS,Hindustan Unilever
2022-08-16,2461.2705078125,HINDUNILVR.NS,Hindustan Unilever
2022-08-17,2498.638427734375,HINDUNILVR.NS,Hindustan Unilever
2022-08-18,2496.21875,HINDUNILVR.NS,Hindustan Unilever
2022-08-19,2452.009765625,HINDUNILVR.NS,Hindustan Unilever
2022-08-22,2444.703857421875,HINDUNILVR.NS,Hindustan Unilever
2022-08-23,2413.10595703125,HINDUNILVR.NS,Hindustan Unilever
2022-08-24,2408.91796875,HINDUNILVR.NS,Hindustan Unilever
2022-08-25,2395.841796875,HINDUNILVR.NS,Hindustan Unilever
2022-08-26,2393.374755859375,HINDUNILVR.NS,Hindustan Unilever
2022-08-29,2397.33056640625,HINDUNILVR.NS,Hindustan Unilever
2022-08-30,2475.55712890625,HINDUNILVR.NS,Hindustan Unilever
2022-09-01,2425.438232421875,HINDUNILVR.NS,Hindustan Unilever
2022-09-02,2423.204345703125,HINDUNILVR.NS,Hindustan Unilever
2022-09-05,2420.412353515625,HINDUNILVR.NS,Hindustan Unilever
2022-09-06,2394.817626953125,HINDUNILVR.NS,Hindustan Unilever
2022-09-07,2386.906494140625,HINDUNILVR.NS,Hindustan Unilever
2022-09-08,2398.586669921875,HINDUNILVR.NS,Hindustan Unilever
2022-09-09,2409.33642578125,HINDUNILVR.NS,Hindustan Unilever
2022-09-12,2401.611572265625,HINDUNILVR.NS,Hindustan Unilever
2022-09-13,2407.38232421875,HINDUNILVR.NS,Hindustan Unilever
2022-09-14,2393.2353515625,HINDUNILVR.NS,Hindustan Unilever
2022-09-15,2382.997314453125,HINDUNILVR.NS,Hindustan Unilever
2022-09-16,2352.981689453125,HINDUNILVR.NS,Hindustan Unilever
2022-09-19,2400.54150390625,HINDUNILVR.NS,Hindustan Unilever
2022-09-20,2404.54345703125,HINDUNILVR.NS,Hindustan Unilever
2022-09-21,2441.81884765625,HINDUNILVR.NS,Hindustan Unilever
2022-09-22,2506.177490234375,HINDUNILVR.NS,Hindustan Unilever
2022-09-23,2496.21875,HINDUNILVR.NS,Hindustan Unilever
2022-09-26,2476.208740234375,HINDUNILVR.NS,Hindustan Unilever
2022-09-27,2493.613037109375,HINDUNILVR.NS,Hindustan Unilever
2022-09-28,2514.8798828125,HINDUNILVR.NS,Hindustan Unilever
2022-09-29,2513.436767578125,HINDUNILVR.NS,Hindustan Unilever
2022-09-30,2509.62109375,HINDUNILVR.NS,Hindustan Unilever
2022-10-03,2440.794921875,HINDUNILVR.NS,Hindustan Unilever
2022-10-04,2483.095703125,HINDUNILVR.NS,Hindustan Unilever
2022-10-06,2432.8837890625,HINDUNILVR.NS,Hindustan Unilever
2022-10-07,2419.57421875,HINDUNILVR.NS,Hindustan Unilever
2022-10-10,2425.066162109375,HINDUNILVR.NS,Hindustan Unilever
2022-10-11,2373.923095703125,HINDUNILVR.NS,Hindustan Unilever
2022-10-12,2411.80322265625,HINDUNILVR.NS,Hindustan Unilever
2022-10-13,2388.58154296875,HINDUNILVR.NS,Hindustan Unilever
2022-10-14,2397.33056640625,HINDUNILVR.NS,Hindustan Unilever
2022-10-17,2411.058837890625,HINDUNILVR.NS,Hindustan Unilever
2022-10-18,2421.94775390625,HINDUNILVR.NS,Hindustan Unilever
2022-10-19,2404.03173828125,HINDUNILVR.NS,Hindustan Unilever
2022-10-20,2420.691162109375,HINDUNILVR.NS,Hindustan Unilever
2022-10-21,2470.01904296875,HINDUNILVR.NS,Hindustan Unilever
2022-10-24,2394.817626953125,HINDUNILVR.NS,Hindustan Unilever
2022-10-25,2331.808349609375,HINDUNILVR.NS,Hindustan Unilever
2022-10-27,2344.4658203125,HINDUNILVR.NS,Hindustan Unilever
2022-10-28,2349.35205078125,HINDUNILVR.NS,Hindustan Unilever
2022-10-31,2373.9697265625,HINDUNILVR.NS,Hindustan Unilever
2022-11-01,2390.928466796875,HINDUNILVR.NS,Hindustan Unilever
2022-11-02,2359.54052734375,HINDUNILVR.NS,Hindustan Unilever
2022-11-03,2385.822265625,HINDUNILVR.NS,Hindustan Unilever
2022-11-04,2361.46142578125,HINDUNILVR.NS,Hindustan Unilever
2022-11-07,2373.126220703125,HINDUNILVR.NS,Hindustan Unilever
2022-11-09,2350.63916015625,HINDUNILVR.NS,Hindustan Unilever
2022-11-10,2355.13671875,HINDUNILVR.NS,Hindustan Unilever
2022-11-11,2345.25146484375,HINDUNILVR.NS,Hindustan Unilever
2022-11-14,2302.854248046875,HINDUNILVR.NS,Hindustan Unilever
2022-11-15,2302.5732421875,HINDUNILVR.NS,Hindustan Unilever
2022-11-16,2321.640625,HINDUNILVR.NS,Hindustan Unilever
2022-11-17,2304.915771484375,HINDUNILVR.NS,Hindustan Unilever
2022-11-18,2327.12158203125,HINDUNILVR.NS,Hindustan Unilever
2022-11-21,2343.705810546875,HINDUNILVR.NS,Hindustan Unilever
2022-11-22,2357.1044921875,HINDUNILVR.NS,Hindustan Unilever
2022-11-23,2349.281005859375,HINDUNILVR.NS,Hindustan Unilever
2022-11-24,2388.445556640625,HINDUNILVR.NS,Hindustan Unilever
2022-11-25,2377.483154296875,HINDUNILVR.NS,Hindustan Unilever
2022-11-28,2366.005126953125,HINDUNILVR.NS,Hindustan Unilever
2022-11-29,2468.133544921875,HINDUNILVR.NS,Hindustan Unilever
2022-11-30,2515.122314453125,HINDUNILVR.NS,Hindustan Unilever
2022-12-01,2494.9775390625,HINDUNILVR.NS,Hindustan Unilever
2022-12-02,2450.238037109375,HINDUNILVR.NS,Hindustan Unilever
2022-12-05,2454.6884765625,HINDUNILVR.NS,Hindustan Unilever
2022-12-06,2487.201171875,HINDUNILVR.NS,Hindustan Unilever
2022-12-07,2536.672119140625,HINDUNILVR.NS,Hindustan Unilever
2022-12-08,2534.89208984375,HINDUNILVR.NS,Hindustan Unilever
2022-12-09,2550.6328125,HINDUNILVR.NS,Hindustan Unilever
2022-12-12,2545.9482421875,HINDUNILVR.NS,Hindustan Unilever
2022-12-13,2539.4365234375,HINDUNILVR.NS,Hindustan Unilever
2022-12-14,2515.403076171875,HINDUNILVR.NS,Hindustan Unilever
2022-12-15,2495.3525390625,HINDUNILVR.NS,Hindustan Unilever
2022-12-16,2502.89501953125,HINDUNILVR.NS,Hindustan Unilever
2022-12-19,2546.744384765625,HINDUNILVR.NS,Hindustan Unilever
2022-12-20,2505.93994140625,HINDUNILVR.NS,Hindustan Unilever
2022-12-21,2498.116455078125,HINDUNILVR.NS,Hindustan Unilever
2022-12-22,2478.5810546875,HINDUNILVR.NS,Hindustan Unilever
2022-12-23,2455.85986328125,HINDUNILVR.NS,Hindustan Unilever
2022-12-26,2452.43994140625,HINDUNILVR.NS,Hindustan Unilever
2022-12-27,2429.765380859375,HINDUNILVR.NS,Hindustan Unilever
2022-12-28,2420.7236328125,HINDUNILVR.NS,Hindustan Unilever
2022-12-29,2406.154296875,HINDUNILVR.NS,Hindustan Unilever
2022-12-30,2399.59521484375,HINDUNILVR.NS,Hindustan Unilever
2023-01-02,2397.112060546875,HINDUNILVR.NS,Hindustan Unilever
2023-01-03,2381.79345703125,HINDUNILVR.NS,Hindustan Unilever
2023-01-04,2376.21826171875,HINDUNILVR.NS,Hindustan Unilever
2023-01-05,2420.817138671875,HINDUNILVR.NS,Hindustan Unilever
2023-01-06,2414.024658203125,HINDUNILVR.NS,Hindustan Unilever
2023-01-09,2458.623779296875,HINDUNILVR.NS,Hindustan Unilever
2023-01-10,2477.17578125,HINDUNILVR.NS,Hindustan Unilever
2023-01-11,2429.765380859375,HINDUNILVR.NS,Hindustan Unilever
2023-01-12,2426.766845703125,HINDUNILVR.NS,Hindustan Unilever
2023-01-13,2458.576904296875,HINDUNILVR.NS,Hindustan Unilever
2023-01-16,2433.37255859375,HINDUNILVR.NS,Hindustan Unilever
2023-01-17,2499.38134765625,HINDUNILVR.NS,Hindustan Unilever
2023-01-18,2516.85546875,HINDUNILVR.NS,Hindustan Unilever
2023-01-19,2482.703369140625,HINDUNILVR.NS,Hindustan Unilever
2023-01-20,2388.07080078125,HINDUNILVR.NS,Hindustan Unilever
2023-01-23,2432.71630859375,HINDUNILVR.NS,Hindustan Unilever
2023-01-24,2436.558837890625,HINDUNILVR.NS,Hindustan Unilever
2023-01-25,2457.030517578125,HINDUNILVR.NS,Hindustan Unilever
2023-01-27,2447.4736328125,HINDUNILVR.NS,Hindustan Unilever
2023-01-30,2406.247802734375,HINDUNILVR.NS,Hindustan Unilever
2023-01-31,2414.3056640625,HINDUNILVR.NS,Hindustan Unilever
2023-02-01,2411.96337890625,HINDUNILVR.NS,Hindustan Unilever
2023-02-02,2468.742919921875,HINDUNILVR.NS,Hindustan Unilever
2023-02-03,2481.766357421875,HINDUNILVR.NS,Hindustan Unilever
2023-02-06,2471.319580078125,HINDUNILVR.NS,Hindustan Unilever
2023-02-07,2437.214111328125,HINDUNILVR.NS,Hindustan Unilever
2023-02-08,2419.97412109375,HINDUNILVR.NS,Hindustan Unilever
2023-02-09,2423.6279296875,HINDUNILVR.NS,Hindustan Unilever
2023-02-10,2415.008056640625,HINDUNILVR.NS,Hindustan Unilever
2023-02-13,2418.28759765625,HINDUNILVR.NS,Hindustan Unilever
2023-02-14,2416.975830078125,HINDUNILVR.NS,Hindustan Unilever
2023-02-15,2387.78955078125,HINDUNILVR.NS,Hindustan Unilever
2023-02-16,2367.785400390625,HINDUNILVR.NS,Hindustan Unilever
2023-02-17,2356.9169921875,HINDUNILVR.NS,Hindustan Unilever
2023-02-20,2353.121826171875,HINDUNILVR.NS,Hindustan Unilever
2023-02-21,2357.525634765625,HINDUNILVR.NS,Hindustan Unilever
2023-02-22,2336.819091796875,HINDUNILVR.NS,Hindustan Unilever
2023-02-23,2333.633544921875,HINDUNILVR.NS,Hindustan Unilever
2023-02-24,2327.590087890625,HINDUNILVR.NS,Hindustan Unilever
2023-02-27,2312.552001953125,HINDUNILVR.NS,Hindustan Unilever
2023-02-28,2305.5244140625,HINDUNILVR.NS,Hindustan Unilever
2023-03-01,2310.771484375,HINDUNILVR.NS,Hindustan Unilever
2023-03-02,2300.558837890625,HINDUNILVR.NS,Hindustan Unilever
2023-03-03,2315.222412109375,HINDUNILVR.NS,Hindustan Unilever
2023-03-06,2328.19921875,HINDUNILVR.NS,Hindustan Unilever
2023-03-08,2328.43359375,HINDUNILVR.NS,Hindustan Unilever
2023-03-09,2306.227294921875,HINDUNILVR.NS,Hindustan Unilever
2023-03-10,2310.022216796875,HINDUNILVR.NS,Hindustan Unilever
2023-03-13,2300.324951171875,HINDUNILVR.NS,Hindustan Unilever
2023-03-14,2288.47216796875,HINDUNILVR.NS,Hindustan Unilever
2023-03-15,2254.413818359375,HINDUNILVR.NS,Hindustan Unilever
2023-03-16,2304.306884765625,HINDUNILVR.NS,Hindustan Unilever
2023-03-17,2293.110107421875,HINDUNILVR.NS,Hindustan Unilever
2023-03-20,2352.887939453125,HINDUNILVR.NS,Hindustan Unilever
2023-03-21,2307.35205078125,HINDUNILVR.NS,Hindustan Unilever
2023-03-22,2320.2353515625,HINDUNILVR.NS,Hindustan Unilever
2023-03-23,2328.43359375,HINDUNILVR.NS,Hindustan Unilever
2023-03-24,2324.404541015625,HINDUNILVR.NS,Hindustan Unilever
2023-03-27,2341.457275390625,HINDUNILVR.NS,Hindustan Unilever
2023-03-28,2326.278076171875,HINDUNILVR.NS,Hindustan Unilever
2023-03-29,2371.29931640625,HINDUNILVR.NS,Hindustan Unilever
2023-03-31,2398.939697265625,HINDUNILVR.NS,Hindustan Unilever
2023-04-03,2376.21826171875,HINDUNILVR.NS,Hindustan Unilever
2023-04-05,2419.92724609375,HINDUNILVR.NS,Hindustan Unilever
2023-04-06,2403.530517578125,HINDUNILVR.NS,Hindustan Unilever
2023-04-10,2372.517333984375,HINDUNILVR.NS,Hindustan Unilever
2023-04-11,2387.1337890625,HINDUNILVR.NS,Hindustan Unilever
2023-04-12,2369.518798828125,HINDUNILVR.NS,Hindustan Unilever
2023-04-13,2376.31201171875,HINDUNILVR.NS,Hindustan Unilever
2023-04-17,2390.9755859375,HINDUNILVR.NS,Hindustan Unilever
2023-04-18,2380.85595703125,HINDUNILVR.NS,Hindustan Unilever
2023-04-19,2372.001953125,HINDUNILVR.NS,Hindustan Unilever
2023-04-20,2335.460693359375,HINDUNILVR.NS,Hindustan Unilever
2023-04-21,2340.47314453125,HINDUNILVR.NS,Hindustan Unilever
2023-04-24,2342.159912109375,HINDUNILVR.NS,Hindustan Unilever
2023-04-25,2333.4462890625,HINDUNILVR.NS,Hindustan Unilever
2023-04-26,2352.51318359375,HINDUNILVR.NS,Hindustan Unilever
2023-04-27,2313.30126953125,HINDUNILVR.NS,Hindustan Unilever
2023-04-28,2302.385986328125,HINDUNILVR.NS,Hindustan Unilever
2023-05-02,2297.138916015625,HINDUNILVR.NS,Hindustan Unilever
2023-05-03,2329.2763671875,HINDUNILVR.NS,Hindustan Unilever
2023-05-04,2348.71875,HINDUNILVR.NS,Hindustan Unilever
2023-05-05,2343.096923828125,HINDUNILVR.NS,Hindustan Unilever
2023-05-08,2357.666259765625,HINDUNILVR.NS,Hindustan Unilever
2023-05-09,2357.197998046875,HINDUNILVR.NS,Hindustan Unilever
2023-05-10,2363.6630859375,HINDUNILVR.NS,Hindustan Unilever
2023-05-11,2428.96875,HINDUNILVR.NS,Hindustan Unilever
2023-05-12,2458.0146484375,HINDUNILVR.NS,Hindustan Unilever
2023-05-15,2494.41552734375,HINDUNILVR.NS,Hindustan Unilever
2023-05-16,2507.204833984375,HINDUNILVR.NS,Hindustan Unilever
2023-05-17,2493.94677734375,HINDUNILVR.NS,Hindustan Unilever
2023-05-18,2461.903076171875,HINDUNILVR.NS,Hindustan Unilever
2023-05-19,2474.926513671875,HINDUNILVR.NS,Hindustan Unilever
2023-05-22,2471.787841796875,HINDUNILVR.NS,Hindustan Unilever
2023-05-23,2462.60595703125,HINDUNILVR.NS,Hindustan Unilever
2023-05-24,2450.097412109375,HINDUNILVR.NS,Hindustan Unilever
2023-05-25,2433.51318359375,HINDUNILVR.NS,Hindustan Unilever
2023-05-26,2485.1396484375,HINDUNILVR.NS,Hindustan Unilever
2023-05-29,2483.218994140625,HINDUNILVR.NS,Hindustan Unilever
2023-05-30,2489.07470703125,HINDUNILVR.NS,Hindustan Unilever
2023-05-31,2499.38134765625,HINDUNILVR.NS,Hindustan Unilever
2023-06-01,2527.81787109375,HINDUNILVR.NS,Hindustan Unilever
2023-06-02,2545.432861328125,HINDUNILVR.NS,Hindustan Unilever
2023-06-05,2525.850341796875,HINDUNILVR.NS,Hindustan Unilever
2023-06-06,2521.4931640625,HINDUNILVR.NS,Hindustan Unilever
2023-06-07,2544.964111328125,HINDUNILVR.NS,Hindustan Unilever
2023-06-08,2510.952880859375,HINDUNILVR.NS,Hindustan Unilever
2023-06-09,2470.0078125,HINDUNILVR.NS,Hindustan Unilever
2023-06-12,2476.80029296875,HINDUNILVR.NS,Hindustan Unilever
2023-06-13,2507.204833984375,HINDUNILVR.NS,Hindustan Unilever
2023-06-14,2528.614501953125,HINDUNILVR.NS,Hindustan Unilever
2023-06-15,2520.135009765625,HINDUNILVR.NS,Hindustan Unilever
2023-06-16,2544.44921875,HINDUNILVR.NS,Hindustan Unilever
2023-06-19,2534.624755859375,HINDUNILVR.NS,Hindustan Unilever
2023-06-20,2527.87109375,HINDUNILVR.NS,Hindustan Unilever
2023-06-21,2528.343505859375,HINDUNILVR.NS,Hindustan Unilever
2023-06-22,2507.32568359375,HINDUNILVR.NS,Hindustan Unilever
2023-06-23,2495.281982421875,HINDUNILVR.NS,Hindustan Unilever
2023-06-26,2505.200439453125,HINDUNILVR.NS,Hindustan Unilever
2023-06-27,2504.491943359375,HINDUNILVR.NS,Hindustan Unilever
2023-06-28,2513.843505859375,HINDUNILVR.NS,Hindustan Unilever
2023-06-30,2529.80712890625,HINDUNILVR.NS,Hindustan Unilever
2023-07-03,2551.439208984375,HINDUNILVR.NS,Hindustan Unilever
2023-07-04,2550.447021484375,HINDUNILVR.NS,Hindustan Unilever
2023-07-05,2603.20361328125,HINDUNILVR.NS,Hindustan Unilever
2023-07-06,2604.384521484375,HINDUNILVR.NS,Hindustan Unilever
2023-07-07,2548.652587890625,HINDUNILVR.NS,Hindustan Unilever
2023-07-10,2509.40380859375,HINDUNILVR.NS,Hindustan Unilever
2023-07-11,2535.8056640625,HINDUNILVR.NS,Hindustan Unilever
2023-07-12,2525.556640625,HINDUNILVR.NS,Hindustan Unilever
2023-07-13,2507.656494140625,HINDUNILVR.NS,Hindustan Unilever
2023-07-14,2528.62646484375,HINDUNILVR.NS,Hindustan Unilever
2023-07-17,2533.16064453125,HINDUNILVR.NS,Hindustan Unilever
2023-07-18,2534.199951171875,HINDUNILVR.NS,Hindustan Unilever
2023-07-19,2523.620361328125,HINDUNILVR.NS,Hindustan Unilever
2023-07-20,2553.51708984375,HINDUNILVR.NS,Hindustan Unilever
2023-07-21,2459.7646484375,HINDUNILVR.NS,Hindustan Unilever
2023-07-24,2437.330078125,HINDUNILVR.NS,Hindustan Unilever
2023-07-25,2425.900146484375,HINDUNILVR.NS,Hindustan Unilever
2023-07-26,2440.21142578125,HINDUNILVR.NS,Hindustan Unilever
2023-07-27,2427.506103515625,HINDUNILVR.NS,Hindustan Unilever
2023-07-28,2441.43896484375,HINDUNILVR.NS,Hindustan Unilever
2023-07-31,2418.95751953125,HINDUNILVR.NS,Hindustan Unilever
2023-08-01,2409.794677734375,HINDUNILVR.NS,Hindustan Unilever
2023-08-02,2426.65576171875,HINDUNILVR.NS,Hindustan Unilever
2023-08-03,2409.9833984375,HINDUNILVR.NS,Hindustan Unilever
2023-08-04,2404.97705078125,HINDUNILVR.NS,Hindustan Unilever
2023-08-07,2426.89208984375,HINDUNILVR.NS,Hindustan Unilever
2023-08-08,2423.727783203125,HINDUNILVR.NS,Hindustan Unilever
2023-08-09,2410.833984375,HINDUNILVR.NS,Hindustan Unilever
2023-08-10,2396.192138671875,HINDUNILVR.NS,Hindustan Unilever
2023-08-11,2363.225830078125,HINDUNILVR.NS,Hindustan Unilever
2023-08-14,2392.791748046875,HINDUNILVR.NS,Hindustan Unilever
2023-08-16,2411.2119140625,HINDUNILVR.NS,Hindustan Unilever
2023-08-17,2402.379150390625,HINDUNILVR.NS,Hindustan Unilever
2023-08-18,2413.242431640625,HINDUNILVR.NS,Hindustan Unilever
2023-08-21,2420.799560546875,HINDUNILVR.NS,Hindustan Unilever
2023-08-22,2423.680908203125,HINDUNILVR.NS,Hindustan Unilever
2023-08-23,2431.4736328125,HINDUNILVR.NS,Hindustan Unilever
2023-08-24,2438.274658203125,HINDUNILVR.NS,Hindustan Unilever
2023-08-25,2421.55517578125,HINDUNILVR.NS,Hindustan Unilever
2023-08-28,2414.14013671875,HINDUNILVR.NS,Hindustan Unilever
2023-08-29,2386.226806640625,HINDUNILVR.NS,Hindustan Unilever
2023-08-30,2391.70556640625,HINDUNILVR.NS,Hindustan Unilever
2023-08-31,2366.2958984375,HINDUNILVR.NS,Hindustan Unilever
2023-09-01,2366.0595703125,HINDUNILVR.NS,Hindustan Unilever
2023-09-04,2362.847412109375,HINDUNILVR.NS,Hindustan Unilever
2023-09-05,2368.1845703125,HINDUNILVR.NS,Hindustan Unilever
2023-09-06,2383.7236328125,HINDUNILVR.NS,Hindustan Unilever
2023-09-07,2368.5625,HINDUNILVR.NS,Hindustan Unilever
2023-09-08,2374.56103515625,HINDUNILVR.NS,Hindustan Unilever
2023-09-11,2395.767333984375,HINDUNILVR.NS,Hindustan Unilever
2023-09-12,2360.438720703125,HINDUNILVR.NS,Hindustan Unilever
2023-09-13,2367.712646484375,HINDUNILVR.NS,Hindustan Unilever
2023-09-14,2362.281005859375,HINDUNILVR.NS,Hindustan Unilever
2023-09-15,2332.9033203125,HINDUNILVR.NS,Hindustan Unilever
2023-09-18,2350.8037109375,HINDUNILVR.NS,Hindustan Unilever
2023-09-20,2330.21142578125,HINDUNILVR.NS,Hindustan Unilever
2023-09-21,2336.351318359375,HINDUNILVR.NS,Hindustan Unilever
2023-09-22,2344.947021484375,HINDUNILVR.NS,Hindustan Unilever
2023-09-25,2338.713134765625,HINDUNILVR.NS,Hindustan Unilever
2023-09-26,2341.641357421875,HINDUNILVR.NS,Hindustan Unilever
2023-09-27,2363.17822265625,HINDUNILVR.NS,Hindustan Unilever
2023-09-28,2324.0712890625,HINDUNILVR.NS,Hindustan Unilever
2023-09-29,2329.03076171875,HINDUNILVR.NS,Hindustan Unilever
2023-10-03,2332.147705078125,HINDUNILVR.NS,Hindustan Unilever
2023-10-04,2368.940185546875,HINDUNILVR.NS,Hindustan Unilever
2023-10-05,2379.992431640625,HINDUNILVR.NS,Hindustan Unilever
2023-10-06,2360.95849609375,HINDUNILVR.NS,Hindustan Unilever
2023-10-09,2372.198974609375,HINDUNILVR.NS,Hindustan Unilever
2023-10-10,2376.827880859375,HINDUNILVR.NS,Hindustan Unilever
2023-10-11,2414.801025390625,HINDUNILVR.NS,Hindustan Unilever
2023-10-12,2415.367919921875,HINDUNILVR.NS,Hindustan Unilever
2023-10-13,2427.128173828125,HINDUNILVR.NS,Hindustan Unilever
2023-10-16,2416.59619140625,HINDUNILVR.NS,Hindustan Unilever
2023-10-17,2414.564697265625,HINDUNILVR.NS,Hindustan Unilever
2023-10-18,2407.102783203125,HINDUNILVR.NS,Hindustan Unilever
2023-10-19,2406.961181640625,HINDUNILVR.NS,Hindustan Unilever
2023-10-20,2356.943359375,HINDUNILVR.NS,Hindustan Unilever
2023-10-23,2345.93896484375,HINDUNILVR.NS,Hindustan Unilever
2023-10-25,2340.082275390625,HINDUNILVR.NS,Hindustan Unilever
2023-10-26,2339.232177734375,HINDUNILVR.NS,Hindustan Unilever
2023-10-27,2344.569580078125,HINDUNILVR.NS,Hindustan Unilever
2023-10-30,2341.59375,HINDUNILVR.NS,Hindustan Unilever
2023-10-31,2346.4111328125,HINDUNILVR.NS,Hindustan Unilever
2023-11-01,2335.312255859375,HINDUNILVR.NS,Hindustan Unilever
2023-11-02,2366.28466796875,HINDUNILVR.NS,Hindustan Unilever
2023-11-03,2387.64697265625,HINDUNILVR.NS,Hindustan Unilever
2023-11-06,2376.37109375,HINDUNILVR.NS,Hindustan Unilever
2023-11-07,2375.467529296875,HINDUNILVR.NS,Hindustan Unilever
2023-11-08,2397.25732421875,HINDUNILVR.NS,Hindustan Unilever
2023-11-09,2356.67431640625,HINDUNILVR.NS,Hindustan Unilever
2023-11-10,2366.047119140625,HINDUNILVR.NS,Hindustan Unilever
2023-11-13,2358.0537109375,HINDUNILVR.NS,Hindustan Unilever
2023-11-15,2365.904052734375,HINDUNILVR.NS,Hindustan Unilever
2023-11-16,2370.47119140625,HINDUNILVR.NS,Hindustan Unilever
2023-11-17,2406.24951171875,HINDUNILVR.NS,Hindustan Unilever
2023-11-20,2384.982421875,HINDUNILVR.NS,Hindustan Unilever
2023-11-21,2383.8408203125,HINDUNILVR.NS,Hindustan Unilever
2023-11-22,2399.683837890625,HINDUNILVR.NS,Hindustan Unilever
2023-11-23,2397.7802734375,HINDUNILVR.NS,Hindustan Unilever
2023-11-24,2393.30859375,HINDUNILVR.NS,Hindustan Unilever
2023-11-28,2388.884033203125,HINDUNILVR.NS,Hindustan Unilever
2023-11-29,2402.680908203125,HINDUNILVR.NS,Hindustan Unilever
2023-11-30,2422.187744140625,HINDUNILVR.NS,Hindustan Unilever
2023-12-01,2439.410400390625,HINDUNILVR.NS,Hindustan Unilever
2023-12-04,2476.1875,HINDUNILVR.NS,Hindustan Unilever
2023-12-05,2439.0302734375,HINDUNILVR.NS,Hindustan Unilever
2023-12-06,2443.216552734375,HINDUNILVR.NS,Hindustan Unilever
2023-12-07,2396.21044921875,HINDUNILVR.NS,Hindustan Unilever
2023-12-08,2400.064453125,HINDUNILVR.NS,Hindustan Unilever
2023-12-11,2382.318115234375,HINDUNILVR.NS,Hindustan Unilever
2023-12-12,2381.461669921875,HINDUNILVR.NS,Hindustan Unilever
2023-12-13,2390.168212890625,HINDUNILVR.NS,Hindustan Unilever
2023-12-14,2394.40283203125,HINDUNILVR.NS,Hindustan Unilever
2023-12-15,2400.63525390625,HINDUNILVR.NS,Hindustan Unilever
2023-12-18,2412.624755859375,HINDUNILVR.NS,Hindustan Unilever
2023-12-19,2436.603271484375,HINDUNILVR.NS,Hindustan Unilever
2023-12-20,2433.558349609375,HINDUNILVR.NS,Hindustan Unilever
2023-12-21,2429.467041015625,HINDUNILVR.NS,Hindustan Unilever
2023-12-22,2450.781494140625,HINDUNILVR.NS,Hindustan Unilever
2023-12-26,2459.48779296875,HINDUNILVR.NS,Hindustan Unilever
2023-12-27,2481.896728515625,HINDUNILVR.NS,Hindustan Unilever
2023-12-28,2506.1611328125,HINDUNILVR.NS,Hindustan Unilever
2023-12-29,2534.849609375,HINDUNILVR.NS,Hindustan Unilever
2024-01-01,2526.095458984375,HINDUNILVR.NS,Hindustan Unilever
2024-01-02,2487.130126953125,HINDUNILVR.NS,Hindustan Unilever
2024-01-03,2480.2314453125,HINDUNILVR.NS,Hindustan Unilever
2024-01-04,2466.909912109375,HINDUNILVR.NS,Hindustan Unilever
2024-01-05,2493.07763671875,HINDUNILVR.NS,Hindustan Unilever
2024-01-08,2453.302734375,HINDUNILVR.NS,Hindustan Unilever
2024-01-09,2454.72998046875,HINDUNILVR.NS,Hindustan Unilever
2024-01-10,2452.493896484375,HINDUNILVR.NS,Hindustan Unilever
2024-01-11,2413.290771484375,HINDUNILVR.NS,Hindustan Unilever
2024-01-12,2420.713134765625,HINDUNILVR.NS,Hindustan Unilever
2024-01-15,2448.497802734375,HINDUNILVR.NS,Hindustan Unilever
2024-01-16,2444.596923828125,HINDUNILVR.NS,Hindustan Unilever
2024-01-17,2438.69677734375,HINDUNILVR.NS,Hindustan Unilever
2024-01-18,2424.51904296875,HINDUNILVR.NS,Hindustan Unilever
2024-01-19,2441.07568359375,HINDUNILVR.NS,Hindustan Unilever
2024-01-23,2260.42626953125,HINDUNILVR.NS,Hindustan Unilever
2024-01-24,2323.32275390625,HINDUNILVR.NS,Hindustan Unilever
2024-01-25,2310.619873046875,HINDUNILVR.NS,Hindustan Unilever
2024-01-29,2325.939697265625,HINDUNILVR.NS,Hindustan Unilever
2024-01-30,2339.498779296875,HINDUNILVR.NS,Hindustan Unilever
2024-01-31,2361.289306640625,HINDUNILVR.NS,Hindustan Unilever
2024-02-01,2353.724853515625,HINDUNILVR.NS,Hindustan Unilever
2024-02-02,2333.742431640625,HINDUNILVR.NS,Hindustan Unilever
2024-02-05,2302.24609375,HINDUNILVR.NS,Hindustan Unilever
2024-02-06,2308.764404296875,HINDUNILVR.NS,Hindustan Unilever
2024-02-07,2307.908203125,HINDUNILVR.NS,Hindustan Unilever
2024-02-08,2299.9150390625,HINDUNILVR.NS,Hindustan Unilever
2024-02-09,2306.670654296875,HINDUNILVR.NS,Hindustan Unilever
2024-02-12,2270.03662109375,HINDUNILVR.NS,Hindustan Unilever
2024-02-13,2277.982421875,HINDUNILVR.NS,Hindustan Unilever
2024-02-14,2272.225341796875,HINDUNILVR.NS,Hindustan Unilever
2024-02-15,2236.923095703125,HINDUNILVR.NS,Hindustan Unilever
2024-02-16,2260.140625,HINDUNILVR.NS,Hindustan Unilever
2024-02-19,2271.4638671875,HINDUNILVR.NS,Hindustan Unilever
2024-02-20,2287.5927734375,HINDUNILVR.NS,Hindustan Unilever
2024-02-21,2290.447265625,HINDUNILVR.NS,Hindustan Unilever
2024-02-22,2272.367919921875,HINDUNILVR.NS,Hindustan Unilever
2024-02-23,2278.077392578125,HINDUNILVR.NS,Hindustan Unilever
2024-02-26,2287.735595703125,HINDUNILVR.NS,Hindustan Unilever
2024-02-27,2288.734619140625,HINDUNILVR.NS,Hindustan Unilever
2024-02-28,2304.197021484375,HINDUNILVR.NS,Hindustan Unilever
2024-02-29,2295.395263671875,HINDUNILVR.NS,Hindustan Unilever
2024-03-01,2292.921142578125,HINDUNILVR.NS,Hindustan Unilever
2024-03-04,2304.625244140625,HINDUNILVR.NS,Hindustan Unilever
2024-03-05,2283.548828125,HINDUNILVR.NS,Hindustan Unilever
2024-03-06,2284.45263671875,HINDUNILVR.NS,Hindustan Unilever
2024-03-07,2302.293701171875,HINDUNILVR.NS,Hindustan Unilever
2024-03-11,2274.033447265625,HINDUNILVR.NS,Hindustan Unilever
2024-03-12,2262.900146484375,HINDUNILVR.NS,Hindustan Unilever
2024-03-13,2200.52685546875,HINDUNILVR.NS,Hindustan Unilever
2024-03-14,2221.460693359375,HINDUNILVR.NS,Hindustan Unilever
2024-03-15,2214.89501953125,HINDUNILVR.NS,Hindustan Unilever
2024-03-18,2188.48974609375,HINDUNILVR.NS,Hindustan Unilever
2024-03-19,2157.089111328125,HINDUNILVR.NS,Hindustan Unilever
2024-03-20,2133.30078125,HINDUNILVR.NS,Hindustan Unilever
2024-03-21,2133.68115234375,HINDUNILVR.NS,Hindustan Unilever
2024-03-22,2147.193359375,HINDUNILVR.NS,Hindustan Unilever
2024-03-26,2131.4453125,HINDUNILVR.NS,Hindustan Unilever
2024-03-27,2131.15966796875,HINDUNILVR.NS,Hindustan Unilever
2024-03-28,2154.615234375,HINDUNILVR.NS,Hindustan Unilever
2024-04-01,2175.120849609375,HINDUNILVR.NS,Hindustan Unilever
2024-04-02,2175.88232421875,HINDUNILVR.NS,Hindustan Unilever
2024-04-03,2155.424072265625,HINDUNILVR.NS,Hindustan Unilever
2024-04-04,2155.18603515625,HINDUNILVR.NS,Hindustan Unilever
2024-04-05,2157.089111328125,HINDUNILVR.NS,Hindustan Unilever
2024-04-08,2158.9921875,HINDUNILVR.NS,Hindustan Unilever
2024-04-09,2154.4248046875,HINDUNILVR.NS,Hindustan Unilever
2024-04-10,2151.332275390625,HINDUNILVR.NS,Hindustan Unilever
2024-04-12,2124.118408203125,HINDUNILVR.NS,Hindustan Unilever
2024-04-15,2087.72216796875,HINDUNILVR.NS,Hindustan Unilever
2024-04-16,2113.176025390625,HINDUNILVR.NS,Hindustan Unilever
2024-04-18,2107.466552734375,HINDUNILVR.NS,Hindustan Unilever
2024-04-19,2123.452392578125,HINDUNILVR.NS,Hindustan Unilever
2024-04-22,2132.872314453125,HINDUNILVR.NS,Hindustan Unilever
2024-04-23,2153.0927734375,HINDUNILVR.NS,Hindustan Unilever
2024-04-24,2150.7138671875,HINDUNILVR.NS,Hindustan Unilever
2024-04-25,2122.73876953125,HINDUNILVR.NS,Hindustan Unilever
2024-04-26,2114.93603515625,HINDUNILVR.NS,Hindustan Unilever
2024-04-29,2118.218994140625,HINDUNILVR.NS,Hindustan Unilever
2024-04-30,2122.358154296875,HINDUNILVR.NS,Hindustan Unilever
2024-05-02,2118.4091796875,HINDUNILVR.NS,Hindustan Unilever
2024-05-03,2109.607421875,HINDUNILVR.NS,Hindustan Unilever
2024-05-06,2146.8603515625,HINDUNILVR.NS,Hindustan Unilever
2024-05-07,2264.08935546875,HINDUNILVR.NS,Hindustan Unilever
2024-05-08,2227.59814453125,HINDUNILVR.NS,Hindustan Unilever
2024-05-09,2212.9443359375,HINDUNILVR.NS,Hindustan Unilever
2024-05-10,2248.05615234375,HINDUNILVR.NS,Hindustan Unilever
2024-05-13,2246.248291015625,HINDUNILVR.NS,Hindustan Unilever
2024-05-14,2235.73388671875,HINDUNILVR.NS,Hindustan Unilever
2024-05-15,2210.708251953125,HINDUNILVR.NS,Hindustan Unilever
2024-05-16,2229.59619140625,HINDUNILVR.NS,Hindustan Unilever
2024-05-17,2207.9013671875,HINDUNILVR.NS,Hindustan Unilever
2024-05-21,2198.718994140625,HINDUNILVR.NS,Hindustan Unilever
2024-05-22,2252.195068359375,HINDUNILVR.NS,Hindustan Unilever
2024-05-23,2267.03955078125,HINDUNILVR.NS,Hindustan Unilever
2024-05-24,2254.2412109375,HINDUNILVR.NS,Hindustan Unilever
2024-05-27,2268.9423828125,HINDUNILVR.NS,Hindustan Unilever
2024-05-28,2279.83740234375,HINDUNILVR.NS,Hindustan Unilever
2024-05-29,2258.38037109375,HINDUNILVR.NS,Hindustan Unilever
2024-05-30,2237.446533203125,HINDUNILVR.NS,Hindustan Unilever
2024-05-31,2216.179931640625,HINDUNILVR.NS,Hindustan Unilever
2024-06-03,2241.728271484375,HINDUNILVR.NS,Hindustan Unilever
2024-06-04,2375.324462890625,HINDUNILVR.NS,Hindustan Unilever
2024-06-05,2476.61572265625,HINDUNILVR.NS,Hindustan Unilever
2024-06-06,2426.04150390625,HINDUNILVR.NS,Hindustan Unilever
2024-06-07,2452.875,HINDUNILVR.NS,Hindustan Unilever
2024-06-10,2441.028076171875,HINDUNILVR.NS,Hindustan Unilever
2024-06-11,2432.464111328125,HINDUNILVR.NS,Hindustan Unilever
2024-06-12,2406.154296875,HINDUNILVR.NS,Hindustan Unilever
2024-06-13,2366.855712890625,HINDUNILVR.NS,Hindustan Unilever
2024-06-14,2382.56494140625,HINDUNILVR.NS,Hindustan Unilever
2024-06-18,2388.810302734375,HINDUNILVR.NS,Hindustan Unilever
2024-06-19,2360.70654296875,HINDUNILVR.NS,Hindustan Unilever
2024-06-20,2384.9189453125,HINDUNILVR.NS,Hindustan Unilever
2024-06-21,2345.621826171875,HINDUNILVR.NS,Hindustan Unilever
2024-06-24,2346.48681640625,HINDUNILVR.NS,Hindustan Unilever
2024-06-25,2336.87841796875,HINDUNILVR.NS,Hindustan Unilever
2024-06-26,2349.753173828125,HINDUNILVR.NS,Hindustan Unilever
2024-06-27,2365.654296875,HINDUNILVR.NS,Hindustan Unilever
2024-06-28,2376.12744140625,HINDUNILVR.NS,Hindustan Unilever
2024-07-01,2406.921630859375,HINDUNILVR.NS,Hindustan Unilever
2024-07-02,2387.753173828125,HINDUNILVR.NS,Hindustan Unilever
2024-07-03,2411.9658203125,HINDUNILVR.NS,Hindustan Unilever
2024-07-04,2398.1298828125,HINDUNILVR.NS,Hindustan Unilever
2024-07-05,2447.179443359375,HINDUNILVR.NS,Hindustan Unilever
2024-07-08,2485.755615234375,HINDUNILVR.NS,Hindustan Unilever
2024-07-09,2488.637939453125,HINDUNILVR.NS,Hindustan Unilever
2024-07-10,2508.142822265625,HINDUNILVR.NS,Hindustan Unilever
2024-07-11,2506.60546875,HINDUNILVR.NS,Hindustan Unilever
2024-07-12,2519.480224609375,HINDUNILVR.NS,Hindustan Unilever
2024-07-15,2517.6064453125,HINDUNILVR.NS,Hindustan Unilever
2024-07-16,2583.0859375,HINDUNILVR.NS,Hindustan Unilever
2024-07-18,2631.077880859375,HINDUNILVR.NS,Hindustan Unilever
2024-07-19,2620.124755859375,HINDUNILVR.NS,Hindustan Unilever
2024-07-22,2628.099609375,HINDUNILVR.NS,Hindustan Unilever
2024-07-23,2657.932861328125,HINDUNILVR.NS,Hindustan Unilever
2024-07-24,2610.564697265625,HINDUNILVR.NS,Hindustan Unilever
2024-07-25,2601.100830078125,HINDUNILVR.NS,Hindustan Unilever
2024-07-26,2604.800048828125,HINDUNILVR.NS,Hindustan Unilever
2024-07-29,2605.328369140625,HINDUNILVR.NS,Hindustan Unilever
2024-07-30,2585.919677734375,HINDUNILVR.NS,Hindustan Unilever
2024-07-31,2599.611572265625,HINDUNILVR.NS,Hindustan Unilever
2024-08-01,2609.123779296875,HINDUNILVR.NS,Hindustan Unilever
2024-08-02,2587.025146484375,HINDUNILVR.NS,Hindustan Unilever
2024-08-05,2609.4599609375,HINDUNILVR.NS,Hindustan Unilever
2024-08-06,2642.271484375,HINDUNILVR.NS,Hindustan Unilever
2024-08-07,2636.50634765625,HINDUNILVR.NS,Hindustan Unilever
2024-08-08,2626.081787109375,HINDUNILVR.NS,Hindustan Unilever
2024-08-09,2639.533203125,HINDUNILVR.NS,Hindustan Unilever
2024-08-12,2640.974365234375,HINDUNILVR.NS,Hindustan Unilever
2024-08-13,2633.96044921875,HINDUNILVR.NS,Hindustan Unilever
2024-08-14,2615.368896484375,HINDUNILVR.NS,Hindustan Unilever
2024-08-16,2640.542236328125,HINDUNILVR.NS,Hindustan Unilever
2024-08-19,2635.0654296875,HINDUNILVR.NS,Hindustan Unilever
2024-08-20,2643.232421875,HINDUNILVR.NS,Hindustan Unilever
2024-08-21,2681.80859375,HINDUNILVR.NS,Hindustan Unilever
2024-08-22,2683.345947265625,HINDUNILVR.NS,Hindustan Unilever
2024-08-23,2705.25244140625,HINDUNILVR.NS,Hindustan Unilever
2024-08-26,2710.584716796875,HINDUNILVR.NS,Hindustan Unilever
2024-08-27,2658.4609375,HINDUNILVR.NS,Hindustan Unilever
2024-08-28,2656.01123046875,HINDUNILVR.NS,Hindustan Unilever
2024-08-29,2676.091796875,HINDUNILVR.NS,Hindustan Unilever
2024-08-30,2669.1259765625,HINDUNILVR.NS,Hindustan Unilever
2024-09-02,2679.7431640625,HINDUNILVR.NS,Hindustan Unilever
2024-09-03,2684.787353515625,HINDUNILVR.NS,Hindustan Unilever
2024-09-04,2729.897216796875,HINDUNILVR.NS,Hindustan Unilever
2024-09-05,2727.20703125,HINDUNILVR.NS,Hindustan Unilever
2024-09-06,2727.6875,HINDUNILVR.NS,Hindustan Unilever
2024-09-09,2807.29052734375,HINDUNILVR.NS,Hindustan Unilever
2024-09-10,2784.99951171875,HINDUNILVR.NS,Hindustan Unilever
2024-09-11,2790.332275390625,HINDUNILVR.NS,Hindustan Unilever
2024-09-12,2840.5341796875,HINDUNILVR.NS,Hindustan Unilever
2024-09-13,2818.00341796875,HINDUNILVR.NS,Hindustan Unilever
2024-09-16,2754.734130859375,HINDUNILVR.NS,Hindustan Unilever
2024-09-17,2760.88330078125,HINDUNILVR.NS,Hindustan Unilever
2024-09-18,2763.141357421875,HINDUNILVR.NS,Hindustan Unilever
2024-09-19,2797.63427734375,HINDUNILVR.NS,Hindustan Unilever
2024-09-20,2860.903564453125,HINDUNILVR.NS,Hindustan Unilever
2024-09-23,2909.8564453125,HINDUNILVR.NS,Hindustan Unilever
2024-09-24,2834.91357421875,HINDUNILVR.NS,Hindustan Unilever
2024-09-25,2833.376220703125,HINDUNILVR.NS,Hindustan Unilever
2024-09-26,2869.070556640625,HINDUNILVR.NS,Hindustan Unilever
2024-09-27,2849.998291015625,HINDUNILVR.NS,Hindustan Unilever
2024-09-30,2842.360107421875,HINDUNILVR.NS,Hindustan Unilever
2024-10-01,2809.163818359375,HINDUNILVR.NS,Hindustan Unilever
2024-10-03,2779.95556640625,HINDUNILVR.NS,Hindustan Unilever
2024-10-04,2737.103271484375,HINDUNILVR.NS,Hindustan Unilever
2024-10-07,2722.35498046875,HINDUNILVR.NS,Hindustan Unilever
2024-10-08,2708.3271484375,HINDUNILVR.NS,Hindustan Unilever
2024-10-09,2660.4306640625,HINDUNILVR.NS,Hindustan Unilever
2024-10-10,2646.7392578125,HINDUNILVR.NS,Hindustan Unilever
2024-10-11,2674.1220703125,HINDUNILVR.NS,Hindustan Unilever
2024-10-14,2679.791015625,HINDUNILVR.NS,Hindustan Unilever
2024-10-15,2672.44091796875,HINDUNILVR.NS,Hindustan Unilever
2024-10-16,2672.248779296875,HINDUNILVR.NS,Hindustan Unilever
2024-10-17,2631.318115234375,HINDUNILVR.NS,Hindustan Unilever
2024-10-18,2610.61279296875,HINDUNILVR.NS,Hindustan Unilever
2024-10-21,2587.98583984375,HINDUNILVR.NS,Hindustan Unilever
2024-10-22,2576.60009765625,HINDUNILVR.NS,Hindustan Unilever
2024-10-23,2555.078369140625,HINDUNILVR.NS,Hindustan Unilever
2024-10-24,2406.921630859375,HINDUNILVR.NS,Hindustan Unilever
2024-10-25,2428.971923828125,HINDUNILVR.NS,Hindustan Unilever
2024-10-28,2474.8505859375,HINDUNILVR.NS,Hindustan Unilever
2024-10-29,2447.8037109375,HINDUNILVR.NS,Hindustan Unilever
2024-10-30,2454.81787109375,HINDUNILVR.NS,Hindustan Unilever
2024-10-31,2429.164306640625,HINDUNILVR.NS,Hindustan Unilever
2024-11-01,2438.0517578125,HINDUNILVR.NS,Hindustan Unilever
2024-11-04,2425.84912109375,HINDUNILVR.NS,Hindustan Unilever
2024-11-05,2422.53466796875,HINDUNILVR.NS,Hindustan Unilever
2024-11-06,2430.65087890625,HINDUNILVR.NS,Hindustan Unilever
2024-11-07,2406.15673828125,HINDUNILVR.NS,Hindustan Unilever
2024-11-08,2437.45458984375,HINDUNILVR.NS,Hindustan Unilever
2024-11-11,2421.271240234375,HINDUNILVR.NS,Hindustan Unilever
2024-11-12,2392.548828125,HINDUNILVR.NS,Hindustan Unilever
2024-11-13,2395.902099609375,HINDUNILVR.NS,Hindustan Unilever
2024-11-14,2322.27392578125,HINDUNILVR.NS,Hindustan Unilever
2024-11-18,2355.02978515625,HINDUNILVR.NS,Hindustan Unilever
2024-11-19,2342.83154296875,HINDUNILVR.NS,Hindustan Unilever
2024-11-21,2316.05322265625,HINDUNILVR.NS,Hindustan Unilever
2024-11-22,2376.75390625,HINDUNILVR.NS,Hindustan Unilever
2024-11-25,2402.219970703125,HINDUNILVR.NS,Hindustan Unilever
2024-11-26,2409.7529296875,HINDUNILVR.NS,Hindustan Unilever
2024-11-27,2417.237060546875,HINDUNILVR.NS,Hindustan Unilever
2024-11-28,2393.22900390625,HINDUNILVR.NS,Hindustan Unilever
2024-11-29,2426.22802734375,HINDUNILVR.NS,Hindustan Unilever
2024-12-02,2409.704345703125,HINDUNILVR.NS,Hindustan Unilever
2024-12-03,2413.30078125,HINDUNILVR.NS,Hindustan Unilever
2024-12-04,2395.464599609375,HINDUNILVR.NS,Hindustan Unilever
2024-12-05,2424.7216796875,HINDUNILVR.NS,Hindustan Unilever
2024-12-06,2414.22412109375,HINDUNILVR.NS,Hindustan Unilever
2024-12-09,2333.50048828125,HINDUNILVR.NS,Hindustan Unilever
2024-12-10,2330.196044921875,HINDUNILVR.NS,Hindustan Unilever
2024-12-11,2334.083740234375,HINDUNILVR.NS,Hindustan Unilever
2024-12-12,2279.263427734375,HINDUNILVR.NS,Hindustan Unilever
2024-12-13,2323.14892578125,HINDUNILVR.NS,Hindustan Unilever
2024-12-16,2299.86962890625,HINDUNILVR.NS,Hindustan Unilever
2024-12-17,2297.05078125,HINDUNILVR.NS,Hindustan Unilever
2024-12-18,2293.1142578125,HINDUNILVR.NS,Hindustan Unilever
2024-12-19,2293.746337890625,HINDUNILVR.NS,Hindustan Unilever
2024-12-20,2268.52294921875,HINDUNILVR.NS,Hindustan Unilever
2024-12-23,2273.383056640625,HINDUNILVR.NS,Hindustan Unilever
2024-12-24,2270.126953125,HINDUNILVR.NS,Hindustan Unilever
2024-12-26,2267.405029296875,HINDUNILVR.NS,Hindustan Unilever
2024-12-27,2275.667236328125,HINDUNILVR.NS,Hindustan Unilever
2024-12-30,2277.854248046875,HINDUNILVR.NS,Hindustan Unilever
2024-12-31,2261.670654296875,HINDUNILVR.NS,Hindustan Unilever
2025-01-01,2257.0537109375,HINDUNILVR.NS,Hindustan Unilever
2025-01-02,2303.61181640625,HINDUNILVR.NS,Hindustan Unilever
2025-01-03,2338.846435546875,HINDUNILVR.NS,Hindustan Unilever
2025-01-06,2309.637939453125,HINDUNILVR.NS,Hindustan Unilever
2025-01-07,2323.829345703125,HINDUNILVR.NS,Hindustan Unilever
2025-01-08,2333.74365234375,HINDUNILVR.NS,Hindustan Unilever
2025-01-09,2367.179931640625,HINDUNILVR.NS,Hindustan Unilever
2025-01-10,2373.643798828125,HINDUNILVR.NS,Hindustan Unilever
2025-01-13,2382.3427734375,HINDUNILVR.NS,Hindustan Unilever
2025-01-14,2301.619384765625,HINDUNILVR.NS,Hindustan Unilever
2025-01-15,2306.52783203125,HINDUNILVR.NS,Hindustan Unilever
2025-01-16,2279.31201171875,HINDUNILVR.NS,Hindustan Unilever
2025-01-17,2288.060302734375,HINDUNILVR.NS,Hindustan Unilever
2025-01-20,2279.506591796875,HINDUNILVR.NS,Hindustan Unilever
2025-01-21,2274.938232421875,HINDUNILVR.NS,Hindustan Unilever
2025-01-22,2277.319580078125,HINDUNILVR.NS,Hindustan Unilever
2025-01-23,2256.664794921875,HINDUNILVR.NS,Hindustan Unilever
2025-01-24,2301.76513671875,HINDUNILVR.NS,Hindustan Unilever
2025-01-27,2325.82177734375,HINDUNILVR.NS,Hindustan Unilever
2025-01-28,2321.933837890625,HINDUNILVR.NS,Hindustan Unilever
2025-01-29,2317.171142578125,HINDUNILVR.NS,Hindustan Unilever
2025-01-30,2341.276123046875,HINDUNILVR.NS,Hindustan Unilever
2025-01-31,2399.644287109375,HINDUNILVR.NS,Hindustan Unilever
2025-02-01,2435.85107421875,HINDUNILVR.NS,Hindustan Unilever
2025-02-03,2373.54638671875,HINDUNILVR.NS,Hindustan Unilever
2025-02-04,2369.755615234375,HINDUNILVR.NS,Hindustan Unilever
2025-02-05,2324.072265625,HINDUNILVR.NS,Hindustan Unilever
2025-02-06,2306.236328125,HINDUNILVR.NS,Hindustan Unilever
2025-02-07,2297.63427734375,HINDUNILVR.NS,Hindustan Unilever
2025-02-10,2295.301513671875,HINDUNILVR.NS,Hindustan Unilever
2025-02-11,2250.395751953125,HINDUNILVR.NS,Hindustan Unilever
2025-02-12,2267.162353515625,HINDUNILVR.NS,Hindustan Unilever
2025-02-13,2256.470458984375,HINDUNILVR.NS,Hindustan Unilever
2025-02-14,2253.40869140625,HINDUNILVR.NS,Hindustan Unilever
2025-02-17,2264.149169921875,HINDUNILVR.NS,Hindustan Unilever
2025-02-18,2231.684814453125,HINDUNILVR.NS,Hindustan Unilever
2025-02-19,2187.36181640625,HINDUNILVR.NS,Hindustan Unilever
2025-02-20,2185.07763671875,HINDUNILVR.NS,Hindustan Unilever
2025-02-21,2178.85693359375,HINDUNILVR.NS,Hindustan Unilever
2025-02-24,2178.662841796875,HINDUNILVR.NS,Hindustan Unilever
2025-02-25,2196.0126953125,HINDUNILVR.NS,Hindustan Unilever
2025-02-27,2182.064453125,HINDUNILVR.NS,Hindustan Unilever
2025-02-28,2128.89697265625,HINDUNILVR.NS,Hindustan Unilever
2025-03-03,2115.872314453125,HINDUNILVR.NS,Hindustan Unilever
2025-03-04,2096.918701171875,HINDUNILVR.NS,Hindustan Unilever
2025-03-05,2109.651611328125,HINDUNILVR.NS,Hindustan Unilever
2025-03-06,2156.79296875,HINDUNILVR.NS,Hindustan Unilever
2025-03-07,2142.796630859375,HINDUNILVR.NS,Hindustan Unilever
2025-03-10,2184.786376953125,HINDUNILVR.NS,Hindustan Unilever
2025-03-11,2154.84912109375,HINDUNILVR.NS,Hindustan Unilever
2025-03-12,2131.472412109375,HINDUNILVR.NS,Hindustan Unilever
2025-03-13,2113.8798828125,HINDUNILVR.NS,Hindustan Unilever
2025-03-17,2110.42919921875,HINDUNILVR.NS,Hindustan Unilever
2025-03-18,2110.42919921875,HINDUNILVR.NS,Hindustan Unilever
2025-03-19,2138.422607421875,HINDUNILVR.NS,Hindustan Unilever
2025-03-20,2179.586181640625,HINDUNILVR.NS,Hindustan Unilever
2025-03-21,2183.27978515625,HINDUNILVR.NS,Hindustan Unilever
2025-03-24,2192.99951171875,HINDUNILVR.NS,Hindustan Unilever
2025-03-25,2207.6767578125,HINDUNILVR.NS,Hindustan Unilever
2025-03-26,2183.036376953125,HINDUNILVR.NS,Hindustan Unilever
2025-03-27,2181.773193359375,HINDUNILVR.NS,Hindustan Unilever
2025-03-28,2195.575439453125,HINDUNILVR.NS,Hindustan Unilever
2025-04-01,2171.27587890625,HINDUNILVR.NS,Hindustan Unilever
2025-04-02,2175.212158203125,HINDUNILVR.NS,Hindustan Unilever
2025-04-03,2181.676025390625,HINDUNILVR.NS,Hindustan Unilever
2025-04-04,2181.676025390625,HINDUNILVR.NS,Hindustan Unilever
2025-04-07,2186.389892578125,HINDUNILVR.NS,Hindustan Unilever
2025-04-08,2225.123779296875,HINDUNILVR.NS,Hindustan Unilever
2025-04-09,2284.172119140625,HINDUNILVR.NS,Hindustan Unilever
2025-04-11,2299.86962890625,HINDUNILVR.NS,Hindustan Unilever
2025-04-15,2295.35009765625,HINDUNILVR.NS,Hindustan Unilever
2025-04-16,2300.30712890625,HINDUNILVR.NS,Hindustan Unilever
2025-04-17,2308.4716796875,HINDUNILVR.NS,Hindustan Unilever
2025-04-21,2285.14404296875,HINDUNILVR.NS,Hindustan Unilever
2025-04-22,2331.508056640625,HINDUNILVR.NS,Hindustan Unilever
2025-04-23,2355.905029296875,HINDUNILVR.NS,Hindustan Unilever
2025-04-24,2260.163818359375,HINDUNILVR.NS,Hindustan Unilever
2025-04-25,2266.87060546875,HINDUNILVR.NS,Hindustan Unilever
2025-04-28,2253.65185546875,HINDUNILVR.NS,Hindustan Unilever
2025-04-29,2256.664794921875,HINDUNILVR.NS,Hindustan Unilever
2025-04-30,2276.49365234375,HINDUNILVR.NS,Hindustan Unilever
2025-05-02,2253.65185546875,HINDUNILVR.NS,Hindustan Unilever
2025-05-05,2282.8115234375,HINDUNILVR.NS,Hindustan Unilever
2025-05-06,2315.081298828125,HINDUNILVR.NS,Hindustan Unilever
2025-05-07,2304.389404296875,HINDUNILVR.NS,Hindustan Unilever
2025-05-08,2288.934814453125,HINDUNILVR.NS,Hindustan Unilever
2025-05-09,2267.551025390625,HINDUNILVR.NS,Hindustan Unilever
2025-05-12,2315.76171875,HINDUNILVR.NS,Hindustan Unilever
2025-05-13,2293.891845703125,HINDUNILVR.NS,Hindustan Unilever
2025-05-14,2284.657958984375,HINDUNILVR.NS,Hindustan Unilever
2025-05-15,2289.226318359375,HINDUNILVR.NS,Hindustan Unilever
2025-05-16,2314.6923828125,HINDUNILVR.NS,Hindustan Unilever
2025-05-19,2315.9560546875,HINDUNILVR.NS,Hindustan Unilever
2025-05-20,2275.521728515625,HINDUNILVR.NS,Hindustan Unilever
2025-05-21,2297.6826171875,HINDUNILVR.NS,Hindustan Unilever
2025-05-22,2265.41259765625,HINDUNILVR.NS,Hindustan Unilever
2025-05-23,2293.1142578125,HINDUNILVR.NS,Hindustan Unilever
2025-05-26,2327.036865234375,HINDUNILVR.NS,Hindustan Unilever
2025-05-27,2313.5263671875,HINDUNILVR.NS,Hindustan Unilever
2025-05-28,2295.8359375,HINDUNILVR.NS,Hindustan Unilever
2025-05-29,2300.404296875,HINDUNILVR.NS,Hindustan Unilever
2025-05-30,2282.519775390625,HINDUNILVR.NS,Hindustan Unilever
2025-06-02,2305.167236328125,HINDUNILVR.NS,Hindustan Unilever
2025-06-03,2286.40771484375,HINDUNILVR.NS,Hindustan Unilever
2025-06-04,2298.265869140625,HINDUNILVR.NS,Hindustan Unilever
2025-06-05,2309.83251953125,HINDUNILVR.NS,Hindustan Unilever
2025-06-06,2322.857421875,HINDUNILVR.NS,Hindustan Unilever
2025-06-09,2326.161865234375,HINDUNILVR.NS,Hindustan Unilever
2025-06-10,2328.10595703125,HINDUNILVR.NS,Hindustan Unilever
2025-06-11,2309.83251953125,HINDUNILVR.NS,Hindustan Unilever
2025-06-12,2267.3564453125,HINDUNILVR.NS,Hindustan Unilever
2025-06-13,2254.04052734375,HINDUNILVR.NS,Hindustan Unilever
2025-06-16,2262.204833984375,HINDUNILVR.NS,Hindustan Unilever
2025-06-17,2263.37158203125,HINDUNILVR.NS,Hindustan Unilever
2025-06-18,2232.9482421875,HINDUNILVR.NS,Hindustan Unilever
2025-06-19,2229.93505859375,HINDUNILVR.NS,Hindustan Unilever
2025-06-20,2241.59912109375,HINDUNILVR.NS,Hindustan Unilever
2025-06-23,2234.62548828125,HINDUNILVR.NS,Hindustan Unilever
2025-06-24,2222.839111328125,HINDUNILVR.NS,Hindustan Unilever
2025-06-25,2238.1611328125,HINDUNILVR.NS,Hindustan Unilever
2025-06-26,2240.223876953125,HINDUNILVR.NS,Hindustan Unilever
2025-06-27,2265.859375,HINDUNILVR.NS,Hindustan Unilever
2025-06-30,2253.778564453125,HINDUNILVR.NS,Hindustan Unilever
2025-07-01,2254.662353515625,HINDUNILVR.NS,Hindustan Unilever
2025-07-02,2266.05615234375,HINDUNILVR.NS,Hindustan Unilever
2025-07-03,2272.243896484375,HINDUNILVR.NS,Hindustan Unilever
2025-07-04,2297.68310546875,HINDUNILVR.NS,Hindustan Unilever
2025-07-07,2367.518310546875,HINDUNILVR.NS,Hindustan Unilever
2025-07-08,2350.133056640625,HINDUNILVR.NS,Hindustan Unilever
2025-07-09,2380.286865234375,HINDUNILVR.NS,Hindustan Unilever
2025-07-10,2365.553955078125,HINDUNILVR.NS,Hindustan Unilever
2025-07-11,2474.775634765625,HINDUNILVR.NS,Hindustan Unilever
2025-07-14,2471.8291015625,HINDUNILVR.NS,Hindustan Unilever
2025-07-15,2481.94580078125,HINDUNILVR.NS,Hindustan Unilever
2025-07-16,2472.811279296875,HINDUNILVR.NS,Hindustan Unilever
2025-07-17,2465.14990234375,HINDUNILVR.NS,Hindustan Unilever
2025-07-18,2445.309326171875,HINDUNILVR.NS,Hindustan Unilever
2025-07-21,2421.048828125,HINDUNILVR.NS,Hindustan Unilever
2025-07-22,2435.58544921875,HINDUNILVR.NS,Hindustan Unilever
2025-07-23,2406.806640625,HINDUNILVR.NS,Hindustan Unilever
2025-07-24,2394.430908203125,HINDUNILVR.NS,Hindustan Unilever
2025-07-25,2372.42919921875,HINDUNILVR.NS,Hindustan Unilever
2025-07-28,2398.163330078125,HINDUNILVR.NS,Hindustan Unilever
2025-07-29,2409.949951171875,HINDUNILVR.NS,Hindustan Unilever
2025-07-30,2394.037841796875,HINDUNILVR.NS,Hindustan Unilever
2025-07-31,2476.34716796875,HINDUNILVR.NS,Hindustan Unilever
2025-08-01,2508.26904296875,HINDUNILVR.NS,Hindustan Unilever
2025-08-04,2498.44677734375,HINDUNILVR.NS,Hindustan Unilever
2025-08-05,2489.60693359375,HINDUNILVR.NS,Hindustan Unilever
2025-08-06,2490.490966796875,HINDUNILVR.NS,Hindustan Unilever
2025-08-07,2472.712890625,HINDUNILVR.NS,Hindustan Unilever
2025-08-08,2454.1494140625,HINDUNILVR.NS,Hindustan Unilever
2025-08-11,2473.5966796875,HINDUNILVR.NS,Hindustan Unilever
2025-08-12,2439.612548828125,HINDUNILVR.NS,Hindustan Unilever
2025-08-13,2450.711669921875,HINDUNILVR.NS,Hindustan Unilever
2025-08-14,2436.469482421875,HINDUNILVR.NS,Hindustan Unilever
2025-08-18,2522.4130859375,HINDUNILVR.NS,Hindustan Unilever
2025-08-19,2558.4599609375,HINDUNILVR.NS,Hindustan Unilever
2025-08-20,2622.3037109375,HINDUNILVR.NS,Hindustan Unilever
2025-08-21,2600.891357421875,HINDUNILVR.NS,Hindustan Unilever
2025-08-22,2583.11328125,HINDUNILVR.NS,Hindustan Unilever
2025-08-25,2584.783203125,HINDUNILVR.NS,Hindustan Unilever
2025-08-26,2644.697998046875,HINDUNILVR.NS,Hindustan Unilever
2025-08-28,2607.177490234375,HINDUNILVR.NS,Hindustan Unilever
2025-08-29,2612.4814453125,HINDUNILVR.NS,Hindustan Unilever
2025-09-01,2602.36474609375,HINDUNILVR.NS,Hindustan Unilever
2025-09-02,2629.37548828125,HINDUNILVR.NS,Hindustan Unilever
2025-09-03,2617.294189453125,HINDUNILVR.NS,Hindustan Unilever
2025-09-04,2619.16064453125,HINDUNILVR.NS,Hindustan Unilever
2025-09-05,2586.55078125,HINDUNILVR.NS,Hindustan Unilever
2025-09-08,2577.219970703125,HINDUNILVR.NS,Hindustan Unilever
2025-09-09,2594.998046875,HINDUNILVR.NS,Hindustan Unilever
2025-09-10,2596.471435546875,HINDUNILVR.NS,Hindustan Unilever
2025-09-11,2575.35400390625,HINDUNILVR.NS,Hindustan Unilever
2025-09-12,2534.592041015625,HINDUNILVR.NS,Hindustan Unilever
2025-09-15,2535.083251953125,HINDUNILVR.NS,Hindustan Unilever
2025-09-16,2534.985107421875,HINDUNILVR.NS,Hindustan Unilever
2025-09-17,2523.984130859375,HINDUNILVR.NS,Hindustan Unilever
2025-09-18,2540.780029296875,HINDUNILVR.NS,Hindustan Unilever
2025-09-19,2514.06396484375,HINDUNILVR.NS,Hindustan Unilever
2025-09-22,2526.43994140625,HINDUNILVR.NS,Hindustan Unilever
2025-09-23,2477.329345703125,HINDUNILVR.NS,Hindustan Unilever
2025-09-24,2504.143798828125,HINDUNILVR.NS,Hindustan Unilever
2025-09-25,2493.14306640625,HINDUNILVR.NS,Hindustan Unilever
2025-09-26,2467.1142578125,HINDUNILVR.NS,Hindustan Unilever
2025-09-29,2453.46142578125,HINDUNILVR.NS,Hindustan Unilever
2025-09-30,2469.66796875,HINDUNILVR.NS,Hindustan Unilever
2025-10-01,2491.080322265625,HINDUNILVR.NS,Hindustan Unilever
2025-10-03,2499.62548828125,HINDUNILVR.NS,Hindustan Unilever
2025-10-06,2496.580810546875,HINDUNILVR.NS,Hindustan Unilever
2025-10-07,2472.418212890625,HINDUNILVR.NS,Hindustan Unilever
2025-10-08,2455.62255859375,HINDUNILVR.NS,Hindustan Unilever
2025-10-09,2472.811279296875,HINDUNILVR.NS,Hindustan Unilever
2025-10-10,2483.91015625,HINDUNILVR.NS,Hindustan Unilever
2025-10-13,2448.452392578125,HINDUNILVR.NS,Hindustan Unilever
2025-10-14,2457.783447265625,HINDUNILVR.NS,Hindustan Unilever
2025-10-15,2474.186279296875,HINDUNILVR.NS,Hindustan Unilever
2025-10-16,2515.93017578125,HINDUNILVR.NS,Hindustan Unilever
2025-10-17,2557.37939453125,HINDUNILVR.NS,Hindustan Unilever
2025-10-20,2548.24462890625,HINDUNILVR.NS,Hindustan Unilever
2025-10-21,2545.593017578125,HINDUNILVR.NS,Hindustan Unilever
2025-10-23,2555.31689453125,HINDUNILVR.NS,Hindustan Unilever
2025-10-24,2471.63232421875,HINDUNILVR.NS,Hindustan Unilever
2025-10-27,2467.1142578125,HINDUNILVR.NS,Hindustan Unilever
2025-10-28,2452.676025390625,HINDUNILVR.NS,Hindustan Unilever
2025-10-29,2443.8359375,HINDUNILVR.NS,Hindustan Unilever
2025-10-30,2425.6650390625,HINDUNILVR.NS,Hindustan Unilever
2025-10-31,2421.637939453125,HINDUNILVR.NS,Hindustan Unilever
2025-11-03,2416.23583984375,HINDUNILVR.NS,Hindustan Unilever
2025-11-04,2402.190185546875,HINDUNILVR.NS,Hindustan Unilever
2025-11-06,2392.662841796875,HINDUNILVR.NS,Hindustan Unilever
2025-11-07,2389.693115234375,HINDUNILVR.NS,Hindustan Unilever
2025-11-10,2384.54541015625,HINDUNILVR.NS,Hindustan Unilever
2025-11-11,2403.05712890625,HINDUNILVR.NS,Hindustan Unilever
2025-11-12,2400.08740234375,HINDUNILVR.NS,Hindustan Unilever
2025-11-13,2383.357666015625,HINDUNILVR.NS,Hindustan Unilever
2025-11-14,2403.255126953125,HINDUNILVR.NS,Hindustan Unilever
2025-11-17,2400.582275390625,HINDUNILVR.NS,Hindustan Unilever
2025-11-18,2379.793701171875,HINDUNILVR.NS,Hindustan Unilever
2025-11-19,2417.015380859375,HINDUNILVR.NS,Hindustan Unilever
2025-11-20,2403.947998046875,HINDUNILVR.NS,Hindustan Unilever
2025-11-21,2409.19482421875,HINDUNILVR.NS,Hindustan Unilever
2025-11-24,2399.790283203125,HINDUNILVR.NS,Hindustan Unilever
2025-11-25,2389.792236328125,HINDUNILVR.NS,Hindustan Unilever
2025-11-26,2400.7802734375,HINDUNILVR.NS,Hindustan Unilever
2025-11-27,2427.013427734375,HINDUNILVR.NS,Hindustan Unilever
2025-11-28,2441.763671875,HINDUNILVR.NS,Hindustan Unilever
2025-12-01,2439.6845703125,HINDUNILVR.NS,Hindustan Unilever
2025-12-02,2452.850830078125,HINDUNILVR.NS,Hindustan Unilever
2025-12-03,2423.350830078125,HINDUNILVR.NS,Hindustan Unilever
2025-12-04,2437.40771484375,HINDUNILVR.NS,Hindustan Unilever
2025-12-05,2315.052490234375,HINDUNILVR.NS,Hindustan Unilever
2025-12-08,2290.699951171875,HINDUNILVR.NS,Hindustan Unilever
2025-12-09,2283.275634765625,HINDUNILVR.NS,Hindustan Unilever
2025-12-10,2278.52392578125,HINDUNILVR.NS,Hindustan Unilever
2025-12-11,2282.384765625,HINDUNILVR.NS,Hindustan Unilever
2025-12-12,2237.837890625,HINDUNILVR.NS,Hindustan Unilever
2025-12-15,2270.406494140625,HINDUNILVR.NS,Hindustan Unilever
2025-12-16,2258.13134765625,HINDUNILVR.NS,Hindustan Unilever
2025-12-17,2252.686767578125,HINDUNILVR.NS,Hindustan Unilever
2025-12-18,2242.6884765625,HINDUNILVR.NS,Hindustan Unilever
2025-12-19,2257.04248046875,HINDUNILVR.NS,Hindustan Unilever
2025-12-22,2266.44677734375,HINDUNILVR.NS,Hindustan Unilever
2025-12-23,2279.414794921875,HINDUNILVR.NS,Hindustan Unilever
2025-12-24,2259.22021484375,HINDUNILVR.NS,Hindustan Unilever
2025-12-26,2262.387939453125,HINDUNILVR.NS,Hindustan Unilever
2025-12-29,2270.20849609375,HINDUNILVR.NS,Hindustan Unilever
2025-12-30,2267.1396484375,HINDUNILVR.NS,Hindustan Unilever
2025-12-31,2292.580810546875,HINDUNILVR.NS,Hindustan Unilever
2026-01-01,2299.609375,HINDUNILVR.NS,Hindustan Unilever
2026-01-02,2324.357666015625,HINDUNILVR.NS,Hindustan Unilever
2026-01-05,2360.09423828125,HINDUNILVR.NS,Hindustan Unilever
2026-01-06,2400.285400390625,HINDUNILVR.NS,Hindustan Unilever
2026-01-07,2375.239990234375,HINDUNILVR.NS,Hindustan Unilever
2026-01-08,2362.66796875,HINDUNILVR.NS,Hindustan Unilever
2026-01-09,2348.7099609375,HINDUNILVR.NS,Hindustan Unilever
2026-01-12,2381.9716796875,HINDUNILVR.NS,Hindustan Unilever
2026-01-13,2365.439697265625,HINDUNILVR.NS,Hindustan Unilever
2026-01-14,2329.80224609375,HINDUNILVR.NS,Hindustan Unilever
2026-01-15,2329.80224609375,HINDUNILVR.NS,Hindustan Unilever
2026-01-16,2336.6328125,HINDUNILVR.NS,Hindustan Unilever
2026-01-19,2389.593994140625,HINDUNILVR.NS,Hindustan Unilever
2026-01-20,2355.14453125,HINDUNILVR.NS,Hindustan Unilever
2026-01-21,2344.15625,HINDUNILVR.NS,Hindustan Unilever
2026-01-22,2366.52880859375,HINDUNILVR.NS,Hindustan Unilever
2026-01-23,2385.238525390625,HINDUNILVR.NS,Hindustan Unilever
2026-01-27,2376.724853515625,HINDUNILVR.NS,Hindustan Unilever
2026-01-28,2354.451416015625,HINDUNILVR.NS,Hindustan Unilever
2026-01-29,2328.911376953125,HINDUNILVR.NS,Hindustan Unilever
2026-01-30,2349.10595703125,HINDUNILVR.NS,Hindustan Unilever
2026-02-02,2333.56396484375,HINDUNILVR.NS,Hindustan Unilever
2026-02-03,2344.750244140625,HINDUNILVR.NS,Hindustan Unilever
2026-02-04,2347.1259765625,HINDUNILVR.NS,Hindustan Unilever
2026-02-05,2330.693115234375,HINDUNILVR.NS,Hindustan Unilever
2026-02-06,2399.790283203125,HINDUNILVR.NS,Hindustan Unilever
2026-02-09,2410.481689453125,HINDUNILVR.NS,Hindustan Unilever
2026-02-10,2428.89453125,HINDUNILVR.NS,Hindustan Unilever
2026-02-11,2438.1005859375,HINDUNILVR.NS,Hindustan Unilever
2026-02-12,2385.436279296875,HINDUNILVR.NS,Hindustan Unilever
2026-02-13,2281.988525390625,HINDUNILVR.NS,Hindustan Unilever
2026-02-16,2295.649658203125,HINDUNILVR.NS,Hindustan Unilever
2026-02-17,2289.01708984375,HINDUNILVR.NS,Hindustan Unilever
2026-02-18,2300.1044921875,HINDUNILVR.NS,Hindustan Unilever
2026-02-19,2256.349365234375,HINDUNILVR.NS,Hindustan Unilever
2026-02-20,2291.195068359375,HINDUNILVR.NS,Hindustan Unilever
2026-02-23,2321.78369140625,HINDUNILVR.NS,Hindustan Unilever
2026-02-24,2334.85107421875,HINDUNILVR.NS,Hindustan Unilever
2026-02-25,2350.98681640625,HINDUNILVR.NS,Hindustan Unilever
2026-02-26,2359.30224609375,HINDUNILVR.NS,Hindustan Unilever
2026-02-27,2314.557373046875,HINDUNILVR.NS,Hindustan Unilever
2026-03-02,2297.233642578125,HINDUNILVR.NS,Hindustan Unilever
2026-03-04,2238.53076171875,HINDUNILVR.NS,Hindustan Unilever
2026-03-05,2232.294189453125,HINDUNILVR.NS,Hindustan Unilever
2026-03-06,2203.2890625,HINDUNILVR.NS,Hindustan Unilever
2026-03-09,2172.50244140625,HINDUNILVR.NS,Hindustan Unilever
2026-03-10,2168.146484375,HINDUNILVR.NS,Hindustan Unilever
2026-03-11,2139.636474609375,HINDUNILVR.NS,Hindustan Unilever
2026-03-12,2115.383056640625,HINDUNILVR.NS,Hindustan Unilever
2026-03-13,2138.250732421875,HINDUNILVR.NS,Hindustan Unilever
2026-03-16,2153.79248046875,HINDUNILVR.NS,Hindustan Unilever
2026-03-17,2136.46875,HINDUNILVR.NS,Hindustan Unilever
2026-03-18,2113.79931640625,HINDUNILVR.NS,Hindustan Unilever
2026-03-19,2056.383544921875,HINDUNILVR.NS,Hindustan Unilever
2026-03-20,2061.72900390625,HINDUNILVR.NS,Hindustan Unilever
2026-03-23,2031.5361328125,HINDUNILVR.NS,Hindustan Unilever
2026-03-24,2064.005859375,HINDUNILVR.NS,Hindustan Unilever
2026-03-25,2113.304443359375,HINDUNILVR.NS,Hindustan Unilever
2026-03-27,2053.512451171875,HINDUNILVR.NS,Hindustan Unilever
2026-03-30,2034.505859375,HINDUNILVR.NS,Hindustan Unilever
2026-04-01,2043.91015625,HINDUNILVR.NS,Hindustan Unilever
2026-04-02,2044.5042724609375,HINDUNILVR.NS,Hindustan Unilever
2026-04-06,2063.807861328125,HINDUNILVR.NS,Hindustan Unilever
2026-04-07,2089.34814453125,HINDUNILVR.NS,Hindustan Unilever
2026-04-08,2123.995849609375,HINDUNILVR.NS,Hindustan Unilever
2026-04-09,2111.720458984375,HINDUNILVR.NS,Hindustan Unilever
2026-04-10,2133.59814453125,HINDUNILVR.NS,Hindustan Unilever
2026-04-13,2105.781005859375,HINDUNILVR.NS,Hindustan Unilever
2026-04-15,2135.875,HINDUNILVR.NS,Hindustan Unilever
2026-04-16,2117.561279296875,HINDUNILVR.NS,Hindustan Unilever
2026-04-17,2218.237060546875,HINDUNILVR.NS,Hindustan Unilever
2026-04-20,2209.03076171875,HINDUNILVR.NS,Hindustan Unilever
2026-04-21,2287.43310546875,HINDUNILVR.NS,Hindustan Unilever
2026-04-22,2344.9482421875,HINDUNILVR.NS,Hindustan Unilever
2026-04-23,2342.572265625,HINDUNILVR.NS,Hindustan Unilever
2026-04-24,2303.8662109375,HINDUNILVR.NS,Hindustan Unilever
2026-04-27,2304.856201171875,HINDUNILVR.NS,Hindustan Unilever
2026-04-28,2266.44677734375,HINDUNILVR.NS,Hindustan Unilever
2026-04-29,2291.095947265625,HINDUNILVR.NS,Hindustan Unilever
2026-04-30,2228.2353515625,HINDUNILVR.NS,Hindustan Unilever
2026-05-01,2228.2353515625,HINDUNILVR.NS,Hindustan Unilever
2026-05-04,2286.04736328125,HINDUNILVR.NS,Hindustan Unilever
2026-05-05,2303.965087890625,HINDUNILVR.NS,Hindustan Unilever
2026-05-06,2293.768798828125,HINDUNILVR.NS,Hindustan Unilever
2026-05-07,2249.32080078125,HINDUNILVR.NS,Hindustan Unilever
2026-05-08,2264.664794921875,HINDUNILVR.NS,Hindustan Unilever
2026-05-11,2283.968505859375,HINDUNILVR.NS,Hindustan Unilever
2026-05-12,2239.2236328125,HINDUNILVR.NS,Hindustan Unilever
2026-05-13,2244.47021484375,HINDUNILVR.NS,Hindustan Unilever
2026-05-14,2226.057373046875,HINDUNILVR.NS,Hindustan Unilever
2026-05-15,2249.32080078125,HINDUNILVR.NS,Hindustan Unilever
2026-05-18,2231.502197265625,HINDUNILVR.NS,Hindustan Unilever
2026-05-19,2210.41650390625,HINDUNILVR.NS,Hindustan Unilever
2026-05-20,2187.05419921875,HINDUNILVR.NS,Hindustan Unilever
2026-05-21,2157.059326171875,HINDUNILVR.NS,Hindustan Unilever
2026-05-22,2181.411865234375,HINDUNILVR.NS,Hindustan Unilever
2026-05-25,2174.383056640625,HINDUNILVR.NS,Hindustan Unilever
2026-05-26,2187.153076171875,HINDUNILVR.NS,Hindustan Unilever
2026-05-27,2176.263916015625,HINDUNILVR.NS,Hindustan Unilever
2026-05-28,2176.263916015625,HINDUNILVR.NS,Hindustan Unilever
2026-05-29,2131.816162109375,HINDUNILVR.NS,Hindustan Unilever
2026-06-01,2063.31298828125,HINDUNILVR.NS,Hindustan Unilever
2026-06-02,2072.6181640625,HINDUNILVR.NS,Hindustan Unilever
2026-06-03,2069.549560546875,HINDUNILVR.NS,Hindustan Unilever
2026-06-04,2058.462158203125,HINDUNILVR.NS,Hindustan Unilever
2026-06-05,2100.138427734375,HINDUNILVR.NS,Hindustan Unilever
2026-06-08,2088.853271484375,HINDUNILVR.NS,Hindustan Unilever
2026-06-09,2111.32470703125,HINDUNILVR.NS,Hindustan Unilever
2026-06-10,2147.655029296875,HINDUNILVR.NS,Hindustan Unilever
2026-06-11,2118.254150390625,HINDUNILVR.NS,Hindustan Unilever
2026-06-12,2146.962158203125,HINDUNILVR.NS,Hindustan Unilever
2026-06-15,2134.39013671875,HINDUNILVR.NS,Hindustan Unilever
2026-06-16,2177.748779296875,HINDUNILVR.NS,Hindustan Unilever
2026-06-17,2175.47216796875,HINDUNILVR.NS,Hindustan Unilever
2026-06-18,2196.16162109375,HINDUNILVR.NS,Hindustan Unilever
2026-06-19,2172.50244140625,HINDUNILVR.NS,Hindustan Unilever
2026-06-22,2162.89990234375,HINDUNILVR.NS,Hindustan Unilever
2026-06-23,2160.10009765625,HINDUNILVR.NS,Hindustan Unilever
2026-06-24,2157.800048828125,HINDUNILVR.NS,Hindustan Unilever
2026-06-25,2174.199951171875,HINDUNILVR.NS,Hindustan Unilever
2026-06-26,2174.199951171875,HINDUNILVR.NS,Hindustan Unilever
2026-06-29,2151.300048828125,HINDUNILVR.NS,Hindustan Unilever
2026-06-30,2118.199951171875,HINDUNILVR.NS,Hindustan Unilever
2026-07-01,2182.0,HINDUNILVR.NS,Hindustan Unilever
2026-07-02,2210.60009765625,HINDUNILVR.NS,Hindustan Unilever
2026-07-03,2201.199951171875,HINDUNILVR.NS,Hindustan Unilever
2026-07-06,2202.0,HINDUNILVR.NS,Hindustan Unilever
2026-07-07,2208.800048828125,HINDUNILVR.NS,Hindustan Unilever
2026-07-08,2135.800048828125,HINDUNILVR.NS,Hindustan Unilever
2026-07-09,2144.5,HINDUNILVR.NS,Hindustan Unilever
2026-07-10,2150.60009765625,HINDUNILVR.NS,Hindustan Unilever
2026-07-13,2130.60009765625,HINDUNILVR.NS,Hindustan Unilever
2026-07-14,2120.199951171875,HINDUNILVR.NS,Hindustan Unilever
2026-07-15,2102.60009765625,HINDUNILVR.NS,Hindustan Unilever
2026-07-16,2098.39990234375,HINDUNILVR.NS,Hindustan Unilever
2026-07-17,2143.800048828125,HINDUNILVR.NS,Hindustan Unilever
2026-07-20,2139.699951171875,HINDUNILVR.NS,Hindustan Unilever
2026-07-21,2142.5,HINDUNILVR.NS,Hindustan Unilever
2026-07-22,2154.60009765625,HINDUNILVR.NS,Hindustan Unilever
2026-07-23,2161.800048828125,HINDUNILVR.NS,Hindustan Unilever
2026-07-24,2145.0,HINDUNILVR.NS,Hindustan Unilever
2026-07-27,2174.60009765625,HINDUNILVR.NS,Hindustan Unilever
2026-07-28,2022.699951171875,HINDUNILVR.NS,Hindustan Unilever
2026-07-29,2117.800048828125,HINDUNILVR.NS,Hindustan Unilever
2026-07-30,2107.89990234375,HINDUNILVR.NS,Hindustan Unilever
2026-07-31,2101.300048828125,HINDUNILVR.NS,Hindustan Unilever
2026-08-03,2138.0,HINDUNILVR.NS,Hindustan Unilever
2026-08-04,2096.5,HINDUNILVR.NS,Hindustan Unilever
2026-08-05,2085.300048828125,HINDUNILVR.NS,Hindustan Unilever
2026-08-06,2079.5,HINDUNILVR.NS,Hindustan Unilever
2026-08-07,2096.0,HINDUNILVR.NS,Hindustan Unilever
2026-08-10,2087.199951171875,HINDUNILVR.NS,Hindustan Unilever
2026-08-11,2064.89990234375,HINDUNILVR.NS,Hindustan Unilever
2026-08-12,2063.0,HINDUNILVR.NS,Hindustan Unilever
2026-08-13,2092.0,HINDUNILVR.NS,Hindustan Unilever
2026-08-14,2077.0,HINDUNILVR.NS,Hindustan Unilever
2026-08-17,2055.0,HINDUNILVR.NS,Hindustan Unilever
2026-08-18,,HINDUNILVR.NS,Hindustan Unilever
2021-08-18,638.1489868164062,BAJFINANCE.NS,Bajaj Finance
2021-08-20,649.5582885742188,BAJFINANCE.NS,Bajaj Finance
2021-08-23,658.4419555664062,BAJFINANCE.NS,Bajaj Finance
2021-08-24,680.6657104492188,BAJFINANCE.NS,Bajaj Finance
2021-08-25,677.2379760742188,BAJFINANCE.NS,Bajaj Finance
2021-08-26,675.9703979492188,BAJFINANCE.NS,Bajaj Finance
2021-08-27,679.3492431640625,BAJFINANCE.NS,Bajaj Finance
2021-08-30,698.7449340820312,BAJFINANCE.NS,Bajaj Finance
2021-08-31,733.7529296875,BAJFINANCE.NS,Bajaj Finance
2021-09-01,733.2750854492188,BAJFINANCE.NS,Bajaj Finance
2021-09-02,731.212646484375,BAJFINANCE.NS,Bajaj Finance
2021-09-03,733.6456909179688,BAJFINANCE.NS,Bajaj Finance
2021-09-06,731.9830932617188,BAJFINANCE.NS,Bajaj Finance
2021-09-07,727.1998901367188,BAJFINANCE.NS,Bajaj Finance
2021-09-08,727.7752685546875,BAJFINANCE.NS,Bajaj Finance
2021-09-09,724.6011352539062,BAJFINANCE.NS,Bajaj Finance
2021-09-13,726.0540161132812,BAJFINANCE.NS,Bajaj Finance
2021-09-14,723.3236694335938,BAJFINANCE.NS,Bajaj Finance
2021-09-15,722.9920654296875,BAJFINANCE.NS,Bajaj Finance
2021-09-16,722.7337646484375,BAJFINANCE.NS,Bajaj Finance
2021-09-17,724.4207763671875,BAJFINANCE.NS,Bajaj Finance
2021-09-20,725.7517700195312,BAJFINANCE.NS,Bajaj Finance
2021-09-21,761.968994140625,BAJFINANCE.NS,Bajaj Finance
2021-09-22,759.9991455078125,BAJFINANCE.NS,Bajaj Finance
2021-09-23,770.2772827148438,BAJFINANCE.NS,Bajaj Finance
2021-09-24,759.974853515625,BAJFINANCE.NS,Bajaj Finance
2021-09-27,760.1746215820312,BAJFINANCE.NS,Bajaj Finance
2021-09-28,735.586181640625,BAJFINANCE.NS,Bajaj Finance
2021-09-29,732.865478515625,BAJFINANCE.NS,Bajaj Finance
2021-09-30,747.7560424804688,BAJFINANCE.NS,Bajaj Finance
2021-10-01,733.5823364257812,BAJFINANCE.NS,Bajaj Finance
2021-10-04,750.3841552734375,BAJFINANCE.NS,Bajaj Finance
2021-10-05,753.2266845703125,BAJFINANCE.NS,Bajaj Finance
2021-10-06,754.2944946289062,BAJFINANCE.NS,Bajaj Finance
2021-10-07,755.537841796875,BAJFINANCE.NS,Bajaj Finance
2021-10-08,754.0068359375,BAJFINANCE.NS,Bajaj Finance
2021-10-11,762.2859497070312,BAJFINANCE.NS,Bajaj Finance
2021-10-12,766.0548095703125,BAJFINANCE.NS,Bajaj Finance
2021-10-13,773.2271118164062,BAJFINANCE.NS,Bajaj Finance
2021-10-14,766.751953125,BAJFINANCE.NS,Bajaj Finance
2021-10-18,767.0104370117188,BAJFINANCE.NS,Bajaj Finance
2021-10-19,754.6991577148438,BAJFINANCE.NS,Bajaj Finance
2021-10-20,756.8494873046875,BAJFINANCE.NS,Bajaj Finance
2021-10-21,754.504150390625,BAJFINANCE.NS,Bajaj Finance
2021-10-22,751.8615112304688,BAJFINANCE.NS,Bajaj Finance
2021-10-25,745.6643676757812,BAJFINANCE.NS,Bajaj Finance
2021-10-26,766.0450439453125,BAJFINANCE.NS,Bajaj Finance
2021-10-27,729.6232299804688,BAJFINANCE.NS,Bajaj Finance
2021-10-28,729.8279418945312,BAJFINANCE.NS,Bajaj Finance
2021-10-29,721.6318359375,BAJFINANCE.NS,Bajaj Finance
2021-11-01,722.9725952148438,BAJFINANCE.NS,Bajaj Finance
2021-11-02,727.0097045898438,BAJFINANCE.NS,Bajaj Finance
2021-11-03,732.9484252929688,BAJFINANCE.NS,Bajaj Finance
2021-11-04,733.8114624023438,BAJFINANCE.NS,Bajaj Finance
2021-11-08,748.2973022460938,BAJFINANCE.NS,Bajaj Finance
2021-11-09,738.9212646484375,BAJFINANCE.NS,Bajaj Finance
2021-11-10,739.3064575195312,BAJFINANCE.NS,Bajaj Finance
2021-11-11,726.7513427734375,BAJFINANCE.NS,Bajaj Finance
2021-11-12,739.0772705078125,BAJFINANCE.NS,Bajaj Finance
2021-11-15,734.7036743164062,BAJFINANCE.NS,Bajaj Finance
2021-11-16,736.79541015625,BAJFINANCE.NS,Bajaj Finance
2021-11-17,741.861328125,BAJFINANCE.NS,Bajaj Finance
2021-11-18,729.8961791992188,BAJFINANCE.NS,Bajaj Finance
2021-11-22,688.2913208007812,BAJFINANCE.NS,Bajaj Finance
2021-11-23,693.7521362304688,BAJFINANCE.NS,Bajaj Finance
2021-11-24,699.8955688476562,BAJFINANCE.NS,Bajaj Finance
2021-11-25,694.8736572265625,BAJFINANCE.NS,Bajaj Finance
2021-11-26,663.7906494140625,BAJFINANCE.NS,Bajaj Finance
2021-11-29,673.4154052734375,BAJFINANCE.NS,Bajaj Finance
2021-11-30,682.3380126953125,BAJFINANCE.NS,Bajaj Finance
2021-12-01,686.3800659179688,BAJFINANCE.NS,Bajaj Finance
2021-12-02,700.2076416015625,BAJFINANCE.NS,Bajaj Finance
2021-12-03,689.359130859375,BAJFINANCE.NS,Bajaj Finance
2021-12-06,677.901123046875,BAJFINANCE.NS,Bajaj Finance
2021-12-07,692.6649169921875,BAJFINANCE.NS,Bajaj Finance
2021-12-08,717.85791015625,BAJFINANCE.NS,Bajaj Finance
2021-12-09,725.5421752929688,BAJFINANCE.NS,Bajaj Finance
2021-12-10,726.7318725585938,BAJFINANCE.NS,Bajaj Finance
2021-12-13,703.937744140625,BAJFINANCE.NS,Bajaj Finance
2021-12-14,689.0325317382812,BAJFINANCE.NS,Bajaj Finance
2021-12-15,667.7107543945312,BAJFINANCE.NS,Bajaj Finance
2021-12-16,685.4194946289062,BAJFINANCE.NS,Bajaj Finance
2021-12-17,672.9619750976562,BAJFINANCE.NS,Bajaj Finance
2021-12-20,646.9302978515625,BAJFINANCE.NS,Bajaj Finance
2021-12-21,641.410888671875,BAJFINANCE.NS,Bajaj Finance
2021-12-22,660.2947387695312,BAJFINANCE.NS,Bajaj Finance
2021-12-23,674.5856323242188,BAJFINANCE.NS,Bajaj Finance
2021-12-24,668.1739501953125,BAJFINANCE.NS,Bajaj Finance
2021-12-27,671.9526977539062,BAJFINANCE.NS,Bajaj Finance
2021-12-28,673.5031127929688,BAJFINANCE.NS,Bajaj Finance
2021-12-29,673.9907836914062,BAJFINANCE.NS,Bajaj Finance
2021-12-30,670.0365600585938,BAJFINANCE.NS,Bajaj Finance
2021-12-31,680.3926391601562,BAJFINANCE.NS,Bajaj Finance
2022-01-03,704.0206298828125,BAJFINANCE.NS,Bajaj Finance
2022-01-04,716.0538940429688,BAJFINANCE.NS,Bajaj Finance
2022-01-05,748.0194702148438,BAJFINANCE.NS,Bajaj Finance
2022-01-06,755.5719604492188,BAJFINANCE.NS,Bajaj Finance
2022-01-07,746.90283203125,BAJFINANCE.NS,Bajaj Finance
2022-01-10,753.9190673828125,BAJFINANCE.NS,Bajaj Finance
2022-01-11,747.9267578125,BAJFINANCE.NS,Bajaj Finance
2022-01-12,758.1317138671875,BAJFINANCE.NS,Bajaj Finance
2022-01-13,761.4326171875,BAJFINANCE.NS,Bajaj Finance
2022-01-14,763.75830078125,BAJFINANCE.NS,Bajaj Finance
2022-01-17,765.7476196289062,BAJFINANCE.NS,Bajaj Finance
2022-01-18,755.1575317382812,BAJFINANCE.NS,Bajaj Finance
2022-01-19,738.3653564453125,BAJFINANCE.NS,Bajaj Finance
2022-01-20,734.3136596679688,BAJFINANCE.NS,Bajaj Finance
2022-01-21,719.052490234375,BAJFINANCE.NS,Bajaj Finance
2022-01-24,675.9507446289062,BAJFINANCE.NS,Bajaj Finance
2022-01-25,679.0712280273438,BAJFINANCE.NS,Bajaj Finance
2022-01-27,666.7113037109375,BAJFINANCE.NS,Bajaj Finance
2022-01-28,669.6610107421875,BAJFINANCE.NS,Bajaj Finance
2022-01-31,682.6306762695312,BAJFINANCE.NS,Bajaj Finance
2022-02-01,684.030029296875,BAJFINANCE.NS,Bajaj Finance
2022-02-02,706.7363891601562,BAJFINANCE.NS,Bajaj Finance
2022-02-03,693.396240234375,BAJFINANCE.NS,Bajaj Finance
2022-02-04,698.0526733398438,BAJFINANCE.NS,Bajaj Finance
2022-02-07,675.838623046875,BAJFINANCE.NS,Bajaj Finance
2022-02-08,687.969482421875,BAJFINANCE.NS,Bajaj Finance
2022-02-09,694.049560546875,BAJFINANCE.NS,Bajaj Finance
2022-02-10,695.9657592773438,BAJFINANCE.NS,Bajaj Finance
2022-02-11,683.7373657226562,BAJFINANCE.NS,Bajaj Finance
2022-02-14,661.7330932617188,BAJFINANCE.NS,Bajaj Finance
2022-02-15,696.458251953125,BAJFINANCE.NS,Bajaj Finance
2022-02-16,689.2957153320312,BAJFINANCE.NS,Bajaj Finance
2022-02-17,690.6464233398438,BAJFINANCE.NS,Bajaj Finance
2022-02-18,685.5414428710938,BAJFINANCE.NS,Bajaj Finance
2022-02-21,683.2255249023438,BAJFINANCE.NS,Bajaj Finance
2022-02-22,683.7130126953125,BAJFINANCE.NS,Bajaj Finance
2022-02-23,686.9505004882812,BAJFINANCE.NS,Bajaj Finance
2022-02-24,646.3110961914062,BAJFINANCE.NS,Bajaj Finance
2022-02-25,679.6221923828125,BAJFINANCE.NS,Bajaj Finance
2022-02-28,682.83056640625,BAJFINANCE.NS,Bajaj Finance
2022-03-02,666.1796875,BAJFINANCE.NS,Bajaj Finance
2022-03-03,658.0664672851562,BAJFINANCE.NS,Bajaj Finance
2022-03-04,637.5444946289062,BAJFINANCE.NS,Bajaj Finance
2022-03-07,597.280517578125,BAJFINANCE.NS,Bajaj Finance
2022-03-08,600.8738403320312,BAJFINANCE.NS,Bajaj Finance
2022-03-09,631.1669921875,BAJFINANCE.NS,Bajaj Finance
2022-03-10,642.127685546875,BAJFINANCE.NS,Bajaj Finance
2022-03-11,646.3305053710938,BAJFINANCE.NS,Bajaj Finance
2022-03-14,649.9824829101562,BAJFINANCE.NS,Bajaj Finance
2022-03-15,650.0899047851562,BAJFINANCE.NS,Bajaj Finance
2022-03-16,667.0623168945312,BAJFINANCE.NS,Bajaj Finance
2022-03-17,682.0601806640625,BAJFINANCE.NS,Bajaj Finance
2022-03-21,669.9682006835938,BAJFINANCE.NS,Bajaj Finance
2022-03-22,681.2214965820312,BAJFINANCE.NS,Bajaj Finance
2022-03-23,683.0742797851562,BAJFINANCE.NS,Bajaj Finance
2022-03-24,682.3673095703125,BAJFINANCE.NS,Bajaj Finance
2022-03-25,680.02197265625,BAJFINANCE.NS,Bajaj Finance
2022-03-28,682.7427978515625,BAJFINANCE.NS,Bajaj Finance
2022-03-29,686.4434814453125,BAJFINANCE.NS,Bajaj Finance
2022-03-30,707.1654663085938,BAJFINANCE.NS,Bajaj Finance
2022-03-31,707.9552612304688,BAJFINANCE.NS,Bajaj Finance
2022-04-01,722.4021606445312,BAJFINANCE.NS,Bajaj Finance
2022-04-04,730.4519653320312,BAJFINANCE.NS,Bajaj Finance
2022-04-05,720.4859619140625,BAJFINANCE.NS,Bajaj Finance
2022-04-06,716.4390869140625,BAJFINANCE.NS,Bajaj Finance
2022-04-07,710.9051513671875,BAJFINANCE.NS,Bajaj Finance
2022-04-08,718.3552856445312,BAJFINANCE.NS,Bajaj Finance
2022-04-11,715.4346923828125,BAJFINANCE.NS,Bajaj Finance
2022-04-12,709.3741455078125,BAJFINANCE.NS,Bajaj Finance
2022-04-13,714.6350708007812,BAJFINANCE.NS,Bajaj Finance
2022-04-18,708.1016235351562,BAJFINANCE.NS,Bajaj Finance
2022-04-19,707.9163208007812,BAJFINANCE.NS,Bajaj Finance
2022-04-20,685.7754516601562,BAJFINANCE.NS,Bajaj Finance
2022-04-21,696.0731201171875,BAJFINANCE.NS,Bajaj Finance
2022-04-22,693.4060668945312,BAJFINANCE.NS,Bajaj Finance
2022-04-25,683.142578125,BAJFINANCE.NS,Bajaj Finance
2022-04-26,706.0634155273438,BAJFINANCE.NS,Bajaj Finance
2022-04-27,654.7266845703125,BAJFINANCE.NS,Bajaj Finance
2022-04-28,656.0479736328125,BAJFINANCE.NS,Bajaj Finance
2022-04-29,650.6016845703125,BAJFINANCE.NS,Bajaj Finance
2022-05-02,646.1500854492188,BAJFINANCE.NS,Bajaj Finance
2022-05-04,618.2218627929688,BAJFINANCE.NS,Bajaj Finance
2022-05-05,615.26708984375,BAJFINANCE.NS,Bajaj Finance
2022-05-06,585.120361328125,BAJFINANCE.NS,Bajaj Finance
2022-05-09,588.6942138671875,BAJFINANCE.NS,Bajaj Finance
2022-05-10,578.11376953125,BAJFINANCE.NS,Bajaj Finance
2022-05-11,566.2706298828125,BAJFINANCE.NS,Bajaj Finance
2022-05-12,545.44140625,BAJFINANCE.NS,Bajaj Finance
2022-05-13,537.8692626953125,BAJFINANCE.NS,Bajaj Finance
2022-05-16,550.5120849609375,BAJFINANCE.NS,Bajaj Finance
2022-05-17,569.225341796875,BAJFINANCE.NS,Bajaj Finance
2022-05-18,567.0701904296875,BAJFINANCE.NS,Bajaj Finance
2022-05-19,556.5191650390625,BAJFINANCE.NS,Bajaj Finance
2022-05-20,562.62353515625,BAJFINANCE.NS,Bajaj Finance
2022-05-23,565.0029907226562,BAJFINANCE.NS,Bajaj Finance
2022-05-24,565.470947265625,BAJFINANCE.NS,Bajaj Finance
2022-05-25,568.2599487304688,BAJFINANCE.NS,Bajaj Finance
2022-05-26,567.3238525390625,BAJFINANCE.NS,Bajaj Finance
2022-05-27,584.4572143554688,BAJFINANCE.NS,Bajaj Finance
2022-05-30,595.934814453125,BAJFINANCE.NS,Bajaj Finance
2022-05-31,593.1019897460938,BAJFINANCE.NS,Bajaj Finance
2022-06-01,586.080810546875,BAJFINANCE.NS,Bajaj Finance
2022-06-02,590.7322387695312,BAJFINANCE.NS,Bajaj Finance
2022-06-03,587.8410034179688,BAJFINANCE.NS,Bajaj Finance
2022-06-06,587.1388549804688,BAJFINANCE.NS,Bajaj Finance
2022-06-07,573.2527465820312,BAJFINANCE.NS,Bajaj Finance
2022-06-08,580.6345825195312,BAJFINANCE.NS,Bajaj Finance
2022-06-09,575.1981201171875,BAJFINANCE.NS,Bajaj Finance
2022-06-10,552.6672973632812,BAJFINANCE.NS,Bajaj Finance
2022-06-13,522.5106811523438,BAJFINANCE.NS,Bajaj Finance
2022-06-14,524.2171630859375,BAJFINANCE.NS,Bajaj Finance
2022-06-15,534.8659057617188,BAJFINANCE.NS,Bajaj Finance
2022-06-16,515.260498046875,BAJFINANCE.NS,Bajaj Finance
2022-06-17,528.4883422851562,BAJFINANCE.NS,Bajaj Finance
2022-06-20,533.4518432617188,BAJFINANCE.NS,Bajaj Finance
2022-06-21,541.126220703125,BAJFINANCE.NS,Bajaj Finance
2022-06-22,530.4436645507812,BAJFINANCE.NS,Bajaj Finance
2022-06-23,531.27734375,BAJFINANCE.NS,Bajaj Finance
2022-06-24,544.8904418945312,BAJFINANCE.NS,Bajaj Finance
2022-06-27,550.1026000976562,BAJFINANCE.NS,Bajaj Finance
2022-06-28,543.7689819335938,BAJFINANCE.NS,Bajaj Finance
2022-06-29,537.5817260742188,BAJFINANCE.NS,Bajaj Finance
2022-06-30,528.5481567382812,BAJFINANCE.NS,Bajaj Finance
2022-07-01,549.4826049804688,BAJFINANCE.NS,Bajaj Finance
2022-07-04,551.0387573242188,BAJFINANCE.NS,Bajaj Finance
2022-07-05,554.05322265625,BAJFINANCE.NS,Bajaj Finance
2022-07-06,579.06884765625,BAJFINANCE.NS,Bajaj Finance
2022-07-07,573.5880737304688,BAJFINANCE.NS,Bajaj Finance
2022-07-08,574.8114624023438,BAJFINANCE.NS,Bajaj Finance
2022-07-11,573.6664428710938,BAJFINANCE.NS,Bajaj Finance
2022-07-12,574.845703125,BAJFINANCE.NS,Bajaj Finance
2022-07-13,575.369384765625,BAJFINANCE.NS,Bajaj Finance
2022-07-14,570.6666870117188,BAJFINANCE.NS,Bajaj Finance
2022-07-15,578.922119140625,BAJFINANCE.NS,Bajaj Finance
2022-07-18,593.0740356445312,BAJFINANCE.NS,Bajaj Finance
2022-07-19,593.6758422851562,BAJFINANCE.NS,Bajaj Finance
2022-07-20,594.5029907226562,BAJFINANCE.NS,Bajaj Finance
2022-07-21,613.3429565429688,BAJFINANCE.NS,Bajaj Finance
2022-07-22,612.4963989257812,BAJFINANCE.NS,Bajaj Finance
2022-07-25,609.4379272460938,BAJFINANCE.NS,Bajaj Finance
2022-07-26,613.1032104492188,BAJFINANCE.NS,Bajaj Finance
2022-07-27,626.0123291015625,BAJFINANCE.NS,Bajaj Finance
2022-07-28,692.5885009765625,BAJFINANCE.NS,Bajaj Finance
2022-07-29,705.5563354492188,BAJFINANCE.NS,Bajaj Finance
2022-08-01,710.6358032226562,BAJFINANCE.NS,Bajaj Finance
2022-08-02,718.5535278320312,BAJFINANCE.NS,Bajaj Finance
2022-08-03,714.0953979492188,BAJFINANCE.NS,Bajaj Finance
2022-08-04,716.0822143554688,BAJFINANCE.NS,Bajaj Finance
2022-08-05,714.9127197265625,BAJFINANCE.NS,Bajaj Finance
2022-08-08,718.5828247070312,BAJFINANCE.NS,Bajaj Finance
2022-08-10,699.7134399414062,BAJFINANCE.NS,Bajaj Finance
2022-08-11,716.307373046875,BAJFINANCE.NS,Bajaj Finance
2022-08-12,715.3727416992188,BAJFINANCE.NS,Bajaj Finance
2022-08-16,713.09228515625,BAJFINANCE.NS,Bajaj Finance
2022-08-17,736.6791381835938,BAJFINANCE.NS,Bajaj Finance
2022-08-18,732.8768310546875,BAJFINANCE.NS,Bajaj Finance
2022-08-19,714.6190795898438,BAJFINANCE.NS,Bajaj Finance
2022-08-22,695.0939331054688,BAJFINANCE.NS,Bajaj Finance
2022-08-23,705.4193725585938,BAJFINANCE.NS,Bajaj Finance
2022-08-24,702.4048461914062,BAJFINANCE.NS,Bajaj Finance
2022-08-25,689.706298828125,BAJFINANCE.NS,Bajaj Finance
2022-08-26,691.1694946289062,BAJFINANCE.NS,Bajaj Finance
2022-08-29,681.6026000976562,BAJFINANCE.NS,Bajaj Finance
2022-08-30,715.0643920898438,BAJFINANCE.NS,Bajaj Finance
2022-09-01,702.8355712890625,BAJFINANCE.NS,Bajaj Finance
2022-09-02,703.7212524414062,BAJFINANCE.NS,Bajaj Finance
2022-09-05,704.2938232421875,BAJFINANCE.NS,Bajaj Finance
2022-09-06,696.7724609375,BAJFINANCE.NS,Bajaj Finance
2022-09-07,701.3870849609375,BAJFINANCE.NS,Bajaj Finance
2022-09-08,710.307861328125,BAJFINANCE.NS,Bajaj Finance
2022-09-09,702.79638671875,BAJFINANCE.NS,Bajaj Finance
2022-09-12,713.1705932617188,BAJFINANCE.NS,Bajaj Finance
2022-09-13,724.577392578125,BAJFINANCE.NS,Bajaj Finance
2022-09-14,732.406982421875,BAJFINANCE.NS,Bajaj Finance
2022-09-15,722.89892578125,BAJFINANCE.NS,Bajaj Finance
2022-09-16,711.9179077148438,BAJFINANCE.NS,Bajaj Finance
2022-09-19,733.64501953125,BAJFINANCE.NS,Bajaj Finance
2022-09-20,747.2784423828125,BAJFINANCE.NS,Bajaj Finance
2022-09-21,752.6857299804688,BAJFINANCE.NS,Bajaj Finance
2022-09-22,755.5142211914062,BAJFINANCE.NS,Bajaj Finance
2022-09-23,734.7265625,BAJFINANCE.NS,Bajaj Finance
2022-09-26,710.4889526367188,BAJFINANCE.NS,Bajaj Finance
2022-09-27,708.859375,BAJFINANCE.NS,Bajaj Finance
2022-09-28,704.910400390625,BAJFINANCE.NS,Bajaj Finance
2022-09-29,695.3435668945312,BAJFINANCE.NS,Bajaj Finance
2022-09-30,717.95166015625,BAJFINANCE.NS,Bajaj Finance
2022-10-03,701.90576171875,BAJFINANCE.NS,Bajaj Finance
2022-10-04,732.9208374023438,BAJFINANCE.NS,Bajaj Finance
2022-10-06,724.6458740234375,BAJFINANCE.NS,Bajaj Finance
2022-10-07,718.8715209960938,BAJFINANCE.NS,Bajaj Finance
2022-10-10,713.806884765625,BAJFINANCE.NS,Bajaj Finance
2022-10-11,704.9397583007812,BAJFINANCE.NS,Bajaj Finance
2022-10-12,707.2299194335938,BAJFINANCE.NS,Bajaj Finance
2022-10-13,699.9337158203125,BAJFINANCE.NS,Bajaj Finance
2022-10-14,711.7613525390625,BAJFINANCE.NS,Bajaj Finance
2022-10-17,719.8551635742188,BAJFINANCE.NS,Bajaj Finance
2022-10-18,723.3002319335938,BAJFINANCE.NS,Bajaj Finance
2022-10-19,722.321533203125,BAJFINANCE.NS,Bajaj Finance
2022-10-20,727.4107055664062,BAJFINANCE.NS,Bajaj Finance
2022-10-21,703.9561157226562,BAJFINANCE.NS,Bajaj Finance
2022-10-24,705.3018798828125,BAJFINANCE.NS,Bajaj Finance
2022-10-25,695.1624755859375,BAJFINANCE.NS,Bajaj Finance
2022-10-27,682.26318359375,BAJFINANCE.NS,Bajaj Finance
2022-10-28,685.7620849609375,BAJFINANCE.NS,Bajaj Finance
2022-10-31,699.1946411132812,BAJFINANCE.NS,Bajaj Finance
2022-11-01,705.595458984375,BAJFINANCE.NS,Bajaj Finance
2022-11-02,700.3789672851562,BAJFINANCE.NS,Bajaj Finance
2022-11-03,696.99267578125,BAJFINANCE.NS,Bajaj Finance
2022-11-04,705.8401489257812,BAJFINANCE.NS,Bajaj Finance
2022-11-07,703.69189453125,BAJFINANCE.NS,Bajaj Finance
2022-11-09,699.1849365234375,BAJFINANCE.NS,Bajaj Finance
2022-11-10,682.65478515625,BAJFINANCE.NS,Bajaj Finance
2022-11-11,690.1271362304688,BAJFINANCE.NS,Bajaj Finance
2022-11-14,687.61669921875,BAJFINANCE.NS,Bajaj Finance
2022-11-15,687.61181640625,BAJFINANCE.NS,Bajaj Finance
2022-11-16,674.8201293945312,BAJFINANCE.NS,Bajaj Finance
2022-11-17,674.8201293945312,BAJFINANCE.NS,Bajaj Finance
2022-11-18,664.6857299804688,BAJFINANCE.NS,Bajaj Finance
2022-11-21,653.68505859375,BAJFINANCE.NS,Bajaj Finance
2022-11-22,654.2673950195312,BAJFINANCE.NS,Bajaj Finance
2022-11-23,663.5651245117188,BAJFINANCE.NS,Bajaj Finance
2022-11-24,662.713623046875,BAJFINANCE.NS,Bajaj Finance
2022-11-25,660.37939453125,BAJFINANCE.NS,Bajaj Finance
2022-11-28,663.3106689453125,BAJFINANCE.NS,Bajaj Finance
2022-11-29,659.0728149414062,BAJFINANCE.NS,Bajaj Finance
2022-11-30,657.7809448242188,BAJFINANCE.NS,Bajaj Finance
2022-12-01,660.4038696289062,BAJFINANCE.NS,Bajaj Finance
2022-12-02,653.357177734375,BAJFINANCE.NS,Bajaj Finance
2022-12-05,651.8598022460938,BAJFINANCE.NS,Bajaj Finance
2022-12-06,655.5886840820312,BAJFINANCE.NS,Bajaj Finance
2022-12-07,648.409912109375,BAJFINANCE.NS,Bajaj Finance
2022-12-08,644.177001953125,BAJFINANCE.NS,Bajaj Finance
2022-12-09,637.8643798828125,BAJFINANCE.NS,Bajaj Finance
2022-12-12,636.792724609375,BAJFINANCE.NS,Bajaj Finance
2022-12-13,647.9107666015625,BAJFINANCE.NS,Bajaj Finance
2022-12-14,651.3460693359375,BAJFINANCE.NS,Bajaj Finance
2022-12-15,648.4293823242188,BAJFINANCE.NS,Bajaj Finance
2022-12-16,645.6402587890625,BAJFINANCE.NS,Bajaj Finance
2022-12-19,654.458251953125,BAJFINANCE.NS,Bajaj Finance
2022-12-20,650.1373291015625,BAJFINANCE.NS,Bajaj Finance
2022-12-21,638.7696533203125,BAJFINANCE.NS,Bajaj Finance
2022-12-22,635.2413940429688,BAJFINANCE.NS,Bajaj Finance
2022-12-23,623.8836059570312,BAJFINANCE.NS,Bajaj Finance
2022-12-26,629.667724609375,BAJFINANCE.NS,Bajaj Finance
2022-12-27,636.6165161132812,BAJFINANCE.NS,Bajaj Finance
2022-12-28,633.8173828125,BAJFINANCE.NS,Bajaj Finance
2022-12-29,637.2233276367188,BAJFINANCE.NS,Bajaj Finance
2022-12-30,643.5164184570312,BAJFINANCE.NS,Bajaj Finance
2023-01-02,641.4170532226562,BAJFINANCE.NS,Bajaj Finance
2023-01-03,646.5552368164062,BAJFINANCE.NS,Bajaj Finance
2023-01-04,643.1052856445312,BAJFINANCE.NS,Bajaj Finance
2023-01-05,597.0133666992188,BAJFINANCE.NS,Bajaj Finance
2023-01-06,585.3031005859375,BAJFINANCE.NS,Bajaj Finance
2023-01-09,586.5706176757812,BAJFINANCE.NS,Bajaj Finance
2023-01-10,577.8405151367188,BAJFINANCE.NS,Bajaj Finance
2023-01-11,577.0183715820312,BAJFINANCE.NS,Bajaj Finance
2023-01-12,577.27783203125,BAJFINANCE.NS,Bajaj Finance
2023-01-13,585.0487060546875,BAJFINANCE.NS,Bajaj Finance
2023-01-16,588.2881469726562,BAJFINANCE.NS,Bajaj Finance
2023-01-17,585.7484741210938,BAJFINANCE.NS,Bajaj Finance
2023-01-18,587.08935546875,BAJFINANCE.NS,Bajaj Finance
2023-01-19,588.43994140625,BAJFINANCE.NS,Bajaj Finance
2023-01-20,573.5587158203125,BAJFINANCE.NS,Bajaj Finance
2023-01-23,573.8131713867188,BAJFINANCE.NS,Bajaj Finance
2023-01-24,573.03515625,BAJFINANCE.NS,Bajaj Finance
2023-01-25,567.24609375,BAJFINANCE.NS,Bajaj Finance
2023-01-27,563.8010864257812,BAJFINANCE.NS,Bajaj Finance
2023-01-30,589.35498046875,BAJFINANCE.NS,Bajaj Finance
2023-01-31,576.1033325195312,BAJFINANCE.NS,Bajaj Finance
2023-02-01,569.3307495117188,BAJFINANCE.NS,Bajaj Finance
2023-02-02,559.5877685546875,BAJFINANCE.NS,Bajaj Finance
2023-02-03,588.6160888671875,BAJFINANCE.NS,Bajaj Finance
2023-02-06,597.4194946289062,BAJFINANCE.NS,Bajaj Finance
2023-02-07,602.9345092773438,BAJFINANCE.NS,Bajaj Finance
2023-02-08,621.6375122070312,BAJFINANCE.NS,Bajaj Finance
2023-02-09,631.75244140625,BAJFINANCE.NS,Bajaj Finance
2023-02-10,629.8438720703125,BAJFINANCE.NS,Bajaj Finance
2023-02-13,621.0355834960938,BAJFINANCE.NS,Bajaj Finance
2023-02-14,632.1144409179688,BAJFINANCE.NS,Bajaj Finance
2023-02-15,635.1729736328125,BAJFINANCE.NS,Bajaj Finance
2023-02-16,630.02001953125,BAJFINANCE.NS,Bajaj Finance
2023-02-17,628.0039672851562,BAJFINANCE.NS,Bajaj Finance
2023-02-20,623.1790161132812,BAJFINANCE.NS,Bajaj Finance
2023-02-21,624.3386840820312,BAJFINANCE.NS,Bajaj Finance
2023-02-22,606.6632690429688,BAJFINANCE.NS,Bajaj Finance
2023-02-23,607.0254516601562,BAJFINANCE.NS,Bajaj Finance
2023-02-24,610.34326171875,BAJFINANCE.NS,Bajaj Finance
2023-02-27,606.2572021484375,BAJFINANCE.NS,Bajaj Finance
2023-02-28,598.1926879882812,BAJFINANCE.NS,Bajaj Finance
2023-03-01,602.3765869140625,BAJFINANCE.NS,Bajaj Finance
2023-03-02,595.3446044921875,BAJFINANCE.NS,Bajaj Finance
2023-03-03,597.0133666992188,BAJFINANCE.NS,Bajaj Finance
2023-03-06,600.419189453125,BAJFINANCE.NS,Bajaj Finance
2023-03-08,586.9131469726562,BAJFINANCE.NS,Bajaj Finance
2023-03-09,577.5615844726562,BAJFINANCE.NS,Bajaj Finance
2023-03-10,574.9044799804688,BAJFINANCE.NS,Bajaj Finance
2023-03-13,570.9308471679688,BAJFINANCE.NS,Bajaj Finance
2023-03-14,560.9481811523438,BAJFINANCE.NS,Bajaj Finance
2023-03-15,559.6953735351562,BAJFINANCE.NS,Bajaj Finance
2023-03-16,559.338134765625,BAJFINANCE.NS,Bajaj Finance
2023-03-17,561.0264282226562,BAJFINANCE.NS,Bajaj Finance
2023-03-20,543.2581787109375,BAJFINANCE.NS,Bajaj Finance
2023-03-21,558.8488159179688,BAJFINANCE.NS,Bajaj Finance
2023-03-22,570.9945068359375,BAJFINANCE.NS,Bajaj Finance
2023-03-23,570.8819580078125,BAJFINANCE.NS,Bajaj Finance
2023-03-24,552.8934326171875,BAJFINANCE.NS,Bajaj Finance
2023-03-27,547.3931274414062,BAJFINANCE.NS,Bajaj Finance
2023-03-28,541.657958984375,BAJFINANCE.NS,Bajaj Finance
2023-03-29,550.5396728515625,BAJFINANCE.NS,Bajaj Finance
2023-03-31,549.712646484375,BAJFINANCE.NS,Bajaj Finance
2023-04-03,559.3333740234375,BAJFINANCE.NS,Bajaj Finance
2023-04-05,563.8598022460938,BAJFINANCE.NS,Bajaj Finance
2023-04-06,580.5858764648438,BAJFINANCE.NS,Bajaj Finance
2023-04-10,570.4660034179688,BAJFINANCE.NS,Bajaj Finance
2023-04-11,571.342041015625,BAJFINANCE.NS,Bajaj Finance
2023-04-12,573.2210083007812,BAJFINANCE.NS,Bajaj Finance
2023-04-13,577.869873046875,BAJFINANCE.NS,Bajaj Finance
2023-04-17,583.448486328125,BAJFINANCE.NS,Bajaj Finance
2023-04-18,578.966064453125,BAJFINANCE.NS,Bajaj Finance
2023-04-19,582.1077270507812,BAJFINANCE.NS,Bajaj Finance
2023-04-20,578.6773071289062,BAJFINANCE.NS,Bajaj Finance
2023-04-21,581.1436767578125,BAJFINANCE.NS,Bajaj Finance
2023-04-24,580.737548828125,BAJFINANCE.NS,Bajaj Finance
2023-04-25,594.586181640625,BAJFINANCE.NS,Bajaj Finance
2023-04-26,592.6972045898438,BAJFINANCE.NS,Bajaj Finance
2023-04-27,606.80029296875,BAJFINANCE.NS,Bajaj Finance
2023-04-28,614.6348876953125,BAJFINANCE.NS,Bajaj Finance
2023-05-02,611.6057739257812,BAJFINANCE.NS,Bajaj Finance
2023-05-03,604.8626098632812,BAJFINANCE.NS,Bajaj Finance
2023-05-04,625.415283203125,BAJFINANCE.NS,Bajaj Finance
2023-05-05,625.3760986328125,BAJFINANCE.NS,Bajaj Finance
2023-05-08,651.6151733398438,BAJFINANCE.NS,Bajaj Finance
2023-05-09,641.2702026367188,BAJFINANCE.NS,Bajaj Finance
2023-05-10,649.0264892578125,BAJFINANCE.NS,Bajaj Finance
2023-05-11,652.1533813476562,BAJFINANCE.NS,Bajaj Finance
2023-05-12,657.139892578125,BAJFINANCE.NS,Bajaj Finance
2023-05-15,656.9343872070312,BAJFINANCE.NS,Bajaj Finance
2023-05-16,664.0104370117188,BAJFINANCE.NS,Bajaj Finance
2023-05-17,656.224853515625,BAJFINANCE.NS,Bajaj Finance
2023-05-18,664.4801635742188,BAJFINANCE.NS,Bajaj Finance
2023-05-19,663.9712524414062,BAJFINANCE.NS,Bajaj Finance
2023-05-22,664.83740234375,BAJFINANCE.NS,Bajaj Finance
2023-05-23,663.614013671875,BAJFINANCE.NS,Bajaj Finance
2023-05-24,664.142578125,BAJFINANCE.NS,Bajaj Finance
2023-05-25,669.5449829101562,BAJFINANCE.NS,Bajaj Finance
2023-05-26,675.7450561523438,BAJFINANCE.NS,Bajaj Finance
2023-05-29,678.44140625,BAJFINANCE.NS,Bajaj Finance
2023-05-30,685.6592407226562,BAJFINANCE.NS,Bajaj Finance
2023-05-31,684.0982055664062,BAJFINANCE.NS,Bajaj Finance
2023-06-01,689.0553588867188,BAJFINANCE.NS,Bajaj Finance
2023-06-02,687.4308471679688,BAJFINANCE.NS,Bajaj Finance
2023-06-05,689.319580078125,BAJFINANCE.NS,Bajaj Finance
2023-06-06,696.243896484375,BAJFINANCE.NS,Bajaj Finance
2023-06-07,692.9163818359375,BAJFINANCE.NS,Bajaj Finance
2023-06-08,686.0801391601562,BAJFINANCE.NS,Bajaj Finance
2023-06-09,688.7275390625,BAJFINANCE.NS,Bajaj Finance
2023-06-12,694.6536254882812,BAJFINANCE.NS,Bajaj Finance
2023-06-13,701.4114990234375,BAJFINANCE.NS,Bajaj Finance
2023-06-14,694.5703735351562,BAJFINANCE.NS,Bajaj Finance
2023-06-15,697.4819946289062,BAJFINANCE.NS,Bajaj Finance
2023-06-16,704.9789428710938,BAJFINANCE.NS,Bajaj Finance
2023-06-19,722.8890991210938,BAJFINANCE.NS,Bajaj Finance
2023-06-20,709.4418334960938,BAJFINANCE.NS,Bajaj Finance
2023-06-21,705.267578125,BAJFINANCE.NS,Bajaj Finance
2023-06-22,688.0277709960938,BAJFINANCE.NS,Bajaj Finance
2023-06-23,684.0787353515625,BAJFINANCE.NS,Bajaj Finance
2023-06-26,684.96435546875,BAJFINANCE.NS,Bajaj Finance
2023-06-27,686.9757080078125,BAJFINANCE.NS,Bajaj Finance
2023-06-28,693.9195556640625,BAJFINANCE.NS,Bajaj Finance
2023-06-30,703.7874755859375,BAJFINANCE.NS,Bajaj Finance
2023-07-03,720.7320556640625,BAJFINANCE.NS,Bajaj Finance
2023-07-04,772.572998046875,BAJFINANCE.NS,Bajaj Finance
2023-07-05,770.4402465820312,BAJFINANCE.NS,Bajaj Finance
2023-07-06,763.3145141601562,BAJFINANCE.NS,Bajaj Finance
2023-07-07,749.171142578125,BAJFINANCE.NS,Bajaj Finance
2023-07-10,740.413818359375,BAJFINANCE.NS,Bajaj Finance
2023-07-11,731.6417236328125,BAJFINANCE.NS,Bajaj Finance
2023-07-12,730.4574584960938,BAJFINANCE.NS,Bajaj Finance
2023-07-13,734.6494140625,BAJFINANCE.NS,Bajaj Finance
2023-07-14,735.4110107421875,BAJFINANCE.NS,Bajaj Finance
2023-07-17,738.2220458984375,BAJFINANCE.NS,Bajaj Finance
2023-07-18,729.2828979492188,BAJFINANCE.NS,Bajaj Finance
2023-07-19,745.4706420898438,BAJFINANCE.NS,Bajaj Finance
2023-07-20,746.64013671875,BAJFINANCE.NS,Bajaj Finance
2023-07-21,745.1806640625,BAJFINANCE.NS,Bajaj Finance
2023-07-24,745.1658935546875,BAJFINANCE.NS,Bajaj Finance
2023-07-25,747.6083984375,BAJFINANCE.NS,Bajaj Finance
2023-07-26,730.5753173828125,BAJFINANCE.NS,Bajaj Finance
2023-07-27,715.92578125,BAJFINANCE.NS,Bajaj Finance
2023-07-28,725.5087280273438,BAJFINANCE.NS,Bajaj Finance
2023-07-31,717.5181274414062,BAJFINANCE.NS,Bajaj Finance
2023-08-01,714.510498046875,BAJFINANCE.NS,Bajaj Finance
2023-08-02,707.9990234375,BAJFINANCE.NS,Bajaj Finance
2023-08-03,698.6520385742188,BAJFINANCE.NS,Bajaj Finance
2023-08-04,702.617919921875,BAJFINANCE.NS,Bajaj Finance
2023-08-07,700.0084228515625,BAJFINANCE.NS,Bajaj Finance
2023-08-08,705.0652465820312,BAJFINANCE.NS,Bajaj Finance
2023-08-09,700.3228759765625,BAJFINANCE.NS,Bajaj Finance
2023-08-10,702.1412353515625,BAJFINANCE.NS,Bajaj Finance
2023-08-11,693.9588623046875,BAJFINANCE.NS,Bajaj Finance
2023-08-14,689.7767944335938,BAJFINANCE.NS,Bajaj Finance
2023-08-16,686.1844482421875,BAJFINANCE.NS,Bajaj Finance
2023-08-17,680.4593505859375,BAJFINANCE.NS,Bajaj Finance
2023-08-18,674.4490966796875,BAJFINANCE.NS,Bajaj Finance
2023-08-21,692.7401733398438,BAJFINANCE.NS,Bajaj Finance
2023-08-22,694.8778686523438,BAJFINANCE.NS,Bajaj Finance
2023-08-23,699.4481811523438,BAJFINANCE.NS,Bajaj Finance
2023-08-24,701.51220703125,BAJFINANCE.NS,Bajaj Finance
2023-08-25,708.790283203125,BAJFINANCE.NS,Bajaj Finance
2023-08-28,711.158935546875,BAJFINANCE.NS,Bajaj Finance
2023-08-29,716.8350219726562,BAJFINANCE.NS,Bajaj Finance
2023-08-30,714.353271484375,BAJFINANCE.NS,Bajaj Finance
2023-08-31,704.0233764648438,BAJFINANCE.NS,Bajaj Finance
2023-09-01,719.5132446289062,BAJFINANCE.NS,Bajaj Finance
2023-09-04,714.5645751953125,BAJFINANCE.NS,Bajaj Finance
2023-09-05,721.9212646484375,BAJFINANCE.NS,Bajaj Finance
2023-09-06,726.1181030273438,BAJFINANCE.NS,Bajaj Finance
2023-09-07,723.7001953125,BAJFINANCE.NS,Bajaj Finance
2023-09-08,728.3638916015625,BAJFINANCE.NS,Bajaj Finance
2023-09-11,726.4965209960938,BAJFINANCE.NS,Bajaj Finance
2023-09-12,730.3935546875,BAJFINANCE.NS,Bajaj Finance
2023-09-13,734.7771606445312,BAJFINANCE.NS,Bajaj Finance
2023-09-14,736.5855102539062,BAJFINANCE.NS,Bajaj Finance
2023-09-15,736.379150390625,BAJFINANCE.NS,Bajaj Finance
2023-09-18,741.9274291992188,BAJFINANCE.NS,Bajaj Finance
2023-09-20,740.97900390625,BAJFINANCE.NS,Bajaj Finance
2023-09-21,735.5928955078125,BAJFINANCE.NS,Bajaj Finance
2023-09-22,734.3298950195312,BAJFINANCE.NS,Bajaj Finance
2023-09-25,768.5825805664062,BAJFINANCE.NS,Bajaj Finance
2023-09-26,773.5755004882812,BAJFINANCE.NS,Bajaj Finance
2023-09-27,770.322265625,BAJFINANCE.NS,Bajaj Finance
2023-09-28,760.63623046875,BAJFINANCE.NS,Bajaj Finance
2023-09-29,767.688232421875,BAJFINANCE.NS,Bajaj Finance
2023-10-03,783.1043701171875,BAJFINANCE.NS,Bajaj Finance
2023-10-04,771.9440307617188,BAJFINANCE.NS,Bajaj Finance
2023-10-05,771.6344604492188,BAJFINANCE.NS,Bajaj Finance
2023-10-06,802.85498046875,BAJFINANCE.NS,Bajaj Finance
2023-10-09,789.0113525390625,BAJFINANCE.NS,Bajaj Finance
2023-10-10,794.5055541992188,BAJFINANCE.NS,Bajaj Finance
2023-10-11,796.3091430664062,BAJFINANCE.NS,Bajaj Finance
2023-10-12,787.6943359375,BAJFINANCE.NS,Bajaj Finance
2023-10-13,791.3652954101562,BAJFINANCE.NS,Bajaj Finance
2023-10-16,789.8270874023438,BAJFINANCE.NS,Bajaj Finance
2023-10-17,795.429443359375,BAJFINANCE.NS,Bajaj Finance
2023-10-18,773.172607421875,BAJFINANCE.NS,Bajaj Finance
2023-10-19,770.7154541015625,BAJFINANCE.NS,Bajaj Finance
2023-10-20,763.6043701171875,BAJFINANCE.NS,Bajaj Finance
2023-10-23,766.5235595703125,BAJFINANCE.NS,Bajaj Finance
2023-10-25,756.2575073242188,BAJFINANCE.NS,Bajaj Finance
2023-10-26,729.4597778320312,BAJFINANCE.NS,Bajaj Finance
2023-10-27,737.8534545898438,BAJFINANCE.NS,Bajaj Finance
2023-10-30,737.445556640625,BAJFINANCE.NS,Bajaj Finance
2023-10-31,736.4234008789062,BAJFINANCE.NS,Bajaj Finance
2023-11-01,734.3839721679688,BAJFINANCE.NS,Bajaj Finance
2023-11-02,732.1430053710938,BAJFINANCE.NS,Bajaj Finance
2023-11-03,728.447509765625,BAJFINANCE.NS,Bajaj Finance
2023-11-06,743.2444458007812,BAJFINANCE.NS,Bajaj Finance
2023-11-07,736.7133178710938,BAJFINANCE.NS,Bajaj Finance
2023-11-08,733.2094116210938,BAJFINANCE.NS,Bajaj Finance
2023-11-09,726.0099487304688,BAJFINANCE.NS,Bajaj Finance
2023-11-10,731.7203979492188,BAJFINANCE.NS,Bajaj Finance
2023-11-13,723.4693603515625,BAJFINANCE.NS,Bajaj Finance
2023-11-15,710.04833984375,BAJFINANCE.NS,Bajaj Finance
2023-11-16,723.6265869140625,BAJFINANCE.NS,Bajaj Finance
2023-11-17,709.723876953125,BAJFINANCE.NS,Bajaj Finance
2023-11-20,694.7451171875,BAJFINANCE.NS,Bajaj Finance
2023-11-21,698.1409912109375,BAJFINANCE.NS,Bajaj Finance
2023-11-22,700.6177368164062,BAJFINANCE.NS,Bajaj Finance
2023-11-23,695.2415161132812,BAJFINANCE.NS,Bajaj Finance
2023-11-24,690.047119140625,BAJFINANCE.NS,Bajaj Finance
2023-11-28,700.5391235351562,BAJFINANCE.NS,Bajaj Finance
2023-11-29,700.789794921875,BAJFINANCE.NS,Bajaj Finance
2023-11-30,699.9837646484375,BAJFINANCE.NS,Bajaj Finance
2023-12-01,713.4932250976562,BAJFINANCE.NS,Bajaj Finance
2023-12-04,728.069091796875,BAJFINANCE.NS,Bajaj Finance
2023-12-05,722.3832397460938,BAJFINANCE.NS,Bajaj Finance
2023-12-06,729.9807739257812,BAJFINANCE.NS,Bajaj Finance
2023-12-07,726.4522705078125,BAJFINANCE.NS,Bajaj Finance
2023-12-08,718.235595703125,BAJFINANCE.NS,Bajaj Finance
2023-12-11,716.7760009765625,BAJFINANCE.NS,Bajaj Finance
2023-12-12,718.918701171875,BAJFINANCE.NS,Bajaj Finance
2023-12-13,713.3605346679688,BAJFINANCE.NS,Bajaj Finance
2023-12-14,734.6100463867188,BAJFINANCE.NS,Bajaj Finance
2023-12-15,738.6250610351562,BAJFINANCE.NS,Bajaj Finance
2023-12-18,745.7556762695312,BAJFINANCE.NS,Bajaj Finance
2023-12-19,750.1834106445312,BAJFINANCE.NS,Bajaj Finance
2023-12-20,736.5511474609375,BAJFINANCE.NS,Bajaj Finance
2023-12-21,724.0885620117188,BAJFINANCE.NS,Bajaj Finance
2023-12-22,717.0266723632812,BAJFINANCE.NS,Bajaj Finance
2023-12-26,703.9545288085938,BAJFINANCE.NS,Bajaj Finance
2023-12-27,710.8837890625,BAJFINANCE.NS,Bajaj Finance
2023-12-28,713.4243774414062,BAJFINANCE.NS,Bajaj Finance
2023-12-29,720.216064453125,BAJFINANCE.NS,Bajaj Finance
2024-01-01,717.3952026367188,BAJFINANCE.NS,Bajaj Finance
2024-01-02,730.2706298828125,BAJFINANCE.NS,Bajaj Finance
2024-01-03,725.8232421875,BAJFINANCE.NS,Bajaj Finance
2024-01-04,757.3485107421875,BAJFINANCE.NS,Bajaj Finance
2024-01-05,757.8988647460938,BAJFINANCE.NS,Bajaj Finance
2024-01-08,760.34130859375,BAJFINANCE.NS,Bajaj Finance
2024-01-09,759.3043823242188,BAJFINANCE.NS,Bajaj Finance
2024-01-10,754.891357421875,BAJFINANCE.NS,Bajaj Finance
2024-01-11,753.829833984375,BAJFINANCE.NS,Bajaj Finance
2024-01-12,752.9747924804688,BAJFINANCE.NS,Bajaj Finance
2024-01-15,734.9834594726562,BAJFINANCE.NS,Bajaj Finance
2024-01-16,732.8850708007812,BAJFINANCE.NS,Bajaj Finance
2024-01-17,723.272705078125,BAJFINANCE.NS,Bajaj Finance
2024-01-18,714.1026611328125,BAJFINANCE.NS,Bajaj Finance
2024-01-19,719.3657836914062,BAJFINANCE.NS,Bajaj Finance
2024-01-23,694.9515380859375,BAJFINANCE.NS,Bajaj Finance
2024-01-24,693.43798828125,BAJFINANCE.NS,Bajaj Finance
2024-01-25,696.40625,BAJFINANCE.NS,Bajaj Finance
2024-01-29,706.8392333984375,BAJFINANCE.NS,Bajaj Finance
2024-01-30,670.0360107421875,BAJFINANCE.NS,Bajaj Finance
2024-01-31,674.5277099609375,BAJFINANCE.NS,Bajaj Finance
2024-02-01,662.772705078125,BAJFINANCE.NS,Bajaj Finance
2024-02-02,673.0927734375,BAJFINANCE.NS,Bajaj Finance
2024-02-05,649.4942626953125,BAJFINANCE.NS,Bajaj Finance
2024-02-06,648.5064086914062,BAJFINANCE.NS,Bajaj Finance
2024-02-07,659.421142578125,BAJFINANCE.NS,Bajaj Finance
2024-02-08,646.2950439453125,BAJFINANCE.NS,Bajaj Finance
2024-02-09,654.0448608398438,BAJFINANCE.NS,Bajaj Finance
2024-02-12,645.6561889648438,BAJFINANCE.NS,Bajaj Finance
2024-02-13,649.0469970703125,BAJFINANCE.NS,Bajaj Finance
2024-02-14,653.2586059570312,BAJFINANCE.NS,Bajaj Finance
2024-02-15,650.5950927734375,BAJFINANCE.NS,Bajaj Finance
2024-02-16,650.5753173828125,BAJFINANCE.NS,Bajaj Finance
2024-02-19,659.7749633789062,BAJFINANCE.NS,Bajaj Finance
2024-02-20,664.767822265625,BAJFINANCE.NS,Bajaj Finance
2024-02-21,657.4161376953125,BAJFINANCE.NS,Bajaj Finance
2024-02-22,656.0548095703125,BAJFINANCE.NS,Bajaj Finance
2024-02-23,658.3056030273438,BAJFINANCE.NS,Bajaj Finance
2024-02-26,652.9391479492188,BAJFINANCE.NS,Bajaj Finance
2024-02-27,644.3882446289062,BAJFINANCE.NS,Bajaj Finance
2024-02-28,638.73193359375,BAJFINANCE.NS,Bajaj Finance
2024-02-29,638.4026489257812,BAJFINANCE.NS,Bajaj Finance
2024-03-01,645.8822631835938,BAJFINANCE.NS,Bajaj Finance
2024-03-04,648.9290771484375,BAJFINANCE.NS,Bajaj Finance
2024-03-05,621.5858764648438,BAJFINANCE.NS,Bajaj Finance
2024-03-06,620.3081665039062,BAJFINANCE.NS,Bajaj Finance
2024-03-07,631.0999755859375,BAJFINANCE.NS,Bajaj Finance
2024-03-11,632.3482055664062,BAJFINANCE.NS,Bajaj Finance
2024-03-12,632.5742797851562,BAJFINANCE.NS,Bajaj Finance
2024-03-13,634.5498657226562,BAJFINANCE.NS,Bajaj Finance
2024-03-14,628.7804565429688,BAJFINANCE.NS,Bajaj Finance
2024-03-15,640.2700805664062,BAJFINANCE.NS,Bajaj Finance
2024-03-18,639.3167114257812,BAJFINANCE.NS,Bajaj Finance
2024-03-19,648.3197631835938,BAJFINANCE.NS,Bajaj Finance
2024-03-20,653.553466796875,BAJFINANCE.NS,Bajaj Finance
2024-03-21,660.06494140625,BAJFINANCE.NS,Bajaj Finance
2024-03-22,664.5025634765625,BAJFINANCE.NS,Bajaj Finance
2024-03-26,679.1668701171875,BAJFINANCE.NS,Bajaj Finance
2024-03-27,690.2388305664062,BAJFINANCE.NS,Bajaj Finance
2024-03-28,712.1074829101562,BAJFINANCE.NS,Bajaj Finance
2024-04-01,712.6676025390625,BAJFINANCE.NS,Bajaj Finance
2024-04-02,708.3872680664062,BAJFINANCE.NS,Bajaj Finance
2024-04-03,718.397705078125,BAJFINANCE.NS,Bajaj Finance
2024-04-04,715.8570556640625,BAJFINANCE.NS,Bajaj Finance
2024-04-05,705.2666625976562,BAJFINANCE.NS,Bajaj Finance
2024-04-08,705.5517578125,BAJFINANCE.NS,Bajaj Finance
2024-04-09,707.0308837890625,BAJFINANCE.NS,Bajaj Finance
2024-04-10,710.6331176757812,BAJFINANCE.NS,Bajaj Finance
2024-04-12,710.5642700195312,BAJFINANCE.NS,Bajaj Finance
2024-04-15,695.4970703125,BAJFINANCE.NS,Bajaj Finance
2024-04-16,683.506103515625,BAJFINANCE.NS,Bajaj Finance
2024-04-18,677.5057983398438,BAJFINANCE.NS,Bajaj Finance
2024-04-19,699.7479858398438,BAJFINANCE.NS,Bajaj Finance
2024-04-22,716.7218627929688,BAJFINANCE.NS,Bajaj Finance
2024-04-23,713.54736328125,BAJFINANCE.NS,Bajaj Finance
2024-04-24,720.3535766601562,BAJFINANCE.NS,Bajaj Finance
2024-04-25,716.9873046875,BAJFINANCE.NS,Bajaj Finance
2024-04-26,661.5834350585938,BAJFINANCE.NS,Bajaj Finance
2024-04-29,670.9598999023438,BAJFINANCE.NS,Bajaj Finance
2024-04-30,680.4887084960938,BAJFINANCE.NS,Bajaj Finance
2024-05-02,676.4738159179688,BAJFINANCE.NS,Bajaj Finance
2024-05-03,681.2702026367188,BAJFINANCE.NS,Bajaj Finance
2024-05-06,674.2279052734375,BAJFINANCE.NS,Bajaj Finance
2024-05-07,675.4761962890625,BAJFINANCE.NS,Bajaj Finance
2024-05-08,668.2914428710938,BAJFINANCE.NS,Bajaj Finance
2024-05-09,649.1944580078125,BAJFINANCE.NS,Bajaj Finance
2024-05-10,656.9590454101562,BAJFINANCE.NS,Bajaj Finance
2024-05-13,660.3598022460938,BAJFINANCE.NS,Bajaj Finance
2024-05-14,656.1286010742188,BAJFINANCE.NS,Bajaj Finance
2024-05-15,656.5512084960938,BAJFINANCE.NS,Bajaj Finance
2024-05-16,663.151123046875,BAJFINANCE.NS,Bajaj Finance
2024-05-17,661.2099609375,BAJFINANCE.NS,Bajaj Finance
2024-05-21,662.7284545898438,BAJFINANCE.NS,Bajaj Finance
2024-05-22,662.8955688476562,BAJFINANCE.NS,Bajaj Finance
2024-05-23,670.9647827148438,BAJFINANCE.NS,Bajaj Finance
2024-05-24,671.9722900390625,BAJFINANCE.NS,Bajaj Finance
2024-05-27,677.7318115234375,BAJFINANCE.NS,Bajaj Finance
2024-05-28,675.5253295898438,BAJFINANCE.NS,Bajaj Finance
2024-05-29,669.0040283203125,BAJFINANCE.NS,Bajaj Finance
2024-05-30,650.30517578125,BAJFINANCE.NS,Bajaj Finance
2024-05-31,658.2908935546875,BAJFINANCE.NS,Bajaj Finance
2024-06-03,679.7025146484375,BAJFINANCE.NS,Bajaj Finance
2024-06-04,639.7984008789062,BAJFINANCE.NS,Bajaj Finance
2024-06-05,671.9476928710938,BAJFINANCE.NS,Bajaj Finance
2024-06-06,680.7099609375,BAJFINANCE.NS,Bajaj Finance
2024-06-07,706.8146362304688,BAJFINANCE.NS,Bajaj Finance
2024-06-10,696.7355346679688,BAJFINANCE.NS,Bajaj Finance
2024-06-11,701.5761108398438,BAJFINANCE.NS,Bajaj Finance
2024-06-12,709.4046020507812,BAJFINANCE.NS,Bajaj Finance
2024-06-13,716.9921875,BAJFINANCE.NS,Bajaj Finance
2024-06-14,721.5724487304688,BAJFINANCE.NS,Bajaj Finance
2024-06-18,720.8991088867188,BAJFINANCE.NS,Bajaj Finance
2024-06-19,710.9967651367188,BAJFINANCE.NS,Bajaj Finance
2024-06-20,708.3578491210938,BAJFINANCE.NS,Bajaj Finance
2024-06-21,704.7177124023438,BAJFINANCE.NS,Bajaj Finance
2024-06-24,699.5416870117188,BAJFINANCE.NS,Bajaj Finance
2024-06-25,698.8107299804688,BAJFINANCE.NS,Bajaj Finance
2024-06-26,707.08349609375,BAJFINANCE.NS,Bajaj Finance
2024-06-27,707.9280395507812,BAJFINANCE.NS,Bajaj Finance
2024-06-28,702.87060546875,BAJFINANCE.NS,Bajaj Finance
2024-07-01,718.7938232421875,BAJFINANCE.NS,Bajaj Finance
2024-07-02,707.8145141601562,BAJFINANCE.NS,Bajaj Finance
2024-07-03,717.020751953125,BAJFINANCE.NS,Bajaj Finance
2024-07-04,702.031005859375,BAJFINANCE.NS,Bajaj Finance
2024-07-05,705.088134765625,BAJFINANCE.NS,Bajaj Finance
2024-07-08,701.1616821289062,BAJFINANCE.NS,Bajaj Finance
2024-07-09,698.1785278320312,BAJFINANCE.NS,Bajaj Finance
2024-07-10,696.8845825195312,BAJFINANCE.NS,Bajaj Finance
2024-07-11,686.5472412109375,BAJFINANCE.NS,Bajaj Finance
2024-07-12,691.8814086914062,BAJFINANCE.NS,Bajaj Finance
2024-07-15,697.7537231445312,BAJFINANCE.NS,Bajaj Finance
2024-07-16,697.2944946289062,BAJFINANCE.NS,Bajaj Finance
2024-07-18,702.3223266601562,BAJFINANCE.NS,Bajaj Finance
2024-07-19,684.7691650390625,BAJFINANCE.NS,Bajaj Finance
2024-07-22,680.0228271484375,BAJFINANCE.NS,Bajaj Finance
2024-07-23,664.4996948242188,BAJFINANCE.NS,Bajaj Finance
2024-07-24,652.6510620117188,BAJFINANCE.NS,Bajaj Finance
2024-07-25,656.6615600585938,BAJFINANCE.NS,Bajaj Finance
2024-07-26,670.688232421875,BAJFINANCE.NS,Bajaj Finance
2024-07-29,672.9304809570312,BAJFINANCE.NS,Bajaj Finance
2024-07-30,674.0318603515625,BAJFINANCE.NS,Bajaj Finance
2024-07-31,672.38720703125,BAJFINANCE.NS,Bajaj Finance
2024-08-01,668.9002685546875,BAJFINANCE.NS,Bajaj Finance
2024-08-02,664.292236328125,BAJFINANCE.NS,Bajaj Finance
2024-08-05,651.6188354492188,BAJFINANCE.NS,Bajaj Finance
2024-08-06,645.8551025390625,BAJFINANCE.NS,Bajaj Finance
2024-08-07,655.614501953125,BAJFINANCE.NS,Bajaj Finance
2024-08-08,650.1865234375,BAJFINANCE.NS,Bajaj Finance
2024-08-09,653.7425537109375,BAJFINANCE.NS,Bajaj Finance
2024-08-12,652.7498168945312,BAJFINANCE.NS,Bajaj Finance
2024-08-13,638.614501953125,BAJFINANCE.NS,Bajaj Finance
2024-08-14,637.9674682617188,BAJFINANCE.NS,Bajaj Finance
2024-08-16,651.0458984375,BAJFINANCE.NS,Bajaj Finance
2024-08-19,653.5598754882812,BAJFINANCE.NS,Bajaj Finance
2024-08-20,664.015625,BAJFINANCE.NS,Bajaj Finance
2024-08-21,665.3145751953125,BAJFINANCE.NS,Bajaj Finance
2024-08-22,666.1295166015625,BAJFINANCE.NS,Bajaj Finance
2024-08-23,665.3640747070312,BAJFINANCE.NS,Bajaj Finance
2024-08-26,669.5621337890625,BAJFINANCE.NS,Bajaj Finance
2024-08-27,677.9830322265625,BAJFINANCE.NS,Bajaj Finance
2024-08-28,681.5786743164062,BAJFINANCE.NS,Bajaj Finance
2024-08-29,697.7340087890625,BAJFINANCE.NS,Bajaj Finance
2024-08-30,711.2273559570312,BAJFINANCE.NS,Bajaj Finance
2024-09-02,734.924560546875,BAJFINANCE.NS,Bajaj Finance
2024-09-03,726.4048461914062,BAJFINANCE.NS,Bajaj Finance
2024-09-04,721.0411376953125,BAJFINANCE.NS,Bajaj Finance
2024-09-05,715.647705078125,BAJFINANCE.NS,Bajaj Finance
2024-09-06,722.7846069335938,BAJFINANCE.NS,Bajaj Finance
2024-09-09,725.777587890625,BAJFINANCE.NS,Bajaj Finance
2024-09-10,715.346435546875,BAJFINANCE.NS,Bajaj Finance
2024-09-11,725.5899047851562,BAJFINANCE.NS,Bajaj Finance
2024-09-12,733.7638549804688,BAJFINANCE.NS,Bajaj Finance
2024-09-13,750.5761108398438,BAJFINANCE.NS,Bajaj Finance
2024-09-16,725.609619140625,BAJFINANCE.NS,Bajaj Finance
2024-09-17,727.560546875,BAJFINANCE.NS,Bajaj Finance
2024-09-18,753.7963256835938,BAJFINANCE.NS,Bajaj Finance
2024-09-19,749.7710571289062,BAJFINANCE.NS,Bajaj Finance
2024-09-20,748.99072265625,BAJFINANCE.NS,Bajaj Finance
2024-09-23,750.2403564453125,BAJFINANCE.NS,Bajaj Finance
2024-09-24,746.2001953125,BAJFINANCE.NS,Bajaj Finance
2024-09-25,753.0851440429688,BAJFINANCE.NS,Bajaj Finance
2024-09-26,767.3588256835938,BAJFINANCE.NS,Bajaj Finance
2024-09-27,766.1339111328125,BAJFINANCE.NS,Bajaj Finance
2024-09-30,760.8986206054688,BAJFINANCE.NS,Bajaj Finance
2024-10-01,760.8986206054688,BAJFINANCE.NS,Bajaj Finance
2024-10-03,734.3121337890625,BAJFINANCE.NS,Bajaj Finance
2024-10-04,712.3336791992188,BAJFINANCE.NS,Bajaj Finance
2024-10-07,718.0678100585938,BAJFINANCE.NS,Bajaj Finance
2024-10-08,709.9234619140625,BAJFINANCE.NS,Bajaj Finance
2024-10-09,721.1348876953125,BAJFINANCE.NS,Bajaj Finance
2024-10-10,723.036376953125,BAJFINANCE.NS,Bajaj Finance
2024-10-11,721.2880249023438,BAJFINANCE.NS,Bajaj Finance
2024-10-14,712.0817260742188,BAJFINANCE.NS,Bajaj Finance
2024-10-15,693.1259765625,BAJFINANCE.NS,Bajaj Finance
2024-10-16,687.1448974609375,BAJFINANCE.NS,Bajaj Finance
2024-10-17,681.529296875,BAJFINANCE.NS,Bajaj Finance
2024-10-18,681.5342407226562,BAJFINANCE.NS,Bajaj Finance
2024-10-21,669.8140258789062,BAJFINANCE.NS,Bajaj Finance
2024-10-22,659.6397094726562,BAJFINANCE.NS,Bajaj Finance
2024-10-23,691.0418090820312,BAJFINANCE.NS,Bajaj Finance
2024-10-24,695.4967041015625,BAJFINANCE.NS,Bajaj Finance
2024-10-25,682.581298828125,BAJFINANCE.NS,Bajaj Finance
2024-10-28,682.6997680664062,BAJFINANCE.NS,Bajaj Finance
2024-10-29,693.6791381835938,BAJFINANCE.NS,Bajaj Finance
2024-10-30,687.0115356445312,BAJFINANCE.NS,Bajaj Finance
2024-10-31,680.5661010742188,BAJFINANCE.NS,Bajaj Finance
2024-11-01,683.9097900390625,BAJFINANCE.NS,Bajaj Finance
2024-11-04,676.017333984375,BAJFINANCE.NS,Bajaj Finance
2024-11-05,684.5765991210938,BAJFINANCE.NS,Bajaj Finance
2024-11-06,692.069091796875,BAJFINANCE.NS,Bajaj Finance
2024-11-07,682.023193359375,BAJFINANCE.NS,Bajaj Finance
2024-11-08,681.1785888671875,BAJFINANCE.NS,Bajaj Finance
2024-11-11,669.6066284179688,BAJFINANCE.NS,Bajaj Finance
2024-11-12,655.7182006835938,BAJFINANCE.NS,Bajaj Finance
2024-11-13,648.5863037109375,BAJFINANCE.NS,Bajaj Finance
2024-11-14,646.921875,BAJFINANCE.NS,Bajaj Finance
2024-11-18,648.7788696289062,BAJFINANCE.NS,Bajaj Finance
2024-11-19,651.4805908203125,BAJFINANCE.NS,Bajaj Finance
2024-11-21,638.6737670898438,BAJFINANCE.NS,Bajaj Finance
2024-11-22,660.2373657226562,BAJFINANCE.NS,Bajaj Finance
2024-11-25,660.3805541992188,BAJFINANCE.NS,Bajaj Finance
2024-11-26,653.7178955078125,BAJFINANCE.NS,Bajaj Finance
2024-11-27,662.3364868164062,BAJFINANCE.NS,Bajaj Finance
2024-11-28,642.9954223632812,BAJFINANCE.NS,Bajaj Finance
2024-11-29,649.5642700195312,BAJFINANCE.NS,Bajaj Finance
2024-12-02,656.947998046875,BAJFINANCE.NS,Bajaj Finance
2024-12-03,659.3976440429688,BAJFINANCE.NS,Bajaj Finance
2024-12-04,665.77392578125,BAJFINANCE.NS,Bajaj Finance
2024-12-05,676.6791381835938,BAJFINANCE.NS,Bajaj Finance
2024-12-06,676.6693725585938,BAJFINANCE.NS,Bajaj Finance
2024-12-09,678.4522705078125,BAJFINANCE.NS,Bajaj Finance
2024-12-10,685.1544799804688,BAJFINANCE.NS,Bajaj Finance
2024-12-11,702.8261108398438,BAJFINANCE.NS,Bajaj Finance
2024-12-12,703.883056640625,BAJFINANCE.NS,Bajaj Finance
2024-12-13,709.5135498046875,BAJFINANCE.NS,Bajaj Finance
2024-12-16,712.042236328125,BAJFINANCE.NS,Bajaj Finance
2024-12-17,706.5501098632812,BAJFINANCE.NS,Bajaj Finance
2024-12-18,698.8107299804688,BAJFINANCE.NS,Bajaj Finance
2024-12-19,683.4110107421875,BAJFINANCE.NS,Bajaj Finance
2024-12-20,676.4668579101562,BAJFINANCE.NS,Bajaj Finance
2024-12-23,678.2892456054688,BAJFINANCE.NS,Bajaj Finance
2024-12-24,672.5107421875,BAJFINANCE.NS,Bajaj Finance
2024-12-26,673.2564697265625,BAJFINANCE.NS,Bajaj Finance
2024-12-27,682.3441772460938,BAJFINANCE.NS,Bajaj Finance
2024-12-30,680.4180297851562,BAJFINANCE.NS,Bajaj Finance
2024-12-31,673.9725952148438,BAJFINANCE.NS,Bajaj Finance
2025-01-01,685.0656127929688,BAJFINANCE.NS,Bajaj Finance
2025-01-02,729.9015502929688,BAJFINANCE.NS,Bajaj Finance
2025-01-03,731.6845092773438,BAJFINANCE.NS,Bajaj Finance
2025-01-06,725.9652099609375,BAJFINANCE.NS,Bajaj Finance
2025-01-07,726.4196166992188,BAJFINANCE.NS,Bajaj Finance
2025-01-08,726.5628051757812,BAJFINANCE.NS,Bajaj Finance
2025-01-09,718.8629760742188,BAJFINANCE.NS,Bajaj Finance
2025-01-10,719.9100341796875,BAJFINANCE.NS,Bajaj Finance
2025-01-13,706.3673706054688,BAJFINANCE.NS,Bajaj Finance
2025-01-14,724.5477294921875,BAJFINANCE.NS,Bajaj Finance
2025-01-15,708.9801025390625,BAJFINANCE.NS,Bajaj Finance
2025-01-16,717.1145629882812,BAJFINANCE.NS,Bajaj Finance
2025-01-17,709.4443359375,BAJFINANCE.NS,Bajaj Finance
2025-01-20,734.9295043945312,BAJFINANCE.NS,Bajaj Finance
2025-01-21,720.265625,BAJFINANCE.NS,Bajaj Finance
2025-01-22,730.6869506835938,BAJFINANCE.NS,Bajaj Finance
2025-01-23,735.2406616210938,BAJFINANCE.NS,Bajaj Finance
2025-01-24,734.78125,BAJFINANCE.NS,Bajaj Finance
2025-01-27,720.6409912109375,BAJFINANCE.NS,Bajaj Finance
2025-01-28,751.3761596679688,BAJFINANCE.NS,Bajaj Finance
2025-01-29,766.4945068359375,BAJFINANCE.NS,Bajaj Finance
2025-01-30,780.5211791992188,BAJFINANCE.NS,Bajaj Finance
2025-01-31,778.8863525390625,BAJFINANCE.NS,Bajaj Finance
2025-02-01,790.2460327148438,BAJFINANCE.NS,Bajaj Finance
2025-02-03,832.2964477539062,BAJFINANCE.NS,Bajaj Finance
2025-02-04,837.19091796875,BAJFINANCE.NS,Bajaj Finance
2025-02-05,840.5593872070312,BAJFINANCE.NS,Bajaj Finance
2025-02-06,840.346923828125,BAJFINANCE.NS,Bajaj Finance
2025-02-07,837.082275390625,BAJFINANCE.NS,Bajaj Finance
2025-02-10,818.5660400390625,BAJFINANCE.NS,Bajaj Finance
2025-02-11,809.122802734375,BAJFINANCE.NS,Bajaj Finance
2025-02-12,811.3798828125,BAJFINANCE.NS,Bajaj Finance
2025-02-13,830.636962890625,BAJFINANCE.NS,Bajaj Finance
2025-02-14,828.9873046875,BAJFINANCE.NS,Bajaj Finance
2025-02-17,832.3754272460938,BAJFINANCE.NS,Bajaj Finance
2025-02-18,836.2575073242188,BAJFINANCE.NS,Bajaj Finance
2025-02-19,833.6448364257812,BAJFINANCE.NS,Bajaj Finance
2025-02-20,829.693603515625,BAJFINANCE.NS,Bajaj Finance
2025-02-21,829.4219360351562,BAJFINANCE.NS,Bajaj Finance
2025-02-24,825.2979125976562,BAJFINANCE.NS,Bajaj Finance
2025-02-25,838.5195922851562,BAJFINANCE.NS,Bajaj Finance
2025-02-27,859.9151000976562,BAJFINANCE.NS,Bajaj Finance
2025-02-28,842.6189575195312,BAJFINANCE.NS,Bajaj Finance
2025-03-03,852.2548217773438,BAJFINANCE.NS,Bajaj Finance
2025-03-04,848.115966796875,BAJFINANCE.NS,Bajaj Finance
2025-03-05,819.7415771484375,BAJFINANCE.NS,Bajaj Finance
2025-03-06,830.8197021484375,BAJFINANCE.NS,Bajaj Finance
2025-03-07,830.1923828125,BAJFINANCE.NS,Bajaj Finance
2025-03-10,824.0780029296875,BAJFINANCE.NS,Bajaj Finance
2025-03-11,823.8656005859375,BAJFINANCE.NS,Bajaj Finance
2025-03-12,838.08984375,BAJFINANCE.NS,Bajaj Finance
2025-03-13,831.7679443359375,BAJFINANCE.NS,Bajaj Finance
2025-03-17,847.562744140625,BAJFINANCE.NS,Bajaj Finance
2025-03-18,847.562744140625,BAJFINANCE.NS,Bajaj Finance
2025-03-19,862.503173828125,BAJFINANCE.NS,Bajaj Finance
2025-03-20,857.37158203125,BAJFINANCE.NS,Bajaj Finance
2025-03-21,880.7279663085938,BAJFINANCE.NS,Bajaj Finance
2025-03-24,897.9107055664062,BAJFINANCE.NS,Bajaj Finance
2025-03-25,895.6585083007812,BAJFINANCE.NS,Bajaj Finance
2025-03-26,875.7840576171875,BAJFINANCE.NS,Bajaj Finance
2025-03-27,889.3959350585938,BAJFINANCE.NS,Bajaj Finance
2025-03-28,883.6420288085938,BAJFINANCE.NS,Bajaj Finance
2025-04-01,859.2039794921875,BAJFINANCE.NS,Bajaj Finance
2025-04-02,856.34423828125,BAJFINANCE.NS,Bajaj Finance
2025-04-03,848.9705200195312,BAJFINANCE.NS,Bajaj Finance
2025-04-04,861.2438354492188,BAJFINANCE.NS,Bajaj Finance
2025-04-07,846.3428344726562,BAJFINANCE.NS,Bajaj Finance
2025-04-08,871.4575805664062,BAJFINANCE.NS,Bajaj Finance
2025-04-09,862.9180908203125,BAJFINANCE.NS,Bajaj Finance
2025-04-11,881.2218627929688,BAJFINANCE.NS,Bajaj Finance
2025-04-15,902.9435424804688,BAJFINANCE.NS,Bajaj Finance
2025-04-16,894.5967407226562,BAJFINANCE.NS,Bajaj Finance
2025-04-17,905.0673217773438,BAJFINANCE.NS,Bajaj Finance
2025-04-21,916.0318603515625,BAJFINANCE.NS,Bajaj Finance
2025-04-22,914.7476806640625,BAJFINANCE.NS,Bajaj Finance
2025-04-23,920.92138671875,BAJFINANCE.NS,Bajaj Finance
2025-04-24,918.7482299804688,BAJFINANCE.NS,Bajaj Finance
2025-04-25,900.0789184570312,BAJFINANCE.NS,Bajaj Finance
2025-04-28,898.2021484375,BAJFINANCE.NS,Bajaj Finance
2025-04-29,898.2021484375,BAJFINANCE.NS,Bajaj Finance
2025-04-30,852.9116821289062,BAJFINANCE.NS,Bajaj Finance
2025-05-02,876.026123046875,BAJFINANCE.NS,Bajaj Finance
2025-05-05,882.2986450195312,BAJFINANCE.NS,Bajaj Finance
2025-05-06,869.0128173828125,BAJFINANCE.NS,Bajaj Finance
2025-05-07,887.68212890625,BAJFINANCE.NS,Bajaj Finance
2025-05-08,872.4700317382812,BAJFINANCE.NS,Bajaj Finance
2025-05-09,854.7150268554688,BAJFINANCE.NS,Bajaj Finance
2025-05-12,892.0549926757812,BAJFINANCE.NS,Bajaj Finance
2025-05-13,894.3795166015625,BAJFINANCE.NS,Bajaj Finance
2025-05-14,898.2371215820312,BAJFINANCE.NS,Bajaj Finance
2025-05-15,908.870361328125,BAJFINANCE.NS,Bajaj Finance
2025-05-16,906.7437744140625,BAJFINANCE.NS,Bajaj Finance
2025-05-19,915.4976196289062,BAJFINANCE.NS,Bajaj Finance
2025-05-20,898.0393676757812,BAJFINANCE.NS,Bajaj Finance
2025-05-21,909.7605590820312,BAJFINANCE.NS,Bajaj Finance
2025-05-22,903.9741821289062,BAJFINANCE.NS,Bajaj Finance
2025-05-23,914.3106079101562,BAJFINANCE.NS,Bajaj Finance
2025-05-26,916.8824462890625,BAJFINANCE.NS,Bajaj Finance
2025-05-27,907.139404296875,BAJFINANCE.NS,Bajaj Finance
2025-05-28,916.6846313476562,BAJFINANCE.NS,Bajaj Finance
2025-05-29,910.403564453125,BAJFINANCE.NS,Bajaj Finance
2025-05-30,912.4410400390625,BAJFINANCE.NS,Bajaj Finance
2025-06-02,906.2788696289062,BAJFINANCE.NS,Bajaj Finance
2025-06-03,892.4141845703125,BAJFINANCE.NS,Bajaj Finance
2025-06-04,893.2092895507812,BAJFINANCE.NS,Bajaj Finance
2025-06-05,887.941650390625,BAJFINANCE.NS,Bajaj Finance
2025-06-06,931.4243774414062,BAJFINANCE.NS,Bajaj Finance
2025-06-09,954.880126953125,BAJFINANCE.NS,Bajaj Finance
2025-06-10,943.9473266601562,BAJFINANCE.NS,Bajaj Finance
2025-06-11,936.7416381835938,BAJFINANCE.NS,Bajaj Finance
2025-06-12,931.1261596679688,BAJFINANCE.NS,Bajaj Finance
2025-06-13,927.3990478515625,BAJFINANCE.NS,Bajaj Finance
2025-06-16,932.2691650390625,BAJFINANCE.NS,Bajaj Finance
2025-06-17,917.3607788085938,BAJFINANCE.NS,Bajaj Finance
2025-06-18,913.38525390625,BAJFINANCE.NS,Bajaj Finance
2025-06-19,894.9982299804688,BAJFINANCE.NS,Bajaj Finance
2025-06-20,899.4707641601562,BAJFINANCE.NS,Bajaj Finance
2025-06-23,909.9066162109375,BAJFINANCE.NS,Bajaj Finance
2025-06-24,910.9005126953125,BAJFINANCE.NS,Bajaj Finance
2025-06-25,922.3302612304688,BAJFINANCE.NS,Bajaj Finance
2025-06-26,945.6866455078125,BAJFINANCE.NS,Bajaj Finance
2025-06-27,941.2141723632812,BAJFINANCE.NS,Bajaj Finance
2025-06-30,930.7783203125,BAJFINANCE.NS,Bajaj Finance
2025-07-01,930.9274291992188,BAJFINANCE.NS,Bajaj Finance
2025-07-02,917.3607788085938,BAJFINANCE.NS,Bajaj Finance
2025-07-03,904.5892944335938,BAJFINANCE.NS,Bajaj Finance
2025-07-04,919.646728515625,BAJFINANCE.NS,Bajaj Finance
2025-07-07,919.000732421875,BAJFINANCE.NS,Bajaj Finance
2025-07-08,921.982421875,BAJFINANCE.NS,Bajaj Finance
2025-07-09,934.8532104492188,BAJFINANCE.NS,Bajaj Finance
2025-07-10,941.8602294921875,BAJFINANCE.NS,Bajaj Finance
2025-07-11,927.796630859375,BAJFINANCE.NS,Bajaj Finance
2025-07-14,913.2361450195312,BAJFINANCE.NS,Bajaj Finance
2025-07-15,922.7278442382812,BAJFINANCE.NS,Bajaj Finance
2025-07-16,916.118408203125,BAJFINANCE.NS,Bajaj Finance
2025-07-17,917.658935546875,BAJFINANCE.NS,Bajaj Finance
2025-07-18,936.2446899414062,BAJFINANCE.NS,Bajaj Finance
2025-07-21,942.6553344726562,BAJFINANCE.NS,Bajaj Finance
2025-07-22,946.730224609375,BAJFINANCE.NS,Bajaj Finance
2025-07-23,962.384033203125,BAJFINANCE.NS,Bajaj Finance
2025-07-24,953.0911865234375,BAJFINANCE.NS,Bajaj Finance
2025-07-25,908.1672973632812,BAJFINANCE.NS,Bajaj Finance
2025-07-28,875.1204223632812,BAJFINANCE.NS,Bajaj Finance
2025-07-29,881.1334838867188,BAJFINANCE.NS,Bajaj Finance
2025-07-30,879.44384765625,BAJFINANCE.NS,Bajaj Finance
2025-07-31,875.816162109375,BAJFINANCE.NS,Bajaj Finance
2025-08-01,870.2503662109375,BAJFINANCE.NS,Bajaj Finance
2025-08-04,879.89111328125,BAJFINANCE.NS,Bajaj Finance
2025-08-05,886.4508056640625,BAJFINANCE.NS,Bajaj Finance
2025-08-06,871.2940063476562,BAJFINANCE.NS,Bajaj Finance
2025-08-07,873.72900390625,BAJFINANCE.NS,Bajaj Finance
2025-08-08,871.7909545898438,BAJFINANCE.NS,Bajaj Finance
2025-08-11,872.4369506835938,BAJFINANCE.NS,Bajaj Finance
2025-08-12,847.7884521484375,BAJFINANCE.NS,Bajaj Finance
2025-08-13,854.7456665039062,BAJFINANCE.NS,Bajaj Finance
2025-08-14,856.1868286132812,BAJFINANCE.NS,Bajaj Finance
2025-08-18,899.6695556640625,BAJFINANCE.NS,Bajaj Finance
2025-08-19,896.7872314453125,BAJFINANCE.NS,Bajaj Finance
2025-08-20,882.3758544921875,BAJFINANCE.NS,Bajaj Finance
2025-08-21,890.128173828125,BAJFINANCE.NS,Bajaj Finance
2025-08-22,889.034912109375,BAJFINANCE.NS,Bajaj Finance
2025-08-25,895.29638671875,BAJFINANCE.NS,Bajaj Finance
2025-08-26,870.8964233398438,BAJFINANCE.NS,Bajaj Finance
2025-08-28,871.4927368164062,BAJFINANCE.NS,Bajaj Finance
2025-08-29,872.4866333007812,BAJFINANCE.NS,Bajaj Finance
2025-09-01,883.9163818359375,BAJFINANCE.NS,Bajaj Finance
2025-09-02,884.6617431640625,BAJFINANCE.NS,Bajaj Finance
2025-09-03,890.8239135742188,BAJFINANCE.NS,Bajaj Finance
2025-09-04,929.0390014648438,BAJFINANCE.NS,Bajaj Finance
2025-09-05,931.87158203125,BAJFINANCE.NS,Bajaj Finance
2025-09-08,938.5306396484375,BAJFINANCE.NS,Bajaj Finance
2025-09-09,942.6056518554688,BAJFINANCE.NS,Bajaj Finance
2025-09-10,962.0361938476562,BAJFINANCE.NS,Bajaj Finance
2025-09-11,964.3220825195312,BAJFINANCE.NS,Bajaj Finance
2025-09-12,997.1204833984375,BAJFINANCE.NS,Bajaj Finance
2025-09-15,1003.6801147460938,BAJFINANCE.NS,Bajaj Finance
2025-09-16,997.1204833984375,BAJFINANCE.NS,Bajaj Finance
2025-09-17,1001.3445434570312,BAJFINANCE.NS,Bajaj Finance
2025-09-18,990.4117431640625,BAJFINANCE.NS,Bajaj Finance
2025-09-19,986.386474609375,BAJFINANCE.NS,Bajaj Finance
2025-09-22,1000.3506469726562,BAJFINANCE.NS,Bajaj Finance
2025-09-23,1019.2345581054688,BAJFINANCE.NS,Bajaj Finance
2025-09-24,1023.4585571289062,BAJFINANCE.NS,Bajaj Finance
2025-09-25,1006.5624389648438,BAJFINANCE.NS,Bajaj Finance
2025-09-26,979.0813598632812,BAJFINANCE.NS,Bajaj Finance
2025-09-29,984.8956298828125,BAJFINANCE.NS,Bajaj Finance
2025-09-30,992.797119140625,BAJFINANCE.NS,Bajaj Finance
2025-10-01,981.66552734375,BAJFINANCE.NS,Bajaj Finance
2025-10-03,983.7029418945312,BAJFINANCE.NS,Bajaj Finance
2025-10-06,1002.7360229492188,BAJFINANCE.NS,Bajaj Finance
2025-10-07,1010.3392333984375,BAJFINANCE.NS,Bajaj Finance
2025-10-08,1016.89892578125,BAJFINANCE.NS,Bajaj Finance
2025-10-09,1017.8430786132812,BAJFINANCE.NS,Bajaj Finance
2025-10-10,1017.5946044921875,BAJFINANCE.NS,Bajaj Finance
2025-10-13,1030.415771484375,BAJFINANCE.NS,Bajaj Finance
2025-10-14,1012.92333984375,BAJFINANCE.NS,Bajaj Finance
2025-10-15,1053.4244384765625,BAJFINANCE.NS,Bajaj Finance
2025-10-16,1059.2386474609375,BAJFINANCE.NS,Bajaj Finance
2025-10-17,1063.56201171875,BAJFINANCE.NS,Bajaj Finance
2025-10-20,1074.3955078125,BAJFINANCE.NS,Bajaj Finance
2025-10-21,1079.86181640625,BAJFINANCE.NS,Bajaj Finance
2025-10-23,1087.465087890625,BAJFINANCE.NS,Bajaj Finance
2025-10-24,1083.092041015625,BAJFINANCE.NS,Bajaj Finance
2025-10-27,1077.774658203125,BAJFINANCE.NS,Bajaj Finance
2025-10-28,1066.1959228515625,BAJFINANCE.NS,Bajaj Finance
2025-10-29,1056.4556884765625,BAJFINANCE.NS,Bajaj Finance
2025-10-30,1045.870849609375,BAJFINANCE.NS,Bajaj Finance
2025-10-31,1036.428955078125,BAJFINANCE.NS,Bajaj Finance
2025-11-03,1036.72705078125,BAJFINANCE.NS,Bajaj Finance
2025-11-04,1050.5421142578125,BAJFINANCE.NS,Bajaj Finance
2025-11-06,1035.534423828125,BAJFINANCE.NS,Bajaj Finance
2025-11-07,1060.0833740234375,BAJFINANCE.NS,Bajaj Finance
2025-11-10,1078.3709716796875,BAJFINANCE.NS,Bajaj Finance
2025-11-11,999.05859375,BAJFINANCE.NS,Bajaj Finance
2025-11-12,1007.0097045898438,BAJFINANCE.NS,Bajaj Finance
2025-11-13,999.2573852539062,BAJFINANCE.NS,Bajaj Finance
2025-11-14,1012.27734375,BAJFINANCE.NS,Bajaj Finance
2025-11-17,1020.5266723632812,BAJFINANCE.NS,Bajaj Finance
2025-11-18,1007.4072265625,BAJFINANCE.NS,Bajaj Finance
2025-11-19,999.4561157226562,BAJFINANCE.NS,Bajaj Finance
2025-11-20,1022.3156127929688,BAJFINANCE.NS,Bajaj Finance
2025-11-21,997.9652709960938,BAJFINANCE.NS,Bajaj Finance
2025-11-24,987.927001953125,BAJFINANCE.NS,Bajaj Finance
2025-11-25,980.1746826171875,BAJFINANCE.NS,Bajaj Finance
2025-11-26,1004.5249633789062,BAJFINANCE.NS,Bajaj Finance
2025-11-27,1027.48388671875,BAJFINANCE.NS,Bajaj Finance
2025-11-28,1031.1612548828125,BAJFINANCE.NS,Bajaj Finance
2025-12-01,1014.8613891601562,BAJFINANCE.NS,Bajaj Finance
2025-12-02,1019.2345581054688,BAJFINANCE.NS,Bajaj Finance
2025-12-03,1015.1596069335938,BAJFINANCE.NS,Bajaj Finance
2025-12-04,1022.8125,BAJFINANCE.NS,Bajaj Finance
2025-12-05,1041.5970458984375,BAJFINANCE.NS,Bajaj Finance
2025-12-08,1020.1290893554688,BAJFINANCE.NS,Bajaj Finance
2025-12-09,1010.4883422851562,BAJFINANCE.NS,Bajaj Finance
2025-12-10,1004.1273803710938,BAJFINANCE.NS,Bajaj Finance
2025-12-11,1000.2512817382812,BAJFINANCE.NS,Bajaj Finance
2025-12-12,1011.0846557617188,BAJFINANCE.NS,Bajaj Finance
2025-12-15,1006.5127563476562,BAJFINANCE.NS,Bajaj Finance
2025-12-16,992.3001708984375,BAJFINANCE.NS,Bajaj Finance
2025-12-17,993.4927368164062,BAJFINANCE.NS,Bajaj Finance
2025-12-18,994.1884765625,BAJFINANCE.NS,Bajaj Finance
2025-12-19,1002.1396484375,BAJFINANCE.NS,Bajaj Finance
2025-12-22,1001.6427001953125,BAJFINANCE.NS,Bajaj Finance
2025-12-23,1005.220703125,BAJFINANCE.NS,Bajaj Finance
2025-12-24,1005.5188598632812,BAJFINANCE.NS,Bajaj Finance
2025-12-26,993.8903198242188,BAJFINANCE.NS,Bajaj Finance
2025-12-29,991.902587890625,BAJFINANCE.NS,Bajaj Finance
2025-12-30,983.2556762695312,BAJFINANCE.NS,Bajaj Finance
2025-12-31,980.77099609375,BAJFINANCE.NS,Bajaj Finance
2026-01-01,967.1546630859375,BAJFINANCE.NS,Bajaj Finance
2026-01-02,984.398681640625,BAJFINANCE.NS,Bajaj Finance
2026-01-05,972.7702026367188,BAJFINANCE.NS,Bajaj Finance
2026-01-06,971.3787231445312,BAJFINANCE.NS,Bajaj Finance
2026-01-07,962.8809814453125,BAJFINANCE.NS,Bajaj Finance
2026-01-08,966.01171875,BAJFINANCE.NS,Bajaj Finance
2026-01-09,953.7371215820312,BAJFINANCE.NS,Bajaj Finance
2026-01-12,946.084228515625,BAJFINANCE.NS,Bajaj Finance
2026-01-13,943.2019653320312,BAJFINANCE.NS,Bajaj Finance
2026-01-14,940.1705932617188,BAJFINANCE.NS,Bajaj Finance
2026-01-15,940.1705932617188,BAJFINANCE.NS,Bajaj Finance
2026-01-16,944.4442749023438,BAJFINANCE.NS,Bajaj Finance
2026-01-19,963.5269775390625,BAJFINANCE.NS,Bajaj Finance
2026-01-20,927.4984741210938,BAJFINANCE.NS,Bajaj Finance
2026-01-21,930.5298461914062,BAJFINANCE.NS,Bajaj Finance
2026-01-22,937.0894775390625,BAJFINANCE.NS,Bajaj Finance
2026-01-23,922.18115234375,BAJFINANCE.NS,Bajaj Finance
2026-01-27,909.1115112304688,BAJFINANCE.NS,Bajaj Finance
2026-01-28,929.4365844726562,BAJFINANCE.NS,Bajaj Finance
2026-01-29,929.4365844726562,BAJFINANCE.NS,Bajaj Finance
2026-01-30,924.1688842773438,BAJFINANCE.NS,Bajaj Finance
2026-02-02,898.1787109375,BAJFINANCE.NS,Bajaj Finance
2026-02-03,958.5078735351562,BAJFINANCE.NS,Bajaj Finance
2026-02-04,957.41455078125,BAJFINANCE.NS,Bajaj Finance
2026-02-05,958.855712890625,BAJFINANCE.NS,Bajaj Finance
2026-02-06,975.7021484375,BAJFINANCE.NS,Bajaj Finance
2026-02-09,977.143310546875,BAJFINANCE.NS,Bajaj Finance
2026-02-10,959.7005004882812,BAJFINANCE.NS,Bajaj Finance
2026-02-11,963.0300903320312,BAJFINANCE.NS,Bajaj Finance
2026-02-12,992.995849609375,BAJFINANCE.NS,Bajaj Finance
2026-02-13,1018.4891357421875,BAJFINANCE.NS,Bajaj Finance
2026-02-16,1006.5624389648438,BAJFINANCE.NS,Bajaj Finance
2026-02-17,1007.9539184570312,BAJFINANCE.NS,Bajaj Finance
2026-02-18,1017.544921875,BAJFINANCE.NS,Bajaj Finance
2026-02-19,1010.836181640625,BAJFINANCE.NS,Bajaj Finance
2026-02-20,1023.90576171875,BAJFINANCE.NS,Bajaj Finance
2026-02-23,1024.700927734375,BAJFINANCE.NS,Bajaj Finance
2026-02-24,1017.2964477539062,BAJFINANCE.NS,Bajaj Finance
2026-02-25,1014.8117065429688,BAJFINANCE.NS,Bajaj Finance
2026-02-26,1006.76123046875,BAJFINANCE.NS,Bajaj Finance
2026-02-27,989.8154296875,BAJFINANCE.NS,Bajaj Finance
2026-03-02,972.2732543945312,BAJFINANCE.NS,Bajaj Finance
2026-03-04,939.3257446289062,BAJFINANCE.NS,Bajaj Finance
2026-03-05,956.5200805664062,BAJFINANCE.NS,Bajaj Finance
2026-03-06,944.3945922851562,BAJFINANCE.NS,Bajaj Finance
2026-03-09,932.31884765625,BAJFINANCE.NS,Bajaj Finance
2026-03-10,934.05810546875,BAJFINANCE.NS,Bajaj Finance
2026-03-11,888.1901245117188,BAJFINANCE.NS,Bajaj Finance
2026-03-12,857.8267211914062,BAJFINANCE.NS,Bajaj Finance
2026-03-13,849.825927734375,BAJFINANCE.NS,Bajaj Finance
2026-03-16,872.7848510742188,BAJFINANCE.NS,Bajaj Finance
2026-03-17,863.2931518554688,BAJFINANCE.NS,Bajaj Finance
2026-03-18,874.7228393554688,BAJFINANCE.NS,Bajaj Finance
2026-03-19,827.1155395507812,BAJFINANCE.NS,Bajaj Finance
2026-03-20,825.4755859375,BAJFINANCE.NS,Bajaj Finance
2026-03-23,807.63525390625,BAJFINANCE.NS,Bajaj Finance
2026-03-24,843.8129272460938,BAJFINANCE.NS,Bajaj Finance
2026-03-25,877.356689453125,BAJFINANCE.NS,Bajaj Finance
2026-03-27,838.6446533203125,BAJFINANCE.NS,Bajaj Finance
2026-03-30,796.6527709960938,BAJFINANCE.NS,Bajaj Finance
2026-04-01,812.3065795898438,BAJFINANCE.NS,Bajaj Finance
2026-04-02,821.7982177734375,BAJFINANCE.NS,Bajaj Finance
2026-04-06,845.6515502929688,BAJFINANCE.NS,Bajaj Finance
2026-04-07,849.8756103515625,BAJFINANCE.NS,Bajaj Finance
2026-04-08,909.4593505859375,BAJFINANCE.NS,Bajaj Finance
2026-04-09,897.7314453125,BAJFINANCE.NS,Bajaj Finance
2026-04-10,918.9013061523438,BAJFINANCE.NS,Bajaj Finance
2026-04-13,893.457763671875,BAJFINANCE.NS,Bajaj Finance
2026-04-15,907.5709838867188,BAJFINANCE.NS,Bajaj Finance
2026-04-16,900.3652954101562,BAJFINANCE.NS,Bajaj Finance
2026-04-17,902.700927734375,BAJFINANCE.NS,Bajaj Finance
2026-04-20,912.1428833007812,BAJFINANCE.NS,Bajaj Finance
2026-04-21,933.1139526367188,BAJFINANCE.NS,Bajaj Finance
2026-04-22,929.0390014648438,BAJFINANCE.NS,Bajaj Finance
2026-04-23,912.7391967773438,BAJFINANCE.NS,Bajaj Finance
2026-04-24,915.9196166992188,BAJFINANCE.NS,Bajaj Finance
2026-04-27,916.1680908203125,BAJFINANCE.NS,Bajaj Finance
2026-04-28,918.0068359375,BAJFINANCE.NS,Bajaj Finance
2026-04-29,924.3179931640625,BAJFINANCE.NS,Bajaj Finance
2026-04-30,931.2752685546875,BAJFINANCE.NS,Bajaj Finance
2026-05-01,931.2752685546875,BAJFINANCE.NS,Bajaj Finance
2026-05-04,944.3945922851562,BAJFINANCE.NS,Bajaj Finance
2026-05-05,952.7432861328125,BAJFINANCE.NS,Bajaj Finance
2026-05-06,974.7579345703125,BAJFINANCE.NS,Bajaj Finance
2026-05-07,966.8068237304688,BAJFINANCE.NS,Bajaj Finance
2026-05-08,949.5131225585938,BAJFINANCE.NS,Bajaj Finance
2026-05-11,930.3310546875,BAJFINANCE.NS,Bajaj Finance
2026-05-12,898.6756591796875,BAJFINANCE.NS,Bajaj Finance
2026-05-13,890.6748657226562,BAJFINANCE.NS,Bajaj Finance
2026-05-14,906.5770874023438,BAJFINANCE.NS,Bajaj Finance
2026-05-15,904.887451171875,BAJFINANCE.NS,Bajaj Finance
2026-05-18,915.4723510742188,BAJFINANCE.NS,Bajaj Finance
2026-05-19,917.9074096679688,BAJFINANCE.NS,Bajaj Finance
2026-05-20,917.4601440429688,BAJFINANCE.NS,Bajaj Finance
2026-05-21,902.1046142578125,BAJFINANCE.NS,Bajaj Finance
2026-05-22,910.9501953125,BAJFINANCE.NS,Bajaj Finance
2026-05-25,936.1453247070312,BAJFINANCE.NS,Bajaj Finance
2026-05-26,924.5167846679688,BAJFINANCE.NS,Bajaj Finance
2026-05-27,925.4609985351562,BAJFINANCE.NS,Bajaj Finance
2026-05-28,925.4609985351562,BAJFINANCE.NS,Bajaj Finance
2026-05-29,902.700927734375,BAJFINANCE.NS,Bajaj Finance
2026-06-01,883.6182250976562,BAJFINANCE.NS,Bajaj Finance
2026-06-02,876.6112670898438,BAJFINANCE.NS,Bajaj Finance
2026-06-03,871.4430541992188,BAJFINANCE.NS,Bajaj Finance
2026-06-04,869.0577392578125,BAJFINANCE.NS,Bajaj Finance
2026-06-05,883.9661254882812,BAJFINANCE.NS,Bajaj Finance
2026-06-08,865.77783203125,BAJFINANCE.NS,Bajaj Finance
2026-06-09,881.4813842773438,BAJFINANCE.NS,Bajaj Finance
2026-06-10,878.6984252929688,BAJFINANCE.NS,Bajaj Finance
2026-06-11,865.231201171875,BAJFINANCE.NS,Bajaj Finance
2026-06-12,912.6895141601562,BAJFINANCE.NS,Bajaj Finance
2026-06-15,936.5428466796875,BAJFINANCE.NS,Bajaj Finance
2026-06-16,953.786865234375,BAJFINANCE.NS,Bajaj Finance
2026-06-17,952.5445556640625,BAJFINANCE.NS,Bajaj Finance
2026-06-18,952.9917602539062,BAJFINANCE.NS,Bajaj Finance
2026-06-19,955.9237060546875,BAJFINANCE.NS,Bajaj Finance
2026-06-22,962.384033203125,BAJFINANCE.NS,Bajaj Finance
2026-06-23,956.5200805664062,BAJFINANCE.NS,Bajaj Finance
2026-06-24,984.8956298828125,BAJFINANCE.NS,Bajaj Finance
2026-06-25,974.4100952148438,BAJFINANCE.NS,Bajaj Finance
2026-06-26,974.4100952148438,BAJFINANCE.NS,Bajaj Finance
2026-06-29,976.0499877929688,BAJFINANCE.NS,Bajaj Finance
2026-06-30,1004.75,BAJFINANCE.NS,Bajaj Finance
2026-07-01,1014.9000244140625,BAJFINANCE.NS,Bajaj Finance
2026-07-02,1018.4000244140625,BAJFINANCE.NS,Bajaj Finance
2026-07-03,1031.4000244140625,BAJFINANCE.NS,Bajaj Finance
2026-07-06,1029.0999755859375,BAJFINANCE.NS,Bajaj Finance
2026-07-07,1042.5,BAJFINANCE.NS,Bajaj Finance
2026-07-08,1010.4000244140625,BAJFINANCE.NS,Bajaj Finance
2026-07-09,1003.7999877929688,BAJFINANCE.NS,Bajaj Finance
2026-07-10,1020.5,BAJFINANCE.NS,Bajaj Finance
2026-07-13,1022.5999755859375,BAJFINANCE.NS,Bajaj Finance
2026-07-14,1006.5999755859375,BAJFINANCE.NS,Bajaj Finance
2026-07-15,1021.2999877929688,BAJFINANCE.NS,Bajaj Finance
2026-07-16,1037.5999755859375,BAJFINANCE.NS,Bajaj Finance
2026-07-17,1056.300048828125,BAJFINANCE.NS,Bajaj Finance
2026-07-20,1064.0,BAJFINANCE.NS,Bajaj Finance
2026-07-21,1069.199951171875,BAJFINANCE.NS,Bajaj Finance
2026-07-22,1060.300048828125,BAJFINANCE.NS,Bajaj Finance
2026-07-23,1039.800048828125,BAJFINANCE.NS,Bajaj Finance
2026-07-24,1012.7999877929688,BAJFINANCE.NS,Bajaj Finance
2026-07-27,1048.300048828125,BAJFINANCE.NS,Bajaj Finance
2026-07-28,1048.4000244140625,BAJFINANCE.NS,Bajaj Finance
2026-07-29,1054.4000244140625,BAJFINANCE.NS,Bajaj Finance
2026-07-30,1053.5,BAJFINANCE.NS,Bajaj Finance
2026-07-31,1141.199951171875,BAJFINANCE.NS,Bajaj Finance
2026-08-03,1153.0,BAJFINANCE.NS,Bajaj Finance
2026-08-04,1149.0,BAJFINANCE.NS,Bajaj Finance
2026-08-05,1158.800048828125,BAJFINANCE.NS,Bajaj Finance
2026-08-06,1144.800048828125,BAJFINANCE.NS,Bajaj Finance
2026-08-07,1078.0,BAJFINANCE.NS,Bajaj Finance
2026-08-10,1102.199951171875,BAJFINANCE.NS,Bajaj Finance
2026-08-11,1093.300048828125,BAJFINANCE.NS,Bajaj Finance
2026-08-12,1094.199951171875,BAJFINANCE.NS,Bajaj Finance
2026-08-13,1090.800048828125,BAJFINANCE.NS,Bajaj Finance
2026-08-14,1087.0,BAJFINANCE.NS,Bajaj Finance
2026-08-17,1089.300048828125,BAJFINANCE.NS,Bajaj Finance
2026-08-18,,BAJFINANCE.NS,Bajaj Finance
2021-08-18,383.9194030761719,SBIN.NS,State Bank of India
2021-08-20,372.0277404785156,SBIN.NS,State Bank of India
2021-08-23,374.5889892578125,SBIN.NS,State Bank of India
2021-08-24,381.99847412109375,SBIN.NS,State Bank of India
2021-08-25,380.7635192871094,SBIN.NS,State Bank of India
2021-08-26,375.7324523925781,SBIN.NS,State Bank of India
2021-08-27,377.2875061035156,SBIN.NS,State Bank of India
2021-08-30,386.6636657714844,SBIN.NS,State Bank of India
2021-08-31,389.72802734375,SBIN.NS,State Bank of India
2021-09-01,393.24981689453125,SBIN.NS,State Bank of India
2021-09-02,393.11260986328125,SBIN.NS,State Bank of India
2021-09-03,394.6219482421875,SBIN.NS,State Bank of India
2021-09-06,394.3017883300781,SBIN.NS,State Bank of India
2021-09-07,392.51806640625,SBIN.NS,State Bank of India
2021-09-08,394.5762023925781,SBIN.NS,State Bank of India
2021-09-09,395.44525146484375,SBIN.NS,State Bank of India
2021-09-13,395.9483642578125,SBIN.NS,State Bank of India
2021-09-14,396.0855712890625,SBIN.NS,State Bank of India
2021-09-15,406.01055908203125,SBIN.NS,State Bank of India
2021-09-16,424.1683044433594,SBIN.NS,State Bank of India
2021-09-17,415.3867492675781,SBIN.NS,State Bank of India
2021-09-20,400.1562194824219,SBIN.NS,State Bank of India
2021-09-21,401.3910827636719,SBIN.NS,State Bank of India
2021-09-22,401.4367980957031,SBIN.NS,State Bank of India
2021-09-23,411.4532775878906,SBIN.NS,State Bank of India
2021-09-24,403.1748046875,SBIN.NS,State Bank of India
2021-09-27,408.5260925292969,SBIN.NS,State Bank of India
2021-09-28,406.9710388183594,SBIN.NS,State Bank of India
2021-09-29,420.7837219238281,SBIN.NS,State Bank of India
2021-09-30,414.3804931640625,SBIN.NS,State Bank of India
2021-10-01,413.14556884765625,SBIN.NS,State Bank of India
2021-10-04,423.6651611328125,SBIN.NS,State Bank of India
2021-10-05,425.08306884765625,SBIN.NS,State Bank of India
2021-10-06,418.2224426269531,SBIN.NS,State Bank of India
2021-10-07,418.86273193359375,SBIN.NS,State Bank of India
2021-10-08,418.9542236328125,SBIN.NS,State Bank of India
2021-10-11,429.2451171875,SBIN.NS,State Bank of India
2021-10-12,441.8229064941406,SBIN.NS,State Bank of India
2021-10-13,440.6337585449219,SBIN.NS,State Bank of India
2021-10-14,448.7749938964844,SBIN.NS,State Bank of India
2021-10-18,455.4984130859375,SBIN.NS,State Bank of India
2021-10-19,446.57958984375,SBIN.NS,State Bank of India
2021-10-20,457.2821350097656,SBIN.NS,State Bank of India
2021-10-21,460.0721435546875,SBIN.NS,State Bank of India
2021-10-22,460.0721435546875,SBIN.NS,State Bank of India
2021-10-25,463.3194580078125,SBIN.NS,State Bank of India
2021-10-26,468.85369873046875,SBIN.NS,State Bank of India
2021-10-27,474.89105224609375,SBIN.NS,State Bank of India
2021-10-28,458.6085205078125,SBIN.NS,State Bank of India
2021-10-29,459.34033203125,SBIN.NS,State Bank of India
2021-11-01,471.73516845703125,SBIN.NS,State Bank of India
2021-11-02,477.2236633300781,SBIN.NS,State Bank of India
2021-11-03,482.6664123535156,SBIN.NS,State Bank of India
2021-11-04,485.22772216796875,SBIN.NS,State Bank of India
2021-11-08,478.6414489746094,SBIN.NS,State Bank of India
2021-11-09,484.03851318359375,SBIN.NS,State Bank of India
2021-11-10,479.6934509277344,SBIN.NS,State Bank of India
2021-11-11,466.1551818847656,SBIN.NS,State Bank of India
2021-11-12,467.7559814453125,SBIN.NS,State Bank of India
2021-11-15,463.36517333984375,SBIN.NS,State Bank of India
2021-11-16,452.8913269042969,SBIN.NS,State Bank of India
2021-11-17,455.68133544921875,SBIN.NS,State Bank of India
2021-11-18,460.8496398925781,SBIN.NS,State Bank of India
2021-11-22,444.9330749511719,SBIN.NS,State Bank of India
2021-11-23,451.01611328125,SBIN.NS,State Bank of India
2021-11-24,451.10760498046875,SBIN.NS,State Bank of India
2021-11-25,448.729248046875,SBIN.NS,State Bank of India
2021-11-26,430.3885803222656,SBIN.NS,State Bank of India
2021-11-29,425.4489440917969,SBIN.NS,State Bank of India
2021-11-30,421.2868347167969,SBIN.NS,State Bank of India
2021-12-01,434.77935791015625,SBIN.NS,State Bank of India
2021-12-02,436.3344421386719,SBIN.NS,State Bank of India
2021-12-03,432.8126220703125,SBIN.NS,State Bank of India
2021-12-06,425.6318664550781,SBIN.NS,State Bank of India
2021-12-07,436.05999755859375,SBIN.NS,State Bank of India
2021-12-08,449.64398193359375,SBIN.NS,State Bank of India
2021-12-09,446.9912414550781,SBIN.NS,State Bank of India
2021-12-10,452.5254211425781,SBIN.NS,State Bank of India
2021-12-13,446.2137145996094,SBIN.NS,State Bank of India
2021-12-14,446.8997497558594,SBIN.NS,State Bank of India
2021-12-15,443.4694519042969,SBIN.NS,State Bank of India
2021-12-16,440.130615234375,SBIN.NS,State Bank of India
2021-12-17,427.9187316894531,SBIN.NS,State Bank of India
2021-12-20,410.9045104980469,SBIN.NS,State Bank of India
2021-12-21,407.9772644042969,SBIN.NS,State Bank of India
2021-12-22,416.987548828125,SBIN.NS,State Bank of India
2021-12-23,422.43023681640625,SBIN.NS,State Bank of India
2021-12-24,417.9937744140625,SBIN.NS,State Bank of India
2021-12-27,418.99993896484375,SBIN.NS,State Bank of India
2021-12-28,421.8814697265625,SBIN.NS,State Bank of India
2021-12-29,415.6611328125,SBIN.NS,State Bank of India
2021-12-30,413.19134521484375,SBIN.NS,State Bank of India
2021-12-31,421.1954040527344,SBIN.NS,State Bank of India
2022-01-03,430.6629943847656,SBIN.NS,State Bank of India
2022-01-04,442.2802734375,SBIN.NS,State Bank of India
2022-01-05,450.42156982421875,SBIN.NS,State Bank of India
2022-01-06,449.7812194824219,SBIN.NS,State Bank of India
2022-01-07,449.3695983886719,SBIN.NS,State Bank of India
2022-01-10,460.71246337890625,SBIN.NS,State Bank of India
2022-01-11,462.81640625,SBIN.NS,State Bank of India
2022-01-12,466.749755859375,SBIN.NS,State Bank of India
2022-01-13,467.7559814453125,SBIN.NS,State Bank of India
2022-01-14,465.0117492675781,SBIN.NS,State Bank of India
2022-01-17,470.1800537109375,SBIN.NS,State Bank of India
2022-01-18,463.5938720703125,SBIN.NS,State Bank of India
2022-01-19,471.82659912109375,SBIN.NS,State Bank of India
2022-01-20,467.8017272949219,SBIN.NS,State Bank of India
2022-01-21,459.84344482421875,SBIN.NS,State Bank of India
2022-01-24,452.0223083496094,SBIN.NS,State Bank of India
2022-01-25,470.774658203125,SBIN.NS,State Bank of India
2022-01-27,483.8555603027344,SBIN.NS,State Bank of India
2022-01-28,478.82440185546875,SBIN.NS,State Bank of India
2022-01-31,492.4084167480469,SBIN.NS,State Bank of India
2022-02-01,486.919921875,SBIN.NS,State Bank of India
2022-02-02,493.7804870605469,SBIN.NS,State Bank of India
2022-02-03,494.054931640625,SBIN.NS,State Bank of India
2022-02-04,485.0904541015625,SBIN.NS,State Bank of India
2022-02-07,487.7889709472656,SBIN.NS,State Bank of India
2022-02-08,486.05096435546875,SBIN.NS,State Bank of India
2022-02-09,489.61846923828125,SBIN.NS,State Bank of India
2022-02-10,494.4666442871094,SBIN.NS,State Bank of India
2022-02-11,484.4501037597656,SBIN.NS,State Bank of India
2022-02-14,458.6542663574219,SBIN.NS,State Bank of India
2022-02-15,480.0593566894531,SBIN.NS,State Bank of India
2022-02-16,472.64990234375,SBIN.NS,State Bank of India
2022-02-17,469.2196350097656,SBIN.NS,State Bank of India
2022-02-18,471.36920166015625,SBIN.NS,State Bank of India
2022-02-21,468.21337890625,SBIN.NS,State Bank of India
2022-02-22,455.9100341796875,SBIN.NS,State Bank of India
2022-02-23,456.1844482421875,SBIN.NS,State Bank of India
2022-02-24,432.355224609375,SBIN.NS,State Bank of India
2022-02-25,441.77716064453125,SBIN.NS,State Bank of India
2022-02-28,442.0058288574219,SBIN.NS,State Bank of India
2022-03-02,433.8188781738281,SBIN.NS,State Bank of India
2022-03-03,427.5528259277344,SBIN.NS,State Bank of India
2022-03-04,422.5674743652344,SBIN.NS,State Bank of India
2022-03-07,402.76318359375,SBIN.NS,State Bank of India
2022-03-08,402.76318359375,SBIN.NS,State Bank of India
2022-03-09,413.19134521484375,SBIN.NS,State Bank of India
2022-03-10,428.7420349121094,SBIN.NS,State Bank of India
2022-03-11,430.2513732910156,SBIN.NS,State Bank of India
2022-03-14,443.78961181640625,SBIN.NS,State Bank of India
2022-03-15,444.4299621582031,SBIN.NS,State Bank of India
2022-03-16,450.74169921875,SBIN.NS,State Bank of India
2022-03-17,459.1116027832031,SBIN.NS,State Bank of India
2022-03-21,448.7749938964844,SBIN.NS,State Bank of India
2022-03-22,451.6107177734375,SBIN.NS,State Bank of India
2022-03-23,448.82073974609375,SBIN.NS,State Bank of India
2022-03-24,445.5733642578125,SBIN.NS,State Bank of India
2022-03-25,448.866455078125,SBIN.NS,State Bank of India
2022-03-28,455.08673095703125,SBIN.NS,State Bank of India
2022-03-29,452.7998962402344,SBIN.NS,State Bank of India
2022-03-30,452.1595458984375,SBIN.NS,State Bank of India
2022-03-31,451.4734802246094,SBIN.NS,State Bank of India
2022-04-01,464.87457275390625,SBIN.NS,State Bank of India
2022-04-04,468.7165222167969,SBIN.NS,State Bank of India
2022-04-05,465.9721984863281,SBIN.NS,State Bank of India
2022-04-06,470.1343688964844,SBIN.NS,State Bank of India
2022-04-07,471.0491027832031,SBIN.NS,State Bank of India
2022-04-08,472.10101318359375,SBIN.NS,State Bank of India
2022-04-11,471.00335693359375,SBIN.NS,State Bank of India
2022-04-12,469.1280822753906,SBIN.NS,State Bank of India
2022-04-13,473.56463623046875,SBIN.NS,State Bank of India
2022-04-18,466.0636901855469,SBIN.NS,State Bank of India
2022-04-19,468.1676330566406,SBIN.NS,State Bank of India
2022-04-20,465.88079833984375,SBIN.NS,State Bank of India
2022-04-21,472.28399658203125,SBIN.NS,State Bank of India
2022-04-22,457.9224548339844,SBIN.NS,State Bank of India
2022-04-25,452.5711975097656,SBIN.NS,State Bank of India
2022-04-26,462.40472412109375,SBIN.NS,State Bank of India
2022-04-27,454.8580627441406,SBIN.NS,State Bank of India
2022-04-28,464.2342224121094,SBIN.NS,State Bank of India
2022-04-29,453.9890441894531,SBIN.NS,State Bank of India
2022-05-02,449.140869140625,SBIN.NS,State Bank of India
2022-05-04,438.7585144042969,SBIN.NS,State Bank of India
2022-05-05,439.07867431640625,SBIN.NS,State Bank of India
2022-05-06,442.69189453125,SBIN.NS,State Bank of India
2022-05-09,435.32818603515625,SBIN.NS,State Bank of India
2022-05-10,434.6878662109375,SBIN.NS,State Bank of India
2022-05-11,435.9228210449219,SBIN.NS,State Bank of India
2022-05-12,423.20782470703125,SBIN.NS,State Bank of India
2022-05-13,406.74237060546875,SBIN.NS,State Bank of India
2022-05-16,416.2099914550781,SBIN.NS,State Bank of India
2022-05-17,427.46136474609375,SBIN.NS,State Bank of India
2022-05-18,418.9542236328125,SBIN.NS,State Bank of India
2022-05-19,409.349365234375,SBIN.NS,State Bank of India
2022-05-20,422.9790954589844,SBIN.NS,State Bank of India
2022-05-23,421.6069641113281,SBIN.NS,State Bank of India
2022-05-24,422.6589050292969,SBIN.NS,State Bank of India
2022-05-25,421.8692932128906,SBIN.NS,State Bank of India
2022-05-26,435.6188049316406,SBIN.NS,State Bank of India
2022-05-27,435.665283203125,SBIN.NS,State Bank of India
2022-05-30,440.9142761230469,SBIN.NS,State Bank of India
2022-05-31,434.8756103515625,SBIN.NS,State Bank of India
2022-06-01,435.0613708496094,SBIN.NS,State Bank of India
2022-06-02,436.50140380859375,SBIN.NS,State Bank of India
2022-06-03,431.5311279296875,SBIN.NS,State Bank of India
2022-06-06,430.78790283203125,SBIN.NS,State Bank of India
2022-06-07,430.50921630859375,SBIN.NS,State Bank of India
2022-06-08,437.8485107421875,SBIN.NS,State Bank of India
2022-06-09,433.8072204589844,SBIN.NS,State Bank of India
2022-06-10,429.0692138671875,SBIN.NS,State Bank of India
2022-06-13,414.2048645019531,SBIN.NS,State Bank of India
2022-06-14,416.2951354980469,SBIN.NS,State Bank of India
2022-06-15,419.3144836425781,SBIN.NS,State Bank of India
2022-06-16,410.2565002441406,SBIN.NS,State Bank of India
2022-06-17,409.6990966796875,SBIN.NS,State Bank of India
2022-06-20,403.8462219238281,SBIN.NS,State Bank of India
2022-06-21,418.7570495605469,SBIN.NS,State Bank of India
2022-06-22,415.8770751953125,SBIN.NS,State Bank of India
2022-06-23,419.3609313964844,SBIN.NS,State Bank of India
2022-06-24,422.0086364746094,SBIN.NS,State Bank of India
2022-06-27,428.46539306640625,SBIN.NS,State Bank of India
2022-06-28,431.29888916015625,SBIN.NS,State Bank of India
2022-06-29,426.5144348144531,SBIN.NS,State Bank of India
2022-06-30,432.8317565917969,SBIN.NS,State Bank of India
2022-07-01,433.7143249511719,SBIN.NS,State Bank of India
2022-07-04,439.84588623046875,SBIN.NS,State Bank of India
2022-07-05,438.6381530761719,SBIN.NS,State Bank of India
2022-07-06,445.8845520019531,SBIN.NS,State Bank of India
2022-07-07,452.201904296875,SBIN.NS,State Bank of India
2022-07-08,453.87408447265625,SBIN.NS,State Bank of India
2022-07-11,453.5489807128906,SBIN.NS,State Bank of India
2022-07-12,450.5296630859375,SBIN.NS,State Bank of India
2022-07-13,451.9696350097656,SBIN.NS,State Bank of India
2022-07-14,445.3271179199219,SBIN.NS,State Bank of India
2022-07-15,445.0948791503906,SBIN.NS,State Bank of India
2022-07-18,455.4999084472656,SBIN.NS,State Bank of India
2022-07-19,462.6069641113281,SBIN.NS,State Bank of India
2022-07-20,472.5010681152344,SBIN.NS,State Bank of India
2022-07-21,475.7061462402344,SBIN.NS,State Bank of India
2022-07-22,477.23907470703125,SBIN.NS,State Bank of India
2022-07-25,481.04803466796875,SBIN.NS,State Bank of India
2022-07-26,477.7035827636719,SBIN.NS,State Bank of India
2022-07-27,490.7098693847656,SBIN.NS,State Bank of India
2022-07-28,494.65826416015625,SBIN.NS,State Bank of India
2022-07-29,490.8492126464844,SBIN.NS,State Bank of India
2022-08-01,495.8659362792969,SBIN.NS,State Bank of India
2022-08-02,503.6232604980469,SBIN.NS,State Bank of India
2022-08-03,502.4620056152344,SBIN.NS,State Bank of India
2022-08-04,495.4015197753906,SBIN.NS,State Bank of India
2022-08-05,493.35760498046875,SBIN.NS,State Bank of India
2022-08-08,483.4635314941406,SBIN.NS,State Bank of India
2022-08-10,478.1680908203125,SBIN.NS,State Bank of India
2022-08-11,487.5047302246094,SBIN.NS,State Bank of India
2022-08-12,493.0324401855469,SBIN.NS,State Bank of India
2022-08-16,488.61956787109375,SBIN.NS,State Bank of India
2022-08-17,490.6634521484375,SBIN.NS,State Bank of India
2022-08-18,494.5653381347656,SBIN.NS,State Bank of India
2022-08-19,483.4170227050781,SBIN.NS,State Bank of India
2022-08-22,475.0093688964844,SBIN.NS,State Bank of India
2022-08-23,484.8570861816406,SBIN.NS,State Bank of India
2022-08-24,482.4415588378906,SBIN.NS,State Bank of India
2022-08-25,483.4635314941406,SBIN.NS,State Bank of India
2022-08-26,486.6221923828125,SBIN.NS,State Bank of India
2022-08-29,478.3074035644531,SBIN.NS,State Bank of India
2022-08-30,493.54345703125,SBIN.NS,State Bank of India
2022-09-01,495.4479064941406,SBIN.NS,State Bank of India
2022-09-02,498.6065979003906,SBIN.NS,State Bank of India
2022-09-05,500.6504211425781,SBIN.NS,State Bank of India
2022-09-06,499.6285095214844,SBIN.NS,State Bank of India
2022-09-07,495.0298156738281,SBIN.NS,State Bank of India
2022-09-08,505.9922790527344,SBIN.NS,State Bank of India
2022-09-09,514.0748291015625,SBIN.NS,State Bank of India
2022-09-12,515.5148315429688,SBIN.NS,State Bank of India
2022-09-13,518.394775390625,SBIN.NS,State Bank of India
2022-09-14,531.1688232421875,SBIN.NS,State Bank of India
2022-09-15,531.5404663085938,SBIN.NS,State Bank of India
2022-09-16,521.925048828125,SBIN.NS,State Bank of India
2022-09-19,531.6333618164062,SBIN.NS,State Bank of India
2022-09-20,533.3055419921875,SBIN.NS,State Bank of India
2022-09-21,529.2643432617188,SBIN.NS,State Bank of India
2022-09-22,527.03466796875,SBIN.NS,State Bank of India
2022-09-23,511.5199279785156,SBIN.NS,State Bank of India
2022-09-26,504.73809814453125,SBIN.NS,State Bank of India
2022-09-27,498.4208068847656,SBIN.NS,State Bank of India
2022-09-28,487.5976257324219,SBIN.NS,State Bank of India
2022-09-29,484.7177429199219,SBIN.NS,State Bank of India
2022-09-30,492.9395446777344,SBIN.NS,State Bank of India
2022-10-03,482.85968017578125,SBIN.NS,State Bank of India
2022-10-04,494.8905029296875,SBIN.NS,State Bank of India
2022-10-06,499.1640319824219,SBIN.NS,State Bank of India
2022-10-07,492.56793212890625,SBIN.NS,State Bank of India
2022-10-10,493.0788879394531,SBIN.NS,State Bank of India
2022-10-11,489.9667053222656,SBIN.NS,State Bank of India
2022-10-12,495.9123840332031,SBIN.NS,State Bank of India
2022-10-13,484.43902587890625,SBIN.NS,State Bank of India
2022-10-14,489.7809143066406,SBIN.NS,State Bank of India
2022-10-17,505.0633239746094,SBIN.NS,State Bank of India
2022-10-18,522.5289306640625,SBIN.NS,State Bank of India
2022-10-19,514.1212768554688,SBIN.NS,State Bank of India
2022-10-20,515.9793701171875,SBIN.NS,State Bank of India
2022-10-21,521.0424194335938,SBIN.NS,State Bank of India
2022-10-24,530.007568359375,SBIN.NS,State Bank of India
2022-10-25,537.4861450195312,SBIN.NS,State Bank of India
2022-10-27,538.5081176757812,SBIN.NS,State Bank of India
2022-10-28,530.2398071289062,SBIN.NS,State Bank of India
2022-10-31,533.0733642578125,SBIN.NS,State Bank of India
2022-11-01,535.953369140625,SBIN.NS,State Bank of India
2022-11-02,533.1198120117188,SBIN.NS,State Bank of India
2022-11-03,543.385498046875,SBIN.NS,State Bank of India
2022-11-04,551.793212890625,SBIN.NS,State Bank of India
2022-11-07,570.5594482421875,SBIN.NS,State Bank of India
2022-11-09,571.8600463867188,SBIN.NS,State Bank of India
2022-11-10,562.7556762695312,SBIN.NS,State Bank of India
2022-11-11,558.6214599609375,SBIN.NS,State Bank of India
2022-11-14,550.4925537109375,SBIN.NS,State Bank of India
2022-11-15,558.2033081054688,SBIN.NS,State Bank of India
2022-11-16,557.1814575195312,SBIN.NS,State Bank of India
2022-11-17,556.5311279296875,SBIN.NS,State Bank of India
2022-11-18,559.9220581054688,SBIN.NS,State Bank of India
2022-11-21,555.6485595703125,SBIN.NS,State Bank of India
2022-11-22,556.57763671875,SBIN.NS,State Bank of India
2022-11-23,564.5208129882812,SBIN.NS,State Bank of India
2022-11-24,566.1000366210938,SBIN.NS,State Bank of India
2022-11-25,564.2885131835938,SBIN.NS,State Bank of India
2022-11-28,565.4033203125,SBIN.NS,State Bank of India
2022-11-29,565.3568725585938,SBIN.NS,State Bank of India
2022-11-30,559.6898193359375,SBIN.NS,State Bank of India
2022-12-01,564.9387817382812,SBIN.NS,State Bank of India
2022-12-02,564.4278564453125,SBIN.NS,State Bank of India
2022-12-05,573.4857788085938,SBIN.NS,State Bank of India
2022-12-06,565.7284545898438,SBIN.NS,State Bank of India
2022-12-07,563.96337890625,SBIN.NS,State Bank of India
2022-12-08,568.2368774414062,SBIN.NS,State Bank of India
2022-12-09,572.7426147460938,SBIN.NS,State Bank of India
2022-12-12,569.5374145507812,SBIN.NS,State Bank of India
2022-12-13,572.9749145507812,SBIN.NS,State Bank of India
2022-12-14,581.103759765625,SBIN.NS,State Bank of India
2022-12-15,572.231689453125,SBIN.NS,State Bank of India
2022-12-16,560.5259399414062,SBIN.NS,State Bank of India
2022-12-19,561.5479125976562,SBIN.NS,State Bank of India
2022-12-20,561.5479125976562,SBIN.NS,State Bank of India
2022-12-21,551.2821655273438,SBIN.NS,State Bank of India
2022-12-22,551.2821655273438,SBIN.NS,State Bank of India
2022-12-23,533.2590942382812,SBIN.NS,State Bank of India
2022-12-26,554.719482421875,SBIN.NS,State Bank of India
2022-12-27,559.178955078125,SBIN.NS,State Bank of India
2022-12-28,558.38916015625,SBIN.NS,State Bank of India
2022-12-29,568.3761596679688,SBIN.NS,State Bank of India
2022-12-30,570.1412963867188,SBIN.NS,State Bank of India
2023-01-02,568.7478637695312,SBIN.NS,State Bank of India
2023-01-03,568.9336547851562,SBIN.NS,State Bank of India
2023-01-04,562.24462890625,SBIN.NS,State Bank of India
2023-01-05,562.1516723632812,SBIN.NS,State Bank of India
2023-01-06,558.0176391601562,SBIN.NS,State Bank of India
2023-01-09,564.5671997070312,SBIN.NS,State Bank of India
2023-01-10,552.9080200195312,SBIN.NS,State Bank of India
2023-01-11,554.3480224609375,SBIN.NS,State Bank of India
2023-01-12,552.6757202148438,SBIN.NS,State Bank of India
2023-01-13,557.5066528320312,SBIN.NS,State Bank of India
2023-01-16,560.2007446289062,SBIN.NS,State Bank of India
2023-01-17,550.8641357421875,SBIN.NS,State Bank of India
2023-01-18,549.4705810546875,SBIN.NS,State Bank of India
2023-01-19,547.984130859375,SBIN.NS,State Bank of India
2023-01-20,550.1673583984375,SBIN.NS,State Bank of India
2023-01-23,557.831787109375,SBIN.NS,State Bank of India
2023-01-24,552.1646728515625,SBIN.NS,State Bank of India
2023-01-25,528.3353271484375,SBIN.NS,State Bank of India
2023-01-27,501.62591552734375,SBIN.NS,State Bank of India
2023-01-30,500.00018310546875,SBIN.NS,State Bank of India
2023-01-31,514.2141723632812,SBIN.NS,State Bank of India
2023-02-01,489.9201965332031,SBIN.NS,State Bank of India
2023-02-02,490.6169128417969,SBIN.NS,State Bank of India
2023-02-03,505.5743103027344,SBIN.NS,State Bank of India
2023-02-06,506.68914794921875,SBIN.NS,State Bank of India
2023-02-07,508.26837158203125,SBIN.NS,State Bank of India
2023-02-08,510.7303771972656,SBIN.NS,State Bank of India
2023-02-09,511.7057800292969,SBIN.NS,State Bank of India
2023-02-10,513.7960815429688,SBIN.NS,State Bank of India
2023-02-13,499.34979248046875,SBIN.NS,State Bank of India
2023-02-14,502.4620056152344,SBIN.NS,State Bank of India
2023-02-15,503.7626953125,SBIN.NS,State Bank of India
2023-02-16,501.7652282714844,SBIN.NS,State Bank of India
2023-02-17,493.3111267089844,SBIN.NS,State Bank of India
2023-02-20,487.87640380859375,SBIN.NS,State Bank of India
2023-02-21,486.2970275878906,SBIN.NS,State Bank of India
2023-02-22,479.700927734375,SBIN.NS,State Bank of India
2023-02-23,484.0209045410156,SBIN.NS,State Bank of India
2023-02-24,484.0673522949219,SBIN.NS,State Bank of India
2023-02-27,490.24542236328125,SBIN.NS,State Bank of India
2023-02-28,485.69317626953125,SBIN.NS,State Bank of India
2023-03-01,498.6065979003906,SBIN.NS,State Bank of India
2023-03-02,495.8659362792969,SBIN.NS,State Bank of India
2023-03-03,521.3676147460938,SBIN.NS,State Bank of India
2023-03-06,521.8321533203125,SBIN.NS,State Bank of India
2023-03-08,524.7120971679688,SBIN.NS,State Bank of India
2023-03-09,519.23095703125,SBIN.NS,State Bank of India
2023-03-10,508.5006408691406,SBIN.NS,State Bank of India
2023-03-13,492.3821105957031,SBIN.NS,State Bank of India
2023-03-14,488.108642578125,SBIN.NS,State Bank of India
2023-03-15,480.8157958984375,SBIN.NS,State Bank of India
2023-03-16,487.27252197265625,SBIN.NS,State Bank of India
2023-03-17,492.1962890625,SBIN.NS,State Bank of India
2023-03-20,482.34869384765625,SBIN.NS,State Bank of India
2023-03-21,484.81060791015625,SBIN.NS,State Bank of India
2023-03-22,484.53192138671875,SBIN.NS,State Bank of India
2023-03-23,476.3564758300781,SBIN.NS,State Bank of India
2023-03-24,469.4817199707031,SBIN.NS,State Bank of India
2023-03-27,473.9410095214844,SBIN.NS,State Bank of India
2023-03-28,472.0365295410156,SBIN.NS,State Bank of India
2023-03-29,479.84033203125,SBIN.NS,State Bank of India
2023-03-31,486.57574462890625,SBIN.NS,State Bank of India
2023-04-03,489.36279296875,SBIN.NS,State Bank of India
2023-04-05,485.87896728515625,SBIN.NS,State Bank of India
2023-04-06,490.198974609375,SBIN.NS,State Bank of India
2023-04-10,488.94476318359375,SBIN.NS,State Bank of India
2023-04-11,494.3330383300781,SBIN.NS,State Bank of India
2023-04-12,490.7098693847656,SBIN.NS,State Bank of India
2023-04-13,495.122802734375,SBIN.NS,State Bank of India
2023-04-17,505.3884582519531,SBIN.NS,State Bank of India
2023-04-18,507.1070556640625,SBIN.NS,State Bank of India
2023-04-19,501.9510192871094,SBIN.NS,State Bank of India
2023-04-20,506.13165283203125,SBIN.NS,State Bank of India
2023-04-21,504.5987854003906,SBIN.NS,State Bank of India
2023-04-24,515.236083984375,SBIN.NS,State Bank of India
2023-04-25,521.925048828125,SBIN.NS,State Bank of India
2023-04-26,526.152099609375,SBIN.NS,State Bank of India
2023-04-27,524.6657104492188,SBIN.NS,State Bank of India
2023-04-28,537.25390625,SBIN.NS,State Bank of India
2023-05-02,534.466796875,SBIN.NS,State Bank of India
2023-05-03,530.007568359375,SBIN.NS,State Bank of India
2023-05-04,538.833251953125,SBIN.NS,State Bank of India
2023-05-05,535.5817260742188,SBIN.NS,State Bank of India
2023-05-08,542.1776733398438,SBIN.NS,State Bank of India
2023-05-09,532.7946166992188,SBIN.NS,State Bank of India
2023-05-10,531.5868530273438,SBIN.NS,State Bank of India
2023-05-11,532.7481689453125,SBIN.NS,State Bank of India
2023-05-12,537.1146240234375,SBIN.NS,State Bank of India
2023-05-15,540.5984497070312,SBIN.NS,State Bank of India
2023-05-16,544.6860961914062,SBIN.NS,State Bank of India
2023-05-17,544.6860961914062,SBIN.NS,State Bank of India
2023-05-18,533.4449462890625,SBIN.NS,State Bank of India
2023-05-19,534.3275756835938,SBIN.NS,State Bank of India
2023-05-22,536.185546875,SBIN.NS,State Bank of India
2023-05-23,540.3197021484375,SBIN.NS,State Bank of India
2023-05-24,541.3416137695312,SBIN.NS,State Bank of India
2023-05-25,539.9945068359375,SBIN.NS,State Bank of India
2023-05-26,544.407470703125,SBIN.NS,State Bank of India
2023-05-29,552.7686157226562,SBIN.NS,State Bank of India
2023-05-30,550.7246704101562,SBIN.NS,State Bank of India
2023-05-31,549.1620483398438,SBIN.NS,State Bank of India
2023-06-01,551.9086303710938,SBIN.NS,State Bank of India
2023-06-02,556.1231079101562,SBIN.NS,State Bank of India
2023-06-05,556.1231079101562,SBIN.NS,State Bank of India
2023-06-06,554.3710327148438,SBIN.NS,State Bank of India
2023-06-07,558.0172729492188,SBIN.NS,State Bank of India
2023-06-08,557.3543701171875,SBIN.NS,State Bank of India
2023-06-09,548.072998046875,SBIN.NS,State Bank of India
2023-06-12,548.025634765625,SBIN.NS,State Bank of India
2023-06-13,545.8947143554688,SBIN.NS,State Bank of India
2023-06-14,546.0366821289062,SBIN.NS,State Bank of India
2023-06-15,536.5186157226562,SBIN.NS,State Bank of India
2023-06-16,541.0172119140625,SBIN.NS,State Bank of India
2023-06-19,538.7442626953125,SBIN.NS,State Bank of India
2023-06-20,537.3710327148438,SBIN.NS,State Bank of India
2023-06-21,536.3765258789062,SBIN.NS,State Bank of India
2023-06-22,533.1565551757812,SBIN.NS,State Bank of India
2023-06-23,525.2484130859375,SBIN.NS,State Bank of India
2023-06-26,527.5687255859375,SBIN.NS,State Bank of India
2023-06-27,536.1397705078125,SBIN.NS,State Bank of India
2023-06-28,539.64404296875,SBIN.NS,State Bank of India
2023-06-30,542.5325927734375,SBIN.NS,State Bank of India
2023-07-03,554.4657592773438,SBIN.NS,State Bank of India
2023-07-04,558.0645751953125,SBIN.NS,State Bank of India
2023-07-05,559.3431396484375,SBIN.NS,State Bank of India
2023-07-06,561.142578125,SBIN.NS,State Bank of India
2023-07-07,562.184326171875,SBIN.NS,State Bank of India
2023-07-10,561.2373046875,SBIN.NS,State Bank of India
2023-07-11,557.4016723632812,SBIN.NS,State Bank of India
2023-07-12,558.0645751953125,SBIN.NS,State Bank of India
2023-07-13,554.6552124023438,SBIN.NS,State Bank of India
2023-07-14,553.4713134765625,SBIN.NS,State Bank of India
2023-07-17,569.2874755859375,SBIN.NS,State Bank of India
2023-07-18,561.0005493164062,SBIN.NS,State Bank of India
2023-07-19,569.6189575195312,SBIN.NS,State Bank of India
2023-07-20,577.7637939453125,SBIN.NS,State Bank of India
2023-07-21,582.5465087890625,SBIN.NS,State Bank of India
2023-07-24,584.9616088867188,SBIN.NS,State Bank of India
2023-07-25,577.3375854492188,SBIN.NS,State Bank of India
2023-07-26,582.5939331054688,SBIN.NS,State Bank of India
2023-07-27,583.9197998046875,SBIN.NS,State Bank of India
2023-07-28,583.4462890625,SBIN.NS,State Bank of India
2023-07-31,587.3766479492188,SBIN.NS,State Bank of India
2023-08-01,579.468505859375,SBIN.NS,State Bank of India
2023-08-02,566.7777099609375,SBIN.NS,State Bank of India
2023-08-03,559.2484741210938,SBIN.NS,State Bank of India
2023-08-04,542.958740234375,SBIN.NS,State Bank of India
2023-08-07,537.8446044921875,SBIN.NS,State Bank of India
2023-08-08,542.769287109375,SBIN.NS,State Bank of India
2023-08-09,543.3849487304688,SBIN.NS,State Bank of India
2023-08-10,543.290283203125,SBIN.NS,State Bank of India
2023-08-11,543.7638549804688,SBIN.NS,State Bank of India
2023-08-14,531.1202392578125,SBIN.NS,State Bank of India
2023-08-16,535.4295043945312,SBIN.NS,State Bank of India
2023-08-17,541.86962890625,SBIN.NS,State Bank of India
2023-08-18,542.6273193359375,SBIN.NS,State Bank of India
2023-08-21,541.4434204101562,SBIN.NS,State Bank of India
2023-08-22,538.412841796875,SBIN.NS,State Bank of India
2023-08-23,546.3682861328125,SBIN.NS,State Bank of India
2023-08-24,546.4155883789062,SBIN.NS,State Bank of India
2023-08-25,539.7860717773438,SBIN.NS,State Bank of India
2023-08-28,542.5325927734375,SBIN.NS,State Bank of India
2023-08-29,544.4266967773438,SBIN.NS,State Bank of India
2023-08-30,537.3710327148438,SBIN.NS,State Bank of India
2023-08-31,531.6411743164062,SBIN.NS,State Bank of India
2023-09-01,539.4072265625,SBIN.NS,State Bank of India
2023-09-04,545.0896606445312,SBIN.NS,State Bank of India
2023-09-05,542.6746215820312,SBIN.NS,State Bank of India
2023-09-06,540.3069458007812,SBIN.NS,State Bank of India
2023-09-07,548.4044189453125,SBIN.NS,State Bank of India
2023-09-08,552.5715942382812,SBIN.NS,State Bank of India
2023-09-11,560.385009765625,SBIN.NS,State Bank of India
2023-09-12,557.2122192382812,SBIN.NS,State Bank of India
2023-09-13,564.8836059570312,SBIN.NS,State Bank of India
2023-09-14,565.6885986328125,SBIN.NS,State Bank of India
2023-09-15,567.1091918945312,SBIN.NS,State Bank of India
2023-09-18,571.9866333007812,SBIN.NS,State Bank of India
2023-09-20,569.2874755859375,SBIN.NS,State Bank of India
2023-09-21,557.0228881835938,SBIN.NS,State Bank of India
2023-09-22,566.4935913085938,SBIN.NS,State Bank of India
2023-09-25,562.6105346679688,SBIN.NS,State Bank of India
2023-09-26,562.9420776367188,SBIN.NS,State Bank of India
2023-09-27,558.5381469726562,SBIN.NS,State Bank of India
2023-09-28,558.7275390625,SBIN.NS,State Bank of India
2023-09-29,566.8723754882812,SBIN.NS,State Bank of India
2023-10-03,571.03955078125,SBIN.NS,State Bank of India
2023-10-04,555.223388671875,SBIN.NS,State Bank of India
2023-10-05,560.8111572265625,SBIN.NS,State Bank of India
2023-10-06,562.7999877929688,SBIN.NS,State Bank of India
2023-10-09,554.1342163085938,SBIN.NS,State Bank of India
2023-10-10,560.337646484375,SBIN.NS,State Bank of India
2023-10-11,557.2122192382812,SBIN.NS,State Bank of India
2023-10-12,555.0339965820312,SBIN.NS,State Bank of India
2023-10-13,545.6578979492188,SBIN.NS,State Bank of India
2023-10-16,545.1843872070312,SBIN.NS,State Bank of India
2023-10-17,545.9420166015625,SBIN.NS,State Bank of India
2023-10-18,542.3432006835938,SBIN.NS,State Bank of India
2023-10-19,540.9698486328125,SBIN.NS,State Bank of India
2023-10-20,533.2985229492188,SBIN.NS,State Bank of India
2023-10-23,523.685791015625,SBIN.NS,State Bank of India
2023-10-25,526.7637329101562,SBIN.NS,State Bank of India
2023-10-26,518.0506591796875,SBIN.NS,State Bank of India
2023-10-27,531.4517822265625,SBIN.NS,State Bank of India
2023-10-30,535.2874755859375,SBIN.NS,State Bank of India
2023-10-31,535.6188354492188,SBIN.NS,State Bank of India
2023-11-01,536.4239501953125,SBIN.NS,State Bank of India
2023-11-02,541.8222045898438,SBIN.NS,State Bank of India
2023-11-03,547.5521240234375,SBIN.NS,State Bank of India
2023-11-06,543.9531860351562,SBIN.NS,State Bank of India
2023-11-07,549.0673828125,SBIN.NS,State Bank of India
2023-11-08,549.5882568359375,SBIN.NS,State Bank of India
2023-11-09,547.741455078125,SBIN.NS,State Bank of India
2023-11-10,548.8306274414062,SBIN.NS,State Bank of India
2023-11-13,550.5827026367188,SBIN.NS,State Bank of India
2023-11-15,553.75537109375,SBIN.NS,State Bank of India
2023-11-16,553.7080688476562,SBIN.NS,State Bank of India
2023-11-17,533.251220703125,SBIN.NS,State Bank of India
2023-11-20,533.9141845703125,SBIN.NS,State Bank of India
2023-11-21,531.783203125,SBIN.NS,State Bank of India
2023-11-22,529.3682250976562,SBIN.NS,State Bank of India
2023-11-23,530.3153076171875,SBIN.NS,State Bank of India
2023-11-24,530.6941528320312,SBIN.NS,State Bank of India
2023-11-28,534.5772094726562,SBIN.NS,State Bank of India
2023-11-29,538.5075073242188,SBIN.NS,State Bank of India
2023-11-30,534.861328125,SBIN.NS,State Bank of India
2023-12-01,541.4907836914062,SBIN.NS,State Bank of India
2023-12-04,563.2261962890625,SBIN.NS,State Bank of India
2023-12-05,576.0590209960938,SBIN.NS,State Bank of India
2023-12-06,576.2484741210938,SBIN.NS,State Bank of India
2023-12-07,579.3265380859375,SBIN.NS,State Bank of India
2023-12-08,581.6468505859375,SBIN.NS,State Bank of India
2023-12-11,581.7415161132812,SBIN.NS,State Bank of India
2023-12-12,579.9894409179688,SBIN.NS,State Bank of India
2023-12-13,587.0451049804688,SBIN.NS,State Bank of India
2023-12-14,590.64404296875,SBIN.NS,State Bank of India
2023-12-15,613.942138671875,SBIN.NS,State Bank of India
2023-12-18,614.1788940429688,SBIN.NS,State Bank of India
2023-12-19,620.7137451171875,SBIN.NS,State Bank of India
2023-12-20,602.7666015625,SBIN.NS,State Bank of India
2023-12-21,609.6802978515625,SBIN.NS,State Bank of India
2023-12-22,603.0507202148438,SBIN.NS,State Bank of India
2023-12-26,604.2819213867188,SBIN.NS,State Bank of India
2023-12-27,614.2262573242188,SBIN.NS,State Bank of India
2023-12-28,616.9254150390625,SBIN.NS,State Bank of India
2023-12-29,608.0701904296875,SBIN.NS,State Bank of India
2024-01-01,607.4072265625,SBIN.NS,State Bank of India
2024-01-02,605.60791015625,SBIN.NS,State Bank of India
2024-01-03,609.3961791992188,SBIN.NS,State Bank of India
2024-01-04,608.733154296875,SBIN.NS,State Bank of India
2024-01-05,607.9755249023438,SBIN.NS,State Bank of India
2024-01-08,593.8167114257812,SBIN.NS,State Bank of India
2024-01-09,592.3014526367188,SBIN.NS,State Bank of India
2024-01-10,588.8445434570312,SBIN.NS,State Bank of India
2024-01-11,587.3766479492188,SBIN.NS,State Bank of India
2024-01-12,600.0674438476562,SBIN.NS,State Bank of India
2024-01-15,606.2234497070312,SBIN.NS,State Bank of India
2024-01-16,603.1928100585938,SBIN.NS,State Bank of India
2024-01-17,592.8696899414062,SBIN.NS,State Bank of India
2024-01-18,595.0479125976562,SBIN.NS,State Bank of India
2024-01-19,594.5270385742188,SBIN.NS,State Bank of India
2024-01-23,573.0757446289062,SBIN.NS,State Bank of India
2024-01-24,585.5771484375,SBIN.NS,State Bank of India
2024-01-25,580.3208618164062,SBIN.NS,State Bank of India
2024-01-29,589.9810791015625,SBIN.NS,State Bank of India
2024-01-30,593.5799560546875,SBIN.NS,State Bank of India
2024-01-31,606.6022338867188,SBIN.NS,State Bank of India
2024-02-01,613.3739013671875,SBIN.NS,State Bank of India
2024-02-02,615.26806640625,SBIN.NS,State Bank of India
2024-02-05,608.922607421875,SBIN.NS,State Bank of India
2024-02-06,615.8362426757812,SBIN.NS,State Bank of India
2024-02-07,639.5131225585938,SBIN.NS,State Bank of India
2024-02-08,662.527099609375,SBIN.NS,State Bank of India
2024-02-09,686.8670043945312,SBIN.NS,State Bank of India
2024-02-12,670.4352416992188,SBIN.NS,State Bank of India
2024-02-13,675.6915283203125,SBIN.NS,State Bank of India
2024-02-14,704.0564575195312,SBIN.NS,State Bank of India
2024-02-15,721.387939453125,SBIN.NS,State Bank of India
2024-02-16,714.7583618164062,SBIN.NS,State Bank of India
2024-02-19,719.0675048828125,SBIN.NS,State Bank of India
2024-02-20,719.87255859375,SBIN.NS,State Bank of India
2024-02-21,730.6693115234375,SBIN.NS,State Bank of India
2024-02-22,725.3656616210938,SBIN.NS,State Bank of India
2024-02-23,718.8781127929688,SBIN.NS,State Bank of India
2024-02-26,718.736083984375,SBIN.NS,State Bank of India
2024-02-27,710.1649780273438,SBIN.NS,State Bank of India
2024-02-28,703.2040405273438,SBIN.NS,State Bank of India
2024-02-29,708.5076904296875,SBIN.NS,State Bank of India
2024-03-01,728.443603515625,SBIN.NS,State Bank of India
2024-03-04,731.1900634765625,SBIN.NS,State Bank of India
2024-03-05,742.4603881835938,SBIN.NS,State Bank of India
2024-03-06,742.4130249023438,SBIN.NS,State Bank of India
2024-03-07,746.3433837890625,SBIN.NS,State Bank of India
2024-03-11,732.7528076171875,SBIN.NS,State Bank of India
2024-03-12,719.4937744140625,SBIN.NS,State Bank of India
2024-03-13,707.70263671875,SBIN.NS,State Bank of India
2024-03-14,701.8307495117188,SBIN.NS,State Bank of India
2024-03-15,693.1650390625,SBIN.NS,State Bank of India
2024-03-18,692.2653198242188,SBIN.NS,State Bank of India
2024-03-19,685.4937133789062,SBIN.NS,State Bank of India
2024-03-20,697.2847900390625,SBIN.NS,State Bank of India
2024-03-21,704.9087524414062,SBIN.NS,State Bank of India
2024-03-22,707.1817626953125,SBIN.NS,State Bank of India
2024-03-26,700.8836669921875,SBIN.NS,State Bank of India
2024-03-27,694.4909057617188,SBIN.NS,State Bank of India
2024-03-28,712.53271484375,SBIN.NS,State Bank of India
2024-04-01,718.1677856445312,SBIN.NS,State Bank of India
2024-04-02,725.8391723632812,SBIN.NS,State Bank of India
2024-04-03,730.2430419921875,SBIN.NS,State Bank of India
2024-04-04,719.1149291992188,SBIN.NS,State Bank of India
2024-04-05,724.2764892578125,SBIN.NS,State Bank of India
2024-04-08,727.6385498046875,SBIN.NS,State Bank of India
2024-04-09,723.7555541992188,SBIN.NS,State Bank of India
2024-04-10,737.8196411132812,SBIN.NS,State Bank of India
2024-04-12,725.7444458007812,SBIN.NS,State Bank of India
2024-04-15,717.4102172851562,SBIN.NS,State Bank of India
2024-04-16,711.9171752929688,SBIN.NS,State Bank of India
2024-04-18,705.3822631835938,SBIN.NS,State Bank of India
2024-04-19,710.7332763671875,SBIN.NS,State Bank of India
2024-04-22,725.5549926757812,SBIN.NS,State Bank of India
2024-04-23,732.0899047851562,SBIN.NS,State Bank of India
2024-04-24,732.1845703125,SBIN.NS,State Bank of India
2024-04-25,769.6888427734375,SBIN.NS,State Bank of India
2024-04-26,758.89208984375,SBIN.NS,State Bank of India
2024-04-29,782.7584838867188,SBIN.NS,State Bank of India
2024-04-30,782.5216674804688,SBIN.NS,State Bank of India
2024-05-02,786.1205444335938,SBIN.NS,State Bank of India
2024-05-03,787.446533203125,SBIN.NS,State Bank of India
2024-05-06,765.048095703125,SBIN.NS,State Bank of India
2024-05-07,759.4603881835938,SBIN.NS,State Bank of India
2024-05-08,767.8893432617188,SBIN.NS,State Bank of India
2024-05-09,776.4129638671875,SBIN.NS,State Bank of India
2024-05-10,774.0927124023438,SBIN.NS,State Bank of India
2024-05-13,765.9951782226562,SBIN.NS,State Bank of India
2024-05-14,774.897705078125,SBIN.NS,State Bank of India
2024-05-15,776.8865356445312,SBIN.NS,State Bank of India
2024-05-16,768.9784545898438,SBIN.NS,State Bank of India
2024-05-17,774.5662231445312,SBIN.NS,State Bank of India
2024-05-21,786.6888427734375,SBIN.NS,State Bank of India
2024-05-22,788.422119140625,SBIN.NS,State Bank of India
2024-05-23,801.277587890625,SBIN.NS,State Bank of India
2024-05-24,797.9072265625,SBIN.NS,State Bank of India
2024-05-27,802.818359375,SBIN.NS,State Bank of India
2024-05-28,800.3628540039062,SBIN.NS,State Bank of India
2024-05-29,792.1776733398438,SBIN.NS,State Bank of India
2024-05-30,795.2590942382812,SBIN.NS,State Bank of India
2024-05-31,799.5924072265625,SBIN.NS,State Bank of India
2024-06-03,872.1032104492188,SBIN.NS,State Bank of India
2024-06-04,746.4852905273438,SBIN.NS,State Bank of India
2024-06-05,760.4962768554688,SBIN.NS,State Bank of India
2024-06-06,786.6887817382812,SBIN.NS,State Bank of India
2024-06-07,799.207275390625,SBIN.NS,State Bank of India
2024-06-10,800.9887084960938,SBIN.NS,State Bank of India
2024-06-11,804.5997924804688,SBIN.NS,State Bank of India
2024-06-12,808.0182495117188,SBIN.NS,State Bank of India
2024-06-13,812.6405639648438,SBIN.NS,State Bank of India
2024-06-14,808.1146240234375,SBIN.NS,State Bank of India
2024-06-18,813.603515625,SBIN.NS,State Bank of India
2024-06-19,821.0181884765625,SBIN.NS,State Bank of India
2024-06-20,812.4960327148438,SBIN.NS,State Bank of India
2024-06-21,805.322021484375,SBIN.NS,State Bank of India
2024-06-24,801.8554077148438,SBIN.NS,State Bank of India
2024-06-25,811.0516357421875,SBIN.NS,State Bank of India
2024-06-26,814.0367431640625,SBIN.NS,State Bank of India
2024-06-27,812.73681640625,SBIN.NS,State Bank of India
2024-06-28,817.5034790039062,SBIN.NS,State Bank of India
2024-07-01,810.7627563476562,SBIN.NS,State Bank of India
2024-07-02,795.5480346679688,SBIN.NS,State Bank of India
2024-07-03,808.8368530273438,SBIN.NS,State Bank of India
2024-07-04,808.2108764648438,SBIN.NS,State Bank of India
2024-07-05,827.9033813476562,SBIN.NS,State Bank of India
2024-07-08,824.5330200195312,SBIN.NS,State Bank of India
2024-07-09,829.3959350585938,SBIN.NS,State Bank of India
2024-07-10,817.5515747070312,SBIN.NS,State Bank of India
2024-07-11,824.9664306640625,SBIN.NS,State Bank of India
2024-07-12,827.855224609375,SBIN.NS,State Bank of India
2024-07-15,848.7033081054688,SBIN.NS,State Bank of India
2024-07-16,848.0773315429688,SBIN.NS,State Bank of India
2024-07-18,860.451416015625,SBIN.NS,State Bank of India
2024-07-19,856.4069213867188,SBIN.NS,State Bank of India
2024-07-22,844.3218383789062,SBIN.NS,State Bank of India
2024-07-23,831.8997192382812,SBIN.NS,State Bank of India
2024-07-24,820.4404907226562,SBIN.NS,State Bank of India
2024-07-25,817.070068359375,SBIN.NS,State Bank of India
2024-07-26,830.50341796875,SBIN.NS,State Bank of India
2024-07-29,839.3143920898438,SBIN.NS,State Bank of India
2024-07-30,840.469970703125,SBIN.NS,State Bank of India
2024-07-31,840.0848388671875,SBIN.NS,State Bank of India
2024-08-01,830.696044921875,SBIN.NS,State Bank of India
2024-08-02,816.4441528320312,SBIN.NS,State Bank of India
2024-08-05,781.5850830078125,SBIN.NS,State Bank of India
2024-08-06,768.15185546875,SBIN.NS,State Bank of India
2024-08-07,778.6962890625,SBIN.NS,State Bank of India
2024-08-08,778.1184692382812,SBIN.NS,State Bank of India
2024-08-09,793.7665405273438,SBIN.NS,State Bank of India
2024-08-12,782.4998779296875,SBIN.NS,State Bank of India
2024-08-13,768.0073852539062,SBIN.NS,State Bank of India
2024-08-14,773.2555541992188,SBIN.NS,State Bank of India
2024-08-16,782.0184326171875,SBIN.NS,State Bank of India
2024-08-19,783.5592041015625,SBIN.NS,State Bank of India
2024-08-20,789.9146728515625,SBIN.NS,State Bank of India
2024-08-21,785.3406372070312,SBIN.NS,State Bank of India
2024-08-22,789.9146728515625,SBIN.NS,State Bank of India
2024-08-23,785.1480102539062,SBIN.NS,State Bank of India
2024-08-26,784.859130859375,SBIN.NS,State Bank of India
2024-08-27,785.677734375,SBIN.NS,State Bank of India
2024-08-28,779.41845703125,SBIN.NS,State Bank of India
2024-08-29,784.3295288085938,SBIN.NS,State Bank of India
2024-08-30,785.3887939453125,SBIN.NS,State Bank of India
2024-09-02,791.6961669921875,SBIN.NS,State Bank of India
2024-09-03,794.2479858398438,SBIN.NS,State Bank of India
2024-09-04,786.2554321289062,SBIN.NS,State Bank of India
2024-09-05,788.422119140625,SBIN.NS,State Bank of India
2024-09-06,753.514892578125,SBIN.NS,State Bank of India
2024-09-09,755.2000732421875,SBIN.NS,State Bank of India
2024-09-10,753.6593017578125,SBIN.NS,State Bank of India
2024-09-11,740.1296997070312,SBIN.NS,State Bank of India
2024-09-12,758.5704345703125,SBIN.NS,State Bank of India
2024-09-13,761.5555419921875,SBIN.NS,State Bank of India
2024-09-16,756.451904296875,SBIN.NS,State Bank of India
2024-09-17,753.9000854492188,SBIN.NS,State Bank of India
2024-09-18,763.3851928710938,SBIN.NS,State Bank of India
2024-09-19,760.6889038085938,SBIN.NS,State Bank of India
2024-09-20,752.7445068359375,SBIN.NS,State Bank of India
2024-09-23,772.1480712890625,SBIN.NS,State Bank of India
2024-09-24,768.6814575195312,SBIN.NS,State Bank of India
2024-09-25,763.7222290039062,SBIN.NS,State Bank of India
2024-09-26,772.1480712890625,SBIN.NS,State Bank of India
2024-09-27,772.91845703125,SBIN.NS,State Bank of India
2024-09-30,758.71484375,SBIN.NS,State Bank of India
2024-10-01,767.4296264648438,SBIN.NS,State Bank of India
2024-10-03,764.6851806640625,SBIN.NS,State Bank of India
2024-10-04,767.1407470703125,SBIN.NS,State Bank of India
2024-10-07,742.1038208007812,SBIN.NS,State Bank of India
2024-10-08,752.5037841796875,SBIN.NS,State Bank of India
2024-10-09,767.8629760742188,SBIN.NS,State Bank of India
2024-10-10,767.5740356445312,SBIN.NS,State Bank of India
2024-10-11,770.1259155273438,SBIN.NS,State Bank of India
2024-10-14,775.3258666992188,SBIN.NS,State Bank of India
2024-10-15,774.8444213867188,SBIN.NS,State Bank of India
2024-10-16,775.61474609375,SBIN.NS,State Bank of India
2024-10-17,781.0072631835938,SBIN.NS,State Bank of India
2024-10-18,790.010986328125,SBIN.NS,State Bank of India
2024-10-21,783.7999267578125,SBIN.NS,State Bank of India
2024-10-22,761.1222534179688,SBIN.NS,State Bank of India
2024-10-23,756.8851928710938,SBIN.NS,State Bank of India
2024-10-24,765.1185302734375,SBIN.NS,State Bank of India
2024-10-25,752.0222778320312,SBIN.NS,State Bank of India
2024-10-28,762.7111206054688,SBIN.NS,State Bank of India
2024-10-29,801.8554077148438,SBIN.NS,State Bank of India
2024-10-30,791.9850463867188,SBIN.NS,State Bank of India
2024-10-31,789.8184204101562,SBIN.NS,State Bank of India
2024-11-01,790.7813720703125,SBIN.NS,State Bank of India
2024-11-04,799.1109619140625,SBIN.NS,State Bank of India
2024-11-05,817.7442016601562,SBIN.NS,State Bank of India
2024-11-06,823.13671875,SBIN.NS,State Bank of India
2024-11-07,827.7589111328125,SBIN.NS,State Bank of India
2024-11-08,811.9182739257812,SBIN.NS,State Bank of India
2024-11-11,816.2516479492188,SBIN.NS,State Bank of India
2024-11-12,796.0775756835938,SBIN.NS,State Bank of India
2024-11-13,778.6962890625,SBIN.NS,State Bank of India
2024-11-14,774.459228515625,SBIN.NS,State Bank of India
2024-11-18,784.136962890625,SBIN.NS,State Bank of India
2024-11-19,773.2555541992188,SBIN.NS,State Bank of India
2024-11-21,751.8296508789062,SBIN.NS,State Bank of India
2024-11-22,785.8220825195312,SBIN.NS,State Bank of India
2024-11-25,813.1701049804688,SBIN.NS,State Bank of India
2024-11-26,808.3071899414062,SBIN.NS,State Bank of India
2024-11-27,803.2034912109375,SBIN.NS,State Bank of India
2024-11-28,807.7775268554688,SBIN.NS,State Bank of India
2024-11-29,807.8739013671875,SBIN.NS,State Bank of India
2024-12-02,805.4183959960938,SBIN.NS,State Bank of India
2024-12-03,822.3182373046875,SBIN.NS,State Bank of India
2024-12-04,827.855224609375,SBIN.NS,State Bank of India
2024-12-05,833.3922729492188,SBIN.NS,State Bank of India
2024-12-06,831.6589965820312,SBIN.NS,State Bank of India
2024-12-09,826.266357421875,SBIN.NS,State Bank of India
2024-12-10,835.3663330078125,SBIN.NS,State Bank of India
2024-12-11,829.684814453125,SBIN.NS,State Bank of India
2024-12-12,822.0775146484375,SBIN.NS,State Bank of India
2024-12-13,829.63671875,SBIN.NS,State Bank of India
2024-12-16,829.0589599609375,SBIN.NS,State Bank of India
2024-12-17,819.044189453125,SBIN.NS,State Bank of India
2024-12-18,807.103515625,SBIN.NS,State Bank of India
2024-12-19,801.95166015625,SBIN.NS,State Bank of India
2024-12-20,781.922119140625,SBIN.NS,State Bank of India
2024-12-23,790.7332763671875,SBIN.NS,State Bank of India
2024-12-24,781.9702758789062,SBIN.NS,State Bank of India
2024-12-26,782.35546875,SBIN.NS,State Bank of India
2024-12-27,770.0296630859375,SBIN.NS,State Bank of India
2024-12-30,759.1000366210938,SBIN.NS,State Bank of India
2024-12-31,765.5037231445312,SBIN.NS,State Bank of India
2025-01-01,763.8185424804688,SBIN.NS,State Bank of India
2025-01-02,771.522216796875,SBIN.NS,State Bank of India
2025-01-03,764.0111694335938,SBIN.NS,State Bank of India
2025-01-06,747.6408081054688,SBIN.NS,State Bank of India
2025-01-07,749.9037475585938,SBIN.NS,State Bank of India
2025-01-08,742.5853271484375,SBIN.NS,State Bank of India
2025-01-09,732.2816162109375,SBIN.NS,State Bank of India
2025-01-10,715.71875,SBIN.NS,State Bank of India
2025-01-13,702.4780883789062,SBIN.NS,State Bank of India
2025-01-14,720.437255859375,SBIN.NS,State Bank of India
2025-01-15,725.7816772460938,SBIN.NS,State Bank of India
2025-01-16,737.9149169921875,SBIN.NS,State Bank of India
2025-01-17,735.79638671875,SBIN.NS,State Bank of India
2025-01-20,750.38525390625,SBIN.NS,State Bank of India
2025-01-21,730.9334716796875,SBIN.NS,State Bank of India
2025-01-22,725.5409545898438,SBIN.NS,State Bank of India
2025-01-23,718.2706298828125,SBIN.NS,State Bank of India
2025-01-24,716.58544921875,SBIN.NS,State Bank of India
2025-01-27,721.4483642578125,SBIN.NS,State Bank of India
2025-01-28,724.5298461914062,SBIN.NS,State Bank of India
2025-01-29,730.355712890625,SBIN.NS,State Bank of India
2025-01-30,734.3519897460938,SBIN.NS,State Bank of India
2025-01-31,744.2705078125,SBIN.NS,State Bank of India
2025-02-01,737.6260375976562,SBIN.NS,State Bank of India
2025-02-03,732.7631225585938,SBIN.NS,State Bank of India
2025-02-04,750.3370971679688,SBIN.NS,State Bank of India
2025-02-05,737.6741943359375,SBIN.NS,State Bank of India
2025-02-06,724.3853759765625,SBIN.NS,State Bank of India
2025-02-07,709.8928833007812,SBIN.NS,State Bank of India
2025-02-10,709.5076904296875,SBIN.NS,State Bank of India
2025-02-11,704.0187377929688,SBIN.NS,State Bank of India
2025-02-12,705.992919921875,SBIN.NS,State Bank of India
2025-02-13,700.6965942382812,SBIN.NS,State Bank of India
2025-02-14,695.400390625,SBIN.NS,State Bank of India
2025-02-17,700.7447509765625,SBIN.NS,State Bank of India
2025-02-18,698.9151000976562,SBIN.NS,State Bank of India
2025-02-19,700.3595581054688,SBIN.NS,State Bank of India
2025-02-20,702.6707153320312,SBIN.NS,State Bank of India
2025-02-21,695.255859375,SBIN.NS,State Bank of India
2025-02-24,689.8633422851562,SBIN.NS,State Bank of India
2025-02-25,684.5670776367188,SBIN.NS,State Bank of India
2025-02-27,677.8263549804688,SBIN.NS,State Bank of India
2025-02-28,663.28564453125,SBIN.NS,State Bank of India
2025-03-03,669.544921875,SBIN.NS,State Bank of India
2025-03-04,689.5262451171875,SBIN.NS,State Bank of India
2025-03-05,703.2965698242188,SBIN.NS,State Bank of India
2025-03-06,704.93359375,SBIN.NS,State Bank of India
2025-03-07,705.6077270507812,SBIN.NS,State Bank of India
2025-03-10,701.9003295898438,SBIN.NS,State Bank of India
2025-03-11,702.8150634765625,SBIN.NS,State Bank of India
2025-03-12,696.2670288085938,SBIN.NS,State Bank of India
2025-03-13,700.88916015625,SBIN.NS,State Bank of India
2025-03-17,696.3633422851562,SBIN.NS,State Bank of India
2025-03-18,696.3633422851562,SBIN.NS,State Bank of India
2025-03-19,717.5001831054688,SBIN.NS,State Bank of India
2025-03-20,721.7853393554688,SBIN.NS,State Bank of India
2025-03-21,725.3001708984375,SBIN.NS,State Bank of India
2025-03-24,751.8778076171875,SBIN.NS,State Bank of India
2025-03-25,744.2222900390625,SBIN.NS,State Bank of India
2025-03-26,735.7001342773438,SBIN.NS,State Bank of India
2025-03-27,743.6926879882812,SBIN.NS,State Bank of India
2025-03-28,742.92236328125,SBIN.NS,State Bank of India
2025-04-01,743.1149291992188,SBIN.NS,State Bank of India
2025-04-02,747.20751953125,SBIN.NS,State Bank of India
2025-04-03,750.3370971679688,SBIN.NS,State Bank of India
2025-04-04,739.0223999023438,SBIN.NS,State Bank of India
2025-04-07,719.2335815429688,SBIN.NS,State Bank of India
2025-04-08,740.1296997070312,SBIN.NS,State Bank of India
2025-04-09,714.7076416015625,SBIN.NS,State Bank of India
2025-04-11,725.9260864257812,SBIN.NS,State Bank of India
2025-04-15,735.2186279296875,SBIN.NS,State Bank of India
2025-04-16,743.1630859375,SBIN.NS,State Bank of India
2025-04-17,767.9111328125,SBIN.NS,State Bank of India
2025-04-21,786.447998046875,SBIN.NS,State Bank of India
2025-04-22,791.9369506835938,SBIN.NS,State Bank of India
2025-04-23,783.3184204101562,SBIN.NS,State Bank of India
2025-04-24,783.2703247070312,SBIN.NS,State Bank of India
2025-04-25,769.0667114257812,SBIN.NS,State Bank of India
2025-04-28,787.073974609375,SBIN.NS,State Bank of India
2025-04-29,782.4517211914062,SBIN.NS,State Bank of India
2025-04-30,759.4371337890625,SBIN.NS,State Bank of India
2025-05-02,767.1888427734375,SBIN.NS,State Bank of India
2025-05-05,760.737060546875,SBIN.NS,State Bank of India
2025-05-06,745.4259643554688,SBIN.NS,State Bank of India
2025-05-07,747.3518676757812,SBIN.NS,State Bank of India
2025-05-08,740.5149536132812,SBIN.NS,State Bank of India
2025-05-09,750.38525390625,SBIN.NS,State Bank of India
2025-05-12,771.9555053710938,SBIN.NS,State Bank of India
2025-05-13,772.0518188476562,SBIN.NS,State Bank of India
2025-05-14,771.0407104492188,SBIN.NS,State Bank of India
2025-05-15,777.82958984375,SBIN.NS,State Bank of India
2025-05-16,778.0751342773438,SBIN.NS,State Bank of India
2025-05-19,780.9237670898438,SBIN.NS,State Bank of India
2025-05-20,771.7393798828125,SBIN.NS,State Bank of India
2025-05-21,773.1636352539062,SBIN.NS,State Bank of India
2025-05-22,771.346435546875,SBIN.NS,State Bank of India
2025-05-23,776.5034790039062,SBIN.NS,State Bank of India
2025-05-26,780.33447265625,SBIN.NS,State Bank of India
2025-05-27,779.6468505859375,SBIN.NS,State Bank of India
2025-05-28,782.4463500976562,SBIN.NS,State Bank of India
2025-05-29,783.232177734375,SBIN.NS,State Bank of India
2025-05-30,797.91748046875,SBIN.NS,State Bank of India
2025-06-02,799.2435913085938,SBIN.NS,State Bank of India
2025-06-03,795.4617309570312,SBIN.NS,State Bank of India
2025-06-04,792.2201538085938,SBIN.NS,State Bank of India
2025-06-05,791.72900390625,SBIN.NS,State Bank of India
2025-06-06,798.6541748046875,SBIN.NS,State Bank of India
2025-06-09,805.5302734375,SBIN.NS,State Bank of India
2025-06-10,802.5833740234375,SBIN.NS,State Bank of India
2025-06-11,800.6187744140625,SBIN.NS,State Bank of India
2025-06-12,791.679931640625,SBIN.NS,State Bank of India
2025-06-13,778.3206787109375,SBIN.NS,State Bank of India
2025-06-16,778.4680786132812,SBIN.NS,State Bank of India
2025-06-17,778.2716064453125,SBIN.NS,State Bank of India
2025-06-18,777.8787231445312,SBIN.NS,State Bank of India
2025-06-19,771.1990356445312,SBIN.NS,State Bank of India
2025-06-20,782.053466796875,SBIN.NS,State Bank of India
2025-06-23,776.2088012695312,SBIN.NS,State Bank of India
2025-06-24,781.3167114257812,SBIN.NS,State Bank of India
2025-06-25,785.8843383789062,SBIN.NS,State Bank of India
2025-06-26,782.9375,SBIN.NS,State Bank of India
2025-06-27,791.1396484375,SBIN.NS,State Bank of India
2025-06-30,805.824951171875,SBIN.NS,State Bank of India
2025-07-01,805.7758178710938,SBIN.NS,State Bank of India
2025-07-02,798.5068969726562,SBIN.NS,State Bank of India
2025-07-03,792.8095092773438,SBIN.NS,State Bank of India
2025-07-04,797.4754028320312,SBIN.NS,State Bank of India
2025-07-07,792.56396484375,SBIN.NS,State Bank of India
2025-07-08,798.2612915039062,SBIN.NS,State Bank of India
2025-07-09,796.5913696289062,SBIN.NS,State Bank of India
2025-07-10,793.693603515625,SBIN.NS,State Bank of India
2025-07-11,794.3321533203125,SBIN.NS,State Bank of India
2025-07-14,794.528564453125,SBIN.NS,State Bank of India
2025-07-15,801.9940185546875,SBIN.NS,State Bank of India
2025-07-16,816.9739990234375,SBIN.NS,State Bank of India
2025-07-17,814.32177734375,SBIN.NS,State Bank of India
2025-07-18,808.7717895507812,SBIN.NS,State Bank of India
2025-07-21,809.6068115234375,SBIN.NS,State Bank of India
2025-07-22,800.5697021484375,SBIN.NS,State Bank of India
2025-07-23,806.1196899414062,SBIN.NS,State Bank of India
2025-07-24,801.25732421875,SBIN.NS,State Bank of India
2025-07-25,792.269287109375,SBIN.NS,State Bank of India
2025-07-28,783.0357666015625,SBIN.NS,State Bank of India
2025-07-29,785.0494384765625,SBIN.NS,State Bank of India
2025-07-30,787.4560546875,SBIN.NS,State Bank of India
2025-07-31,782.4463500976562,SBIN.NS,State Bank of India
2025-08-01,779.9415283203125,SBIN.NS,State Bank of India
2025-08-04,781.6113891601562,SBIN.NS,State Bank of India
2025-08-05,786.4246215820312,SBIN.NS,State Bank of India
2025-08-06,790.8941040039062,SBIN.NS,State Bank of India
2025-08-07,790.8941040039062,SBIN.NS,State Bank of India
2025-08-08,790.0591430664062,SBIN.NS,State Bank of India
2025-08-11,808.8700561523438,SBIN.NS,State Bank of India
2025-08-12,806.0704956054688,SBIN.NS,State Bank of India
2025-08-13,807.29833984375,SBIN.NS,State Bank of India
2025-08-14,811.9151611328125,SBIN.NS,State Bank of India
2025-08-18,812.9957275390625,SBIN.NS,State Bank of India
2025-08-19,815.697021484375,SBIN.NS,State Bank of India
2025-08-20,814.272705078125,SBIN.NS,State Bank of India
2025-08-21,811.0802612304688,SBIN.NS,State Bank of India
2025-08-22,801.7975463867188,SBIN.NS,State Bank of India
2025-08-25,801.9940185546875,SBIN.NS,State Bank of India
2025-08-26,793.5462646484375,SBIN.NS,State Bank of India
2025-08-28,787.750732421875,SBIN.NS,State Bank of India
2025-08-29,788.291015625,SBIN.NS,State Bank of India
2025-09-01,791.7781372070312,SBIN.NS,State Bank of India
2025-09-02,789.666259765625,SBIN.NS,State Bank of India
2025-09-03,797.7701416015625,SBIN.NS,State Bank of India
2025-09-04,795.06884765625,SBIN.NS,State Bank of India
2025-09-05,792.318359375,SBIN.NS,State Bank of India
2025-09-08,794.4794311523438,SBIN.NS,State Bank of India
2025-09-09,794.528564453125,SBIN.NS,State Bank of India
2025-09-10,803.7130126953125,SBIN.NS,State Bank of India
2025-09-11,809.0665283203125,SBIN.NS,State Bank of India
2025-09-12,808.96826171875,SBIN.NS,State Bank of India
2025-09-15,810.1470336914062,SBIN.NS,State Bank of India
2025-09-16,816.82666015625,SBIN.NS,State Bank of India
2025-09-17,841.973388671875,SBIN.NS,State Bank of India
2025-09-18,839.222900390625,SBIN.NS,State Bank of India
2025-09-19,847.081298828125,SBIN.NS,State Bank of India
2025-09-22,840.1069946289062,SBIN.NS,State Bank of India
2025-09-23,855.1851806640625,SBIN.NS,State Bank of India
2025-09-24,850.8631591796875,SBIN.NS,State Bank of India
2025-09-25,845.902587890625,SBIN.NS,State Bank of India
2025-09-26,841.7769165039062,SBIN.NS,State Bank of India
2025-09-29,855.3325805664062,SBIN.NS,State Bank of India
2025-09-30,857.0025024414062,SBIN.NS,State Bank of India
2025-10-01,848.80029296875,SBIN.NS,State Bank of India
2025-10-03,851.9436645507812,SBIN.NS,State Bank of India
2025-10-06,858.5741577148438,SBIN.NS,State Bank of India
2025-10-07,849.3897094726562,SBIN.NS,State Bank of India
2025-10-08,843.0538940429688,SBIN.NS,State Bank of India
2025-10-09,846.835693359375,SBIN.NS,State Bank of India
2025-10-10,865.0573120117188,SBIN.NS,State Bank of India
2025-10-13,867.3165893554688,SBIN.NS,State Bank of India
2025-10-14,861.4227905273438,SBIN.NS,State Bank of India
2025-10-15,870.4107666015625,SBIN.NS,State Bank of India
2025-10-16,871.2457275390625,SBIN.NS,State Bank of India
2025-10-17,873.4067993164062,SBIN.NS,State Bank of India
2025-10-20,891.431884765625,SBIN.NS,State Bank of India
2025-10-21,891.775634765625,SBIN.NS,State Bank of India
2025-10-23,895.41015625,SBIN.NS,State Bank of India
2025-10-24,888.4849853515625,SBIN.NS,State Bank of India
2025-10-27,906.411865234375,SBIN.NS,State Bank of India
2025-10-28,913.779052734375,SBIN.NS,State Bank of India
2025-10-29,923.11083984375,SBIN.NS,State Bank of India
2025-10-30,917.8064575195312,SBIN.NS,State Bank of India
2025-10-31,920.4095458984375,SBIN.NS,State Bank of India
2025-11-03,932.8847045898438,SBIN.NS,State Bank of India
2025-11-04,940.644775390625,SBIN.NS,State Bank of India
2025-11-06,943.739013671875,SBIN.NS,State Bank of India
2025-11-07,938.92578125,SBIN.NS,State Bank of India
2025-11-10,934.3090209960938,SBIN.NS,State Bank of India
2025-11-11,936.4209594726562,SBIN.NS,State Bank of India
2025-11-12,940.2028198242188,SBIN.NS,State Bank of India
2025-11-13,937.1085815429688,SBIN.NS,State Bank of India
2025-11-14,950.7133178710938,SBIN.NS,State Bank of India
2025-11-17,956.1159057617188,SBIN.NS,State Bank of India
2025-11-18,955.2318725585938,SBIN.NS,State Bank of India
2025-11-19,965.3494873046875,SBIN.NS,State Bank of India
2025-11-20,964.1707153320312,SBIN.NS,State Bank of India
2025-11-21,955.3792114257812,SBIN.NS,State Bank of India
2025-11-24,953.4146118164062,SBIN.NS,State Bank of India
2025-11-25,966.1844482421875,SBIN.NS,State Bank of India
2025-11-26,966.4791870117188,SBIN.NS,State Bank of India
2025-11-27,955.624755859375,SBIN.NS,State Bank of India
2025-11-28,961.6658935546875,SBIN.NS,State Bank of India
2025-12-01,955.870361328125,SBIN.NS,State Bank of India
2025-12-02,950.1730346679688,SBIN.NS,State Bank of India
2025-12-03,934.2107543945312,SBIN.NS,State Bank of India
2025-12-04,931.31298828125,SBIN.NS,State Bank of India
2025-12-05,954.2987060546875,SBIN.NS,State Bank of India
2025-12-08,939.466064453125,SBIN.NS,State Bank of India
2025-12-09,942.3638305664062,SBIN.NS,State Bank of India
2025-12-10,942.7567749023438,SBIN.NS,State Bank of India
2025-12-11,946.1947631835938,SBIN.NS,State Bank of India
2025-12-12,946.0965576171875,SBIN.NS,State Bank of India
2025-12-15,950.1239624023438,SBIN.NS,State Bank of India
2025-12-16,944.1319580078125,SBIN.NS,State Bank of India
2025-12-17,958.5716552734375,SBIN.NS,State Bank of India
2025-12-18,960.2415771484375,SBIN.NS,State Bank of India
2025-12-19,962.94287109375,SBIN.NS,State Bank of India
2025-12-22,957.0491333007812,SBIN.NS,State Bank of India
2025-12-23,954.691650390625,SBIN.NS,State Bank of India
2025-12-24,951.7938842773438,SBIN.NS,State Bank of India
2025-12-26,949.1907348632812,SBIN.NS,State Bank of India
2025-12-29,947.962890625,SBIN.NS,State Bank of India
2025-12-30,956.2141723632812,SBIN.NS,State Bank of India
2025-12-31,964.8092651367188,SBIN.NS,State Bank of India
2026-01-01,967.3140869140625,SBIN.NS,State Bank of India
2026-01-02,981.2626953125,SBIN.NS,State Bank of India
2026-01-05,987.7457885742188,SBIN.NS,State Bank of India
2026-01-06,1000.8594360351562,SBIN.NS,State Bank of India
2026-01-07,989.3175048828125,SBIN.NS,State Bank of India
2026-01-08,980.3294677734375,SBIN.NS,State Bank of India
2026-01-09,982.7852172851562,SBIN.NS,State Bank of India
2026-01-12,997.1758422851562,SBIN.NS,State Bank of India
2026-01-13,1010.2402954101562,SBIN.NS,State Bank of India
2026-01-14,1010.14208984375,SBIN.NS,State Bank of India
2026-01-15,1010.14208984375,SBIN.NS,State Bank of India
2026-01-16,1023.8451538085938,SBIN.NS,State Bank of India
2026-01-19,1020.0142211914062,SBIN.NS,State Bank of India
2026-01-20,1018.0496215820312,SBIN.NS,State Bank of India
2026-01-21,1010.4368286132812,SBIN.NS,State Bank of India
2026-01-22,1029.7879638671875,SBIN.NS,State Bank of India
2026-01-23,1011.271728515625,SBIN.NS,State Bank of India
2026-01-27,1034.5030517578125,SBIN.NS,State Bank of India
2026-01-28,1044.6697998046875,SBIN.NS,State Bank of India
2026-01-29,1047.3218994140625,SBIN.NS,State Bank of India
2026-01-30,1058.078125,SBIN.NS,State Bank of India
2026-02-02,1010.4859008789062,SBIN.NS,State Bank of India
2026-02-03,1045.3572998046875,SBIN.NS,State Bank of India
2026-02-04,1049.2864990234375,SBIN.NS,State Bank of India
2026-02-05,1054.49267578125,SBIN.NS,State Bank of India
2026-02-06,1047.5184326171875,SBIN.NS,State Bank of India
2026-02-09,1125.708984375,SBIN.NS,State Bank of India
2026-02-10,1123.8426513671875,SBIN.NS,State Bank of India
2026-02-11,1161.9556884765625,SBIN.NS,State Bank of India
2026-02-12,1171.2874755859375,SBIN.NS,State Bank of India
2026-02-13,1177.377685546875,SBIN.NS,State Bank of India
2026-02-16,1186.70947265625,SBIN.NS,State Bank of India
2026-02-17,1191.9156494140625,SBIN.NS,State Bank of India
2026-02-18,1197.3182373046875,SBIN.NS,State Bank of India
2026-02-19,1184.3519287109375,SBIN.NS,State Bank of India
2026-02-20,1194.5677490234375,SBIN.NS,State Bank of India
2026-02-23,1206.0606689453125,SBIN.NS,State Bank of India
2026-02-24,1201.640380859375,SBIN.NS,State Bank of India
2026-02-25,1178.85107421875,SBIN.NS,State Bank of India
2026-02-26,1188.084716796875,SBIN.NS,State Bank of India
2026-02-27,1180.4227294921875,SBIN.NS,State Bank of India
2026-03-02,1168.831787109375,SBIN.NS,State Bank of India
2026-03-04,1153.704345703125,SBIN.NS,State Bank of India
2026-03-05,1148.79296875,SBIN.NS,State Bank of India
2026-03-06,1122.7620849609375,SBIN.NS,State Bank of India
2026-03-09,1079.050048828125,SBIN.NS,State Bank of India
2026-03-10,1092.5074462890625,SBIN.NS,State Bank of India
2026-03-11,1071.781005859375,SBIN.NS,State Bank of India
2026-03-12,1065.9854736328125,SBIN.NS,State Bank of India
2026-03-13,1028.4619140625,SBIN.NS,State Bank of India
2026-03-16,1047.8131103515625,SBIN.NS,State Bank of India
2026-03-17,1045.8485107421875,SBIN.NS,State Bank of India
2026-03-18,1050.8582763671875,SBIN.NS,State Bank of India
2026-03-19,1030.3282470703125,SBIN.NS,State Bank of India
2026-03-20,1039.26708984375,SBIN.NS,State Bank of India
2026-03-23,1013.6292724609375,SBIN.NS,State Bank of India
2026-03-24,1012.5487670898438,SBIN.NS,State Bank of India
2026-03-25,1041.821044921875,SBIN.NS,State Bank of India
2026-03-27,1001.4487915039062,SBIN.NS,State Bank of India
2026-03-30,962.058837890625,SBIN.NS,State Bank of India
2026-04-01,999.7789306640625,SBIN.NS,State Bank of India
2026-04-02,1000.3683471679688,SBIN.NS,State Bank of India
2026-04-06,1014.4642333984375,SBIN.NS,State Bank of India
2026-04-07,1012.1558227539062,SBIN.NS,State Bank of India
2026-04-08,1042.656005859375,SBIN.NS,State Bank of India
2026-04-09,1022.5189819335938,SBIN.NS,State Bank of India
2026-04-10,1047.8131103515625,SBIN.NS,State Bank of India
2026-04-13,1044.7188720703125,SBIN.NS,State Bank of India
2026-04-15,1052.528076171875,SBIN.NS,State Bank of India
2026-04-16,1048.255126953125,SBIN.NS,State Bank of India
2026-04-17,1061.1231689453125,SBIN.NS,State Bank of India
2026-04-20,1088.2344970703125,SBIN.NS,State Bank of India
2026-04-21,1092.1636962890625,SBIN.NS,State Bank of India
2026-04-22,1083.76513671875,SBIN.NS,State Bank of India
2026-04-23,1074.875244140625,SBIN.NS,State Bank of India
2026-04-24,1081.60400390625,SBIN.NS,State Bank of India
2026-04-27,1092.1636962890625,SBIN.NS,State Bank of India
2026-04-28,1071.9775390625,SBIN.NS,State Bank of India
2026-04-29,1067.655517578125,SBIN.NS,State Bank of India
2026-04-30,1049.5321044921875,SBIN.NS,State Bank of India
2026-05-01,1049.5321044921875,SBIN.NS,State Bank of India
2026-05-04,1049.4830322265625,SBIN.NS,State Bank of India
2026-05-05,1041.133544921875,SBIN.NS,State Bank of India
2026-05-06,1076.5943603515625,SBIN.NS,State Bank of India
2026-05-07,1072.6651611328125,SBIN.NS,State Bank of India
2026-05-08,1001.2523193359375,SBIN.NS,State Bank of India
2026-05-11,956.3615112304688,SBIN.NS,State Bank of India
2026-05-12,957.3438110351562,SBIN.NS,State Bank of India
2026-05-13,952.9234619140625,SBIN.NS,State Bank of India
2026-05-14,962.5499877929688,SBIN.NS,State Bank of India
2026-05-15,963.2000122070312,SBIN.NS,State Bank of India
2026-05-18,939.4000244140625,SBIN.NS,State Bank of India
2026-05-19,948.7999877929688,SBIN.NS,State Bank of India
2026-05-20,950.9000244140625,SBIN.NS,State Bank of India
2026-05-21,950.9000244140625,SBIN.NS,State Bank of India
2026-05-22,949.2000122070312,SBIN.NS,State Bank of India
2026-05-25,969.5999755859375,SBIN.NS,State Bank of India
2026-05-26,968.5,SBIN.NS,State Bank of India
2026-05-27,967.7999877929688,SBIN.NS,State Bank of India
2026-05-28,967.7999877929688,SBIN.NS,State Bank of India
2026-05-29,964.4000244140625,SBIN.NS,State Bank of India
2026-06-01,954.0999755859375,SBIN.NS,State Bank of India
2026-06-02,956.6500244140625,SBIN.NS,State Bank of India
2026-06-03,970.4500122070312,SBIN.NS,State Bank of India
2026-06-04,979.25,SBIN.NS,State Bank of India
2026-06-05,977.7000122070312,SBIN.NS,State Bank of India
2026-06-08,981.9500122070312,SBIN.NS,State Bank of India
2026-06-09,1002.7000122070312,SBIN.NS,State Bank of India
2026-06-10,1003.25,SBIN.NS,State Bank of India
2026-06-11,1000.7000122070312,SBIN.NS,State Bank of India
2026-06-12,1017.1500244140625,SBIN.NS,State Bank of India
2026-06-15,1020.8499755859375,SBIN.NS,State Bank of India
2026-06-16,1015.2999877929688,SBIN.NS,State Bank of India
2026-06-17,1026.5,SBIN.NS,State Bank of India
2026-06-18,1042.699951171875,SBIN.NS,State Bank of India
2026-06-19,1035.0999755859375,SBIN.NS,State Bank of India
2026-06-22,1040.75,SBIN.NS,State Bank of India
2026-06-23,1024.199951171875,SBIN.NS,State Bank of India
2026-06-24,1034.5999755859375,SBIN.NS,State Bank of India
2026-06-25,1045.4000244140625,SBIN.NS,State Bank of India
2026-06-26,1045.4000244140625,SBIN.NS,State Bank of India
2026-06-29,1036.0999755859375,SBIN.NS,State Bank of India
2026-06-30,1026.9000244140625,SBIN.NS,State Bank of India
2026-07-01,1047.4000244140625,SBIN.NS,State Bank of India
2026-07-02,1051.5999755859375,SBIN.NS,State Bank of India
2026-07-03,1040.0,SBIN.NS,State Bank of India
2026-07-06,1037.699951171875,SBIN.NS,State Bank of India
2026-07-07,1038.0999755859375,SBIN.NS,State Bank of India
2026-07-08,1016.9000244140625,SBIN.NS,State Bank of India
2026-07-09,1022.0999755859375,SBIN.NS,State Bank of India
2026-07-10,1036.0,SBIN.NS,State Bank of India
2026-07-13,1037.0,SBIN.NS,State Bank of India
2026-07-14,1015.4000244140625,SBIN.NS,State Bank of India
2026-07-15,1030.0999755859375,SBIN.NS,State Bank of India
2026-07-16,1031.199951171875,SBIN.NS,State Bank of India
2026-07-17,1044.300048828125,SBIN.NS,State Bank of India
2026-07-20,1060.0,SBIN.NS,State Bank of India
2026-07-21,1044.4000244140625,SBIN.NS,State Bank of India
2026-07-22,1025.0,SBIN.NS,State Bank of India
2026-07-23,1012.5999755859375,SBIN.NS,State Bank of India
2026-07-24,1015.0,SBIN.NS,State Bank of India
2026-07-27,1020.5999755859375,SBIN.NS,State Bank of India
2026-07-28,1013.2000122070312,SBIN.NS,State Bank of India
2026-07-29,1013.7000122070312,SBIN.NS,State Bank of India
2026-07-30,1025.300048828125,SBIN.NS,State Bank of India
2026-07-31,1027.4000244140625,SBIN.NS,State Bank of India
2026-08-03,1045.0,SBIN.NS,State Bank of India
2026-08-04,1042.699951171875,SBIN.NS,State Bank of India
2026-08-05,1055.0,SBIN.NS,State Bank of India
2026-08-06,1085.0,SBIN.NS,State Bank of India
2026-08-07,1097.199951171875,SBIN.NS,State Bank of India
2026-08-10,1071.0,SBIN.NS,State Bank of India
2026-08-11,1066.0,SBIN.NS,State Bank of India
2026-08-12,1082.0,SBIN.NS,State Bank of India
2026-08-13,1083.0,SBIN.NS,State Bank of India
2026-08-14,1067.699951171875,SBIN.NS,State Bank of India
2026-08-17,1061.199951171875,SBIN.NS,State Bank of India
2026-08-18,,SBIN.NS,State Bank of India
2021-08-18,6532.0078125,MARUTI.NS,Maruti Suzuki
2021-08-20,6542.3203125,MARUTI.NS,Maruti Suzuki
2021-08-23,6518.4462890625,MARUTI.NS,Maruti Suzuki
2021-08-24,6496.76953125,MARUTI.NS,Maruti Suzuki
2021-08-25,6409.15185546875,MARUTI.NS,Maruti Suzuki
2021-08-26,6310.93408203125,MARUTI.NS,Maruti Suzuki
2021-08-27,6326.45263671875,MARUTI.NS,Maruti Suzuki
2021-08-30,6490.7529296875,MARUTI.NS,Maruti Suzuki
2021-08-31,6537.7373046875,MARUTI.NS,Maruti Suzuki
2021-09-01,6479.29296875,MARUTI.NS,Maruti Suzuki
2021-09-02,6486.93310546875,MARUTI.NS,Maruti Suzuki
2021-09-03,6553.9716796875,MARUTI.NS,Maruti Suzuki
2021-09-06,6538.5009765625,MARUTI.NS,Maruti Suzuki
2021-09-07,6567.3876953125,MARUTI.NS,Maruti Suzuki
2021-09-08,6475.8076171875,MARUTI.NS,Maruti Suzuki
2021-09-09,6495.86181640625,MARUTI.NS,Maruti Suzuki
2021-09-13,6564.09375,MARUTI.NS,Maruti Suzuki
2021-09-14,6583.9091796875,MARUTI.NS,Maruti Suzuki
2021-09-15,6597.8037109375,MARUTI.NS,Maruti Suzuki
2021-09-16,6618.76513671875,MARUTI.NS,Maruti Suzuki
2021-09-17,6698.50390625,MARUTI.NS,Maruti Suzuki
2021-09-20,6637.3388671875,MARUTI.NS,Maruti Suzuki
2021-09-21,6471.7490234375,MARUTI.NS,Maruti Suzuki
2021-09-22,6523.3173828125,MARUTI.NS,Maruti Suzuki
2021-09-23,6538.3095703125,MARUTI.NS,Maruti Suzuki
2021-09-24,6639.10595703125,MARUTI.NS,Maruti Suzuki
2021-09-27,7069.982421875,MARUTI.NS,Maruti Suzuki
2021-09-28,7089.46337890625,MARUTI.NS,Maruti Suzuki
2021-09-29,7051.4560546875,MARUTI.NS,Maruti Suzuki
2021-09-30,7007.5283203125,MARUTI.NS,Maruti Suzuki
2021-10-01,6839.6943359375,MARUTI.NS,Maruti Suzuki
2021-10-04,6847.333984375,MARUTI.NS,Maruti Suzuki
2021-10-05,6931.32275390625,MARUTI.NS,Maruti Suzuki
2021-10-06,6874.98046875,MARUTI.NS,Maruti Suzuki
2021-10-07,7155.021484375,MARUTI.NS,Maruti Suzuki
2021-10-08,7095.33740234375,MARUTI.NS,Maruti Suzuki
2021-10-11,7353.93896484375,MARUTI.NS,Maruti Suzuki
2021-10-12,7347.2548828125,MARUTI.NS,Maruti Suzuki
2021-10-13,7145.13818359375,MARUTI.NS,Maruti Suzuki
2021-10-14,7159.22314453125,MARUTI.NS,Maruti Suzuki
2021-10-18,7312.11279296875,MARUTI.NS,Maruti Suzuki
2021-10-19,7310.8232421875,MARUTI.NS,Maruti Suzuki
2021-10-20,7248.84619140625,MARUTI.NS,Maruti Suzuki
2021-10-21,7234.04443359375,MARUTI.NS,Maruti Suzuki
2021-10-22,7075.18701171875,MARUTI.NS,Maruti Suzuki
2021-10-25,6933.56689453125,MARUTI.NS,Maruti Suzuki
2021-10-26,6968.66259765625,MARUTI.NS,Maruti Suzuki
2021-10-27,7024.90869140625,MARUTI.NS,Maruti Suzuki
2021-10-28,7037.75341796875,MARUTI.NS,Maruti Suzuki
2021-10-29,7145.37646484375,MARUTI.NS,Maruti Suzuki
2021-11-01,7272.52880859375,MARUTI.NS,Maruti Suzuki
2021-11-02,7440.79296875,MARUTI.NS,Maruti Suzuki
2021-11-03,7385.88232421875,MARUTI.NS,Maruti Suzuki
2021-11-04,7398.4404296875,MARUTI.NS,Maruti Suzuki
2021-11-08,7338.46875,MARUTI.NS,Maruti Suzuki
2021-11-09,7236.240234375,MARUTI.NS,Maruti Suzuki
2021-11-10,7173.30908203125,MARUTI.NS,Maruti Suzuki
2021-11-11,7117.73046875,MARUTI.NS,Maruti Suzuki
2021-11-12,7142.94140625,MARUTI.NS,Maruti Suzuki
2021-11-15,7165.14404296875,MARUTI.NS,Maruti Suzuki
2021-11-16,7687.7451171875,MARUTI.NS,Maruti Suzuki
2021-11-17,7902.03759765625,MARUTI.NS,Maruti Suzuki
2021-11-18,7751.5361328125,MARUTI.NS,Maruti Suzuki
2021-11-22,7510.169921875,MARUTI.NS,Maruti Suzuki
2021-11-23,7500.23828125,MARUTI.NS,Maruti Suzuki
2021-11-24,7324.00146484375,MARUTI.NS,Maruti Suzuki
2021-11-25,7231.41845703125,MARUTI.NS,Maruti Suzuki
2021-11-26,6847.525390625,MARUTI.NS,Maruti Suzuki
2021-11-29,6827.470703125,MARUTI.NS,Maruti Suzuki
2021-11-30,6749.451171875,MARUTI.NS,Maruti Suzuki
2021-12-01,6945.6474609375,MARUTI.NS,Maruti Suzuki
2021-12-02,6995.01806640625,MARUTI.NS,Maruti Suzuki
2021-12-03,6884.00439453125,MARUTI.NS,Maruti Suzuki
2021-12-06,6725.625,MARUTI.NS,Maruti Suzuki
2021-12-07,6862.900390625,MARUTI.NS,Maruti Suzuki
2021-12-08,7100.01611328125,MARUTI.NS,Maruti Suzuki
2021-12-09,7087.4580078125,MARUTI.NS,Maruti Suzuki
2021-12-10,7091.1826171875,MARUTI.NS,Maruti Suzuki
2021-12-13,7177.8447265625,MARUTI.NS,Maruti Suzuki
2021-12-14,7155.64208984375,MARUTI.NS,Maruti Suzuki
2021-12-15,7227.07373046875,MARUTI.NS,Maruti Suzuki
2021-12-16,7115.19921875,MARUTI.NS,Maruti Suzuki
2021-12-17,6967.94580078125,MARUTI.NS,Maruti Suzuki
2021-12-20,6958.39599609375,MARUTI.NS,Maruti Suzuki
2021-12-21,6985.65966796875,MARUTI.NS,Maruti Suzuki
2021-12-22,7089.36767578125,MARUTI.NS,Maruti Suzuki
2021-12-23,7054.41748046875,MARUTI.NS,Maruti Suzuki
2021-12-24,6987.52197265625,MARUTI.NS,Maruti Suzuki
2021-12-27,6961.16552734375,MARUTI.NS,Maruti Suzuki
2021-12-28,6968.75732421875,MARUTI.NS,Maruti Suzuki
2021-12-29,7018.98779296875,MARUTI.NS,Maruti Suzuki
2021-12-30,6954.24169921875,MARUTI.NS,Maruti Suzuki
2021-12-31,7091.94677734375,MARUTI.NS,Maruti Suzuki
2022-01-03,7185.00732421875,MARUTI.NS,Maruti Suzuki
2022-01-04,7286.423828125,MARUTI.NS,Maruti Suzuki
2022-01-05,7425.13134765625,MARUTI.NS,Maruti Suzuki
2022-01-06,7527.0732421875,MARUTI.NS,Maruti Suzuki
2022-01-07,7549.896484375,MARUTI.NS,Maruti Suzuki
2022-01-10,7759.60546875,MARUTI.NS,Maruti Suzuki
2022-01-11,7777.033203125,MARUTI.NS,Maruti Suzuki
2022-01-12,7802.72216796875,MARUTI.NS,Maruti Suzuki
2022-01-13,7713.24169921875,MARUTI.NS,Maruti Suzuki
2022-01-14,7720.07080078125,MARUTI.NS,Maruti Suzuki
2022-01-17,7893.20458984375,MARUTI.NS,Maruti Suzuki
2022-01-18,7558.634765625,MARUTI.NS,Maruti Suzuki
2022-01-19,7654.65625,MARUTI.NS,Maruti Suzuki
2022-01-20,7674.375,MARUTI.NS,Maruti Suzuki
2022-01-21,7820.72314453125,MARUTI.NS,Maruti Suzuki
2022-01-24,7689.60693359375,MARUTI.NS,Maruti Suzuki
2022-01-25,8215.1201171875,MARUTI.NS,Maruti Suzuki
2022-01-27,8422.9189453125,MARUTI.NS,Maruti Suzuki
2022-01-28,8165.796875,MARUTI.NS,Maruti Suzuki
2022-01-31,8210.05859375,MARUTI.NS,Maruti Suzuki
2022-02-01,8173.8662109375,MARUTI.NS,Maruti Suzuki
2022-02-02,8131.705078125,MARUTI.NS,Maruti Suzuki
2022-02-03,8206.57421875,MARUTI.NS,Maruti Suzuki
2022-02-04,8165.41455078125,MARUTI.NS,Maruti Suzuki
2022-02-07,8128.2666015625,MARUTI.NS,Maruti Suzuki
2022-02-08,8212.1123046875,MARUTI.NS,Maruti Suzuki
2022-02-09,8546.3486328125,MARUTI.NS,Maruti Suzuki
2022-02-10,8408.833984375,MARUTI.NS,Maruti Suzuki
2022-02-11,8343.611328125,MARUTI.NS,Maruti Suzuki
2022-02-14,7989.56005859375,MARUTI.NS,Maruti Suzuki
2022-02-15,8234.3154296875,MARUTI.NS,Maruti Suzuki
2022-02-16,8196.35546875,MARUTI.NS,Maruti Suzuki
2022-02-17,8167.22998046875,MARUTI.NS,Maruti Suzuki
2022-02-18,8183.12890625,MARUTI.NS,Maruti Suzuki
2022-02-21,8224.7666015625,MARUTI.NS,Maruti Suzuki
2022-02-22,8234.4111328125,MARUTI.NS,Maruti Suzuki
2022-02-23,8307.0341796875,MARUTI.NS,Maruti Suzuki
2022-02-24,7840.34765625,MARUTI.NS,Maruti Suzuki
2022-02-25,7979.72265625,MARUTI.NS,Maruti Suzuki
2022-02-28,7939.6630859375,MARUTI.NS,Maruti Suzuki
2022-03-02,7462.23193359375,MARUTI.NS,Maruti Suzuki
2022-03-03,7253.4296875,MARUTI.NS,Maruti Suzuki
2022-03-04,6920.86572265625,MARUTI.NS,Maruti Suzuki
2022-03-07,6464.1572265625,MARUTI.NS,Maruti Suzuki
2022-03-08,6499.72900390625,MARUTI.NS,Maruti Suzuki
2022-03-09,6710.345703125,MARUTI.NS,Maruti Suzuki
2022-03-10,6886.96484375,MARUTI.NS,Maruti Suzuki
2022-03-11,6782.6357421875,MARUTI.NS,Maruti Suzuki
2022-03-14,6987.18798828125,MARUTI.NS,Maruti Suzuki
2022-03-15,7085.8828125,MARUTI.NS,Maruti Suzuki
2022-03-16,7148.623046875,MARUTI.NS,Maruti Suzuki
2022-03-17,7346.490234375,MARUTI.NS,Maruti Suzuki
2022-03-21,7358.47509765625,MARUTI.NS,Maruti Suzuki
2022-03-22,7416.82275390625,MARUTI.NS,Maruti Suzuki
2022-03-23,7300.50927734375,MARUTI.NS,Maruti Suzuki
2022-03-24,7216.56884765625,MARUTI.NS,Maruti Suzuki
2022-03-25,7081.4423828125,MARUTI.NS,Maruti Suzuki
2022-03-28,7140.5537109375,MARUTI.NS,Maruti Suzuki
2022-03-29,7104.07470703125,MARUTI.NS,Maruti Suzuki
2022-03-30,7256.3427734375,MARUTI.NS,Maruti Suzuki
2022-03-31,7220.72265625,MARUTI.NS,Maruti Suzuki
2022-04-01,7353.22265625,MARUTI.NS,Maruti Suzuki
2022-04-04,7424.6064453125,MARUTI.NS,Maruti Suzuki
2022-04-05,7412.2392578125,MARUTI.NS,Maruti Suzuki
2022-04-06,7395.38525390625,MARUTI.NS,Maruti Suzuki
2022-04-07,7296.35546875,MARUTI.NS,Maruti Suzuki
2022-04-08,7217.52392578125,MARUTI.NS,Maruti Suzuki
2022-04-11,7224.6376953125,MARUTI.NS,Maruti Suzuki
2022-04-12,7275.203125,MARUTI.NS,Maruti Suzuki
2022-04-13,7133.0576171875,MARUTI.NS,Maruti Suzuki
2022-04-18,7232.373046875,MARUTI.NS,Maruti Suzuki
2022-04-19,7100.20703125,MARUTI.NS,Maruti Suzuki
2022-04-20,7321.37548828125,MARUTI.NS,Maruti Suzuki
2022-04-21,7524.3037109375,MARUTI.NS,Maruti Suzuki
2022-04-22,7548.46337890625,MARUTI.NS,Maruti Suzuki
2022-04-25,7555.96044921875,MARUTI.NS,Maruti Suzuki
2022-04-26,7550.61279296875,MARUTI.NS,Maruti Suzuki
2022-04-27,7437.59375,MARUTI.NS,Maruti Suzuki
2022-04-28,7532.85107421875,MARUTI.NS,Maruti Suzuki
2022-04-29,7370.173828125,MARUTI.NS,Maruti Suzuki
2022-05-02,7290.86474609375,MARUTI.NS,Maruti Suzuki
2022-05-04,7064.6826171875,MARUTI.NS,Maruti Suzuki
2022-05-05,7073.99365234375,MARUTI.NS,Maruti Suzuki
2022-05-06,6951.376953125,MARUTI.NS,Maruti Suzuki
2022-05-09,7028.77587890625,MARUTI.NS,Maruti Suzuki
2022-05-10,7177.3671875,MARUTI.NS,Maruti Suzuki
2022-05-11,7063.2978515625,MARUTI.NS,Maruti Suzuki
2022-05-12,6926.93017578125,MARUTI.NS,Maruti Suzuki
2022-05-13,6782.06298828125,MARUTI.NS,Maruti Suzuki
2022-05-16,6921.1533203125,MARUTI.NS,Maruti Suzuki
2022-05-17,7193.50634765625,MARUTI.NS,Maruti Suzuki
2022-05-18,7225.73583984375,MARUTI.NS,Maruti Suzuki
2022-05-19,7071.03271484375,MARUTI.NS,Maruti Suzuki
2022-05-20,7244.88330078125,MARUTI.NS,Maruti Suzuki
2022-05-23,7541.732421875,MARUTI.NS,Maruti Suzuki
2022-05-24,7451.201171875,MARUTI.NS,Maruti Suzuki
2022-05-25,7436.4951171875,MARUTI.NS,Maruti Suzuki
2022-05-26,7453.44580078125,MARUTI.NS,Maruti Suzuki
2022-05-27,7585.1826171875,MARUTI.NS,Maruti Suzuki
2022-05-30,7652.93701171875,MARUTI.NS,Maruti Suzuki
2022-05-31,7607.52880859375,MARUTI.NS,Maruti Suzuki
2022-06-01,7581.79248046875,MARUTI.NS,Maruti Suzuki
2022-06-02,7568.42236328125,MARUTI.NS,Maruti Suzuki
2022-06-03,7357.998046875,MARUTI.NS,Maruti Suzuki
2022-06-06,7363.24951171875,MARUTI.NS,Maruti Suzuki
2022-06-07,7457.6474609375,MARUTI.NS,Maruti Suzuki
2022-06-08,7536.95751953125,MARUTI.NS,Maruti Suzuki
2022-06-09,7572.6728515625,MARUTI.NS,Maruti Suzuki
2022-06-10,7577.68603515625,MARUTI.NS,Maruti Suzuki
2022-06-13,7545.69482421875,MARUTI.NS,Maruti Suzuki
2022-06-14,7459.79638671875,MARUTI.NS,Maruti Suzuki
2022-06-15,7499.7138671875,MARUTI.NS,Maruti Suzuki
2022-06-16,7480.75732421875,MARUTI.NS,Maruti Suzuki
2022-06-17,7341.8583984375,MARUTI.NS,Maruti Suzuki
2022-06-20,7315.88427734375,MARUTI.NS,Maruti Suzuki
2022-06-21,7430.14501953125,MARUTI.NS,Maruti Suzuki
2022-06-22,7432.1982421875,MARUTI.NS,Maruti Suzuki
2022-06-23,7898.45654296875,MARUTI.NS,Maruti Suzuki
2022-06-24,7986.50341796875,MARUTI.NS,Maruti Suzuki
2022-06-27,8068.19970703125,MARUTI.NS,Maruti Suzuki
2022-06-28,8107.30517578125,MARUTI.NS,Maruti Suzuki
2022-06-29,8125.64111328125,MARUTI.NS,Maruti Suzuki
2022-06-30,8089.208984375,MARUTI.NS,Maruti Suzuki
2022-07-01,8024.1279296875,MARUTI.NS,Maruti Suzuki
2022-07-04,8063.04296875,MARUTI.NS,Maruti Suzuki
2022-07-05,7972.65625,MARUTI.NS,Maruti Suzuki
2022-07-06,8241.333984375,MARUTI.NS,Maruti Suzuki
2022-07-07,8218.7490234375,MARUTI.NS,Maruti Suzuki
2022-07-08,8094.17529296875,MARUTI.NS,Maruti Suzuki
2022-07-11,8124.44677734375,MARUTI.NS,Maruti Suzuki
2022-07-12,8040.458984375,MARUTI.NS,Maruti Suzuki
2022-07-13,8060.03564453125,MARUTI.NS,Maruti Suzuki
2022-07-14,8181.83935546875,MARUTI.NS,Maruti Suzuki
2022-07-15,8382.66796875,MARUTI.NS,Maruti Suzuki
2022-07-18,8312.716796875,MARUTI.NS,Maruti Suzuki
2022-07-19,8323.2685546875,MARUTI.NS,Maruti Suzuki
2022-07-20,8354.9736328125,MARUTI.NS,Maruti Suzuki
2022-07-21,8400.7646484375,MARUTI.NS,Maruti Suzuki
2022-07-22,8433.185546875,MARUTI.NS,Maruti Suzuki
2022-07-25,8233.2646484375,MARUTI.NS,Maruti Suzuki
2022-07-26,8141.8271484375,MARUTI.NS,Maruti Suzuki
2022-07-27,8268.1201171875,MARUTI.NS,Maruti Suzuki
2022-07-28,8328.234375,MARUTI.NS,Maruti Suzuki
2022-07-29,8378.3701171875,MARUTI.NS,Maruti Suzuki
2022-08-01,8597.8681640625,MARUTI.NS,Maruti Suzuki
2022-08-02,8759.8759765625,MARUTI.NS,Maruti Suzuki
2022-08-03,8612.2294921875,MARUTI.NS,Maruti Suzuki
2022-08-04,8619.197265625,MARUTI.NS,Maruti Suzuki
2022-08-05,8498.5615234375,MARUTI.NS,Maruti Suzuki
2022-08-08,8576.1826171875,MARUTI.NS,Maruti Suzuki
2022-08-10,8535.5693359375,MARUTI.NS,Maruti Suzuki
2022-08-11,8472.2724609375,MARUTI.NS,Maruti Suzuki
2022-08-12,8362.064453125,MARUTI.NS,Maruti Suzuki
2022-08-16,8654.7646484375,MARUTI.NS,Maruti Suzuki
2022-08-17,8597.712890625,MARUTI.NS,Maruti Suzuki
2022-08-18,8600.9345703125,MARUTI.NS,Maruti Suzuki
2022-08-19,8438.724609375,MARUTI.NS,Maruti Suzuki
2022-08-22,8293.6240234375,MARUTI.NS,Maruti Suzuki
2022-08-23,8382.5390625,MARUTI.NS,Maruti Suzuki
2022-08-24,8366.6787109375,MARUTI.NS,Maruti Suzuki
2022-08-25,8397.3427734375,MARUTI.NS,Maruti Suzuki
2022-08-26,8382.634765625,MARUTI.NS,Maruti Suzuki
2022-08-29,8491.8330078125,MARUTI.NS,Maruti Suzuki
2022-08-30,8730.26953125,MARUTI.NS,Maruti Suzuki
2022-09-01,8674.7578125,MARUTI.NS,Maruti Suzuki
2022-09-02,8573.9228515625,MARUTI.NS,Maruti Suzuki
2022-09-05,8603.193359375,MARUTI.NS,Maruti Suzuki
2022-09-06,8544.2685546875,MARUTI.NS,Maruti Suzuki
2022-09-07,8444.4443359375,MARUTI.NS,Maruti Suzuki
2022-09-08,8449.9716796875,MARUTI.NS,Maruti Suzuki
2022-09-09,8599.30078125,MARUTI.NS,Maruti Suzuki
2022-09-12,8581.6611328125,MARUTI.NS,Maruti Suzuki
2022-09-13,8580.5546875,MARUTI.NS,Maruti Suzuki
2022-09-14,8619.6796875,MARUTI.NS,Maruti Suzuki
2022-09-15,8852.828125,MARUTI.NS,Maruti Suzuki
2022-09-16,8833.5078125,MARUTI.NS,Maruti Suzuki
2022-09-19,8921.171875,MARUTI.NS,Maruti Suzuki
2022-09-20,8940.396484375,MARUTI.NS,Maruti Suzuki
2022-09-21,8889.5,MARUTI.NS,Maruti Suzuki
2022-09-22,9037.482421875,MARUTI.NS,Maruti Suzuki
2022-09-23,8981.34765625,MARUTI.NS,Maruti Suzuki
2022-09-26,8492.5546875,MARUTI.NS,Maruti Suzuki
2022-09-27,8434.013671875,MARUTI.NS,Maruti Suzuki
2022-09-28,8388.5458984375,MARUTI.NS,Maruti Suzuki
2022-09-29,8290.595703125,MARUTI.NS,Maruti Suzuki
2022-09-30,8486.017578125,MARUTI.NS,Maruti Suzuki
2022-10-03,8215.7626953125,MARUTI.NS,Maruti Suzuki
2022-10-04,8353.7021484375,MARUTI.NS,Maruti Suzuki
2022-10-06,8365.7177734375,MARUTI.NS,Maruti Suzuki
2022-10-07,8438.8671875,MARUTI.NS,Maruti Suzuki
2022-10-10,8518.9404296875,MARUTI.NS,Maruti Suzuki
2022-10-11,8347.5986328125,MARUTI.NS,Maruti Suzuki
2022-10-12,8349.9521484375,MARUTI.NS,Maruti Suzuki
2022-10-13,8314.3388671875,MARUTI.NS,Maruti Suzuki
2022-10-14,8283.3388671875,MARUTI.NS,Maruti Suzuki
2022-10-17,8385.7109375,MARUTI.NS,Maruti Suzuki
2022-10-18,8466.0234375,MARUTI.NS,Maruti Suzuki
2022-10-19,8381.43359375,MARUTI.NS,Maruti Suzuki
2022-10-20,8369.947265625,MARUTI.NS,Maruti Suzuki
2022-10-21,8366.005859375,MARUTI.NS,Maruti Suzuki
2022-10-24,8425.748046875,MARUTI.NS,Maruti Suzuki
2022-10-25,8656.013671875,MARUTI.NS,Maruti Suzuki
2022-10-27,8691.53125,MARUTI.NS,Maruti Suzuki
2022-10-28,9124.6689453125,MARUTI.NS,Maruti Suzuki
2022-10-31,9158.3603515625,MARUTI.NS,Maruti Suzuki
2022-11-01,9088.1884765625,MARUTI.NS,Maruti Suzuki
2022-11-02,8871.716796875,MARUTI.NS,Maruti Suzuki
2022-11-03,8881.0400390625,MARUTI.NS,Maruti Suzuki
2022-11-04,8871.8125,MARUTI.NS,Maruti Suzuki
2022-11-07,8971.5908203125,MARUTI.NS,Maruti Suzuki
2022-11-09,8894.8828125,MARUTI.NS,Maruti Suzuki
2022-11-10,8744.6884765625,MARUTI.NS,Maruti Suzuki
2022-11-11,8735.365234375,MARUTI.NS,Maruti Suzuki
2022-11-14,8797.65234375,MARUTI.NS,Maruti Suzuki
2022-11-15,8807.12109375,MARUTI.NS,Maruti Suzuki
2022-11-16,8780.927734375,MARUTI.NS,Maruti Suzuki
2022-11-17,8638.18359375,MARUTI.NS,Maruti Suzuki
2022-11-18,8505.1455078125,MARUTI.NS,Maruti Suzuki
2022-11-21,8521.630859375,MARUTI.NS,Maruti Suzuki
2022-11-22,8529.849609375,MARUTI.NS,Maruti Suzuki
2022-11-23,8588.24609375,MARUTI.NS,Maruti Suzuki
2022-11-24,8619.5830078125,MARUTI.NS,Maruti Suzuki
2022-11-25,8669.951171875,MARUTI.NS,Maruti Suzuki
2022-11-28,8637.173828125,MARUTI.NS,Maruti Suzuki
2022-11-29,8564.8876953125,MARUTI.NS,Maruti Suzuki
2022-11-30,8626.359375,MARUTI.NS,Maruti Suzuki
2022-12-01,8610.9794921875,MARUTI.NS,Maruti Suzuki
2022-12-02,8474.1923828125,MARUTI.NS,Maruti Suzuki
2022-12-05,8451.31640625,MARUTI.NS,Maruti Suzuki
2022-12-06,8379.51171875,MARUTI.NS,Maruti Suzuki
2022-12-07,8323.5673828125,MARUTI.NS,Maruti Suzuki
2022-12-08,8346.2041015625,MARUTI.NS,Maruti Suzuki
2022-12-09,8279.5419921875,MARUTI.NS,Maruti Suzuki
2022-12-12,8324.1435546875,MARUTI.NS,Maruti Suzuki
2022-12-13,8286.6064453125,MARUTI.NS,Maruti Suzuki
2022-12-14,8306.697265625,MARUTI.NS,Maruti Suzuki
2022-12-15,8251.474609375,MARUTI.NS,Maruti Suzuki
2022-12-16,8156.93505859375,MARUTI.NS,Maruti Suzuki
2022-12-19,8270.4091796875,MARUTI.NS,Maruti Suzuki
2022-12-20,8193.9912109375,MARUTI.NS,Maruti Suzuki
2022-12-21,8026.783203125,MARUTI.NS,Maruti Suzuki
2022-12-22,8011.353515625,MARUTI.NS,Maruti Suzuki
2022-12-23,7826.07421875,MARUTI.NS,Maruti Suzuki
2022-12-26,7936.8095703125,MARUTI.NS,Maruti Suzuki
2022-12-27,7983.57470703125,MARUTI.NS,Maruti Suzuki
2022-12-28,8094.6943359375,MARUTI.NS,Maruti Suzuki
2022-12-29,8108.873046875,MARUTI.NS,Maruti Suzuki
2022-12-30,8069.26953125,MARUTI.NS,Maruti Suzuki
2023-01-02,8077.63232421875,MARUTI.NS,Maruti Suzuki
2023-01-03,8057.87890625,MARUTI.NS,Maruti Suzuki
2023-01-04,8096.37646484375,MARUTI.NS,Maruti Suzuki
2023-01-05,8133.19189453125,MARUTI.NS,Maruti Suzuki
2023-01-06,8058.16650390625,MARUTI.NS,Maruti Suzuki
2023-01-09,8052.3515625,MARUTI.NS,Maruti Suzuki
2023-01-10,7971.75146484375,MARUTI.NS,Maruti Suzuki
2023-01-11,7963.3876953125,MARUTI.NS,Maruti Suzuki
2023-01-12,8044.853515625,MARUTI.NS,Maruti Suzuki
2023-01-13,8125.79052734375,MARUTI.NS,Maruti Suzuki
2023-01-16,8055.33056640625,MARUTI.NS,Maruti Suzuki
2023-01-17,8150.734375,MARUTI.NS,Maruti Suzuki
2023-01-18,8164.86376953125,MARUTI.NS,Maruti Suzuki
2023-01-19,8172.17138671875,MARUTI.NS,Maruti Suzuki
2023-01-20,8112.71728515625,MARUTI.NS,Maruti Suzuki
2023-01-23,8090.8974609375,MARUTI.NS,Maruti Suzuki
2023-01-24,8361.6796875,MARUTI.NS,Maruti Suzuki
2023-01-25,8443.673828125,MARUTI.NS,Maruti Suzuki
2023-01-27,8398.8798828125,MARUTI.NS,Maruti Suzuki
2023-01-30,8475.298828125,MARUTI.NS,Maruti Suzuki
2023-01-31,8550.564453125,MARUTI.NS,Maruti Suzuki
2023-02-01,8429.0146484375,MARUTI.NS,Maruti Suzuki
2023-02-02,8526.390625,MARUTI.NS,Maruti Suzuki
2023-02-03,8595.7431640625,MARUTI.NS,Maruti Suzuki
2023-02-06,8562.7734375,MARUTI.NS,Maruti Suzuki
2023-02-07,8422.86328125,MARUTI.NS,Maruti Suzuki
2023-02-08,8492.3125,MARUTI.NS,Maruti Suzuki
2023-02-09,8460.111328125,MARUTI.NS,Maruti Suzuki
2023-02-10,8469.8671875,MARUTI.NS,Maruti Suzuki
2023-02-13,8468.0419921875,MARUTI.NS,Maruti Suzuki
2023-02-14,8434.3984375,MARUTI.NS,Maruti Suzuki
2023-02-15,8502.55078125,MARUTI.NS,Maruti Suzuki
2023-02-16,8463.8603515625,MARUTI.NS,Maruti Suzuki
2023-02-17,8466.408203125,MARUTI.NS,Maruti Suzuki
2023-02-20,8356.73046875,MARUTI.NS,Maruti Suzuki
2023-02-21,8333.8515625,MARUTI.NS,Maruti Suzuki
2023-02-22,8323.375,MARUTI.NS,Maruti Suzuki
2023-02-23,8359.228515625,MARUTI.NS,Maruti Suzuki
2023-02-24,8324.86328125,MARUTI.NS,Maruti Suzuki
2023-02-27,8297.662109375,MARUTI.NS,Maruti Suzuki
2023-02-28,8290.115234375,MARUTI.NS,Maruti Suzuki
2023-03-01,8424.498046875,MARUTI.NS,Maruti Suzuki
2023-03-02,8217.4453125,MARUTI.NS,Maruti Suzuki
2023-03-03,8267.9111328125,MARUTI.NS,Maruti Suzuki
2023-03-06,8296.9404296875,MARUTI.NS,Maruti Suzuki
2023-03-08,8356.9697265625,MARUTI.NS,Maruti Suzuki
2023-03-09,8210.908203125,MARUTI.NS,Maruti Suzuki
2023-03-10,8268.1982421875,MARUTI.NS,Maruti Suzuki
2023-03-13,8188.271484375,MARUTI.NS,Maruti Suzuki
2023-03-14,8182.26416015625,MARUTI.NS,Maruti Suzuki
2023-03-15,8146.505859375,MARUTI.NS,Maruti Suzuki
2023-03-16,8110.45849609375,MARUTI.NS,Maruti Suzuki
2023-03-17,7994.5322265625,MARUTI.NS,Maruti Suzuki
2023-03-20,7901.05078125,MARUTI.NS,Maruti Suzuki
2023-03-21,7909.5107421875,MARUTI.NS,Maruti Suzuki
2023-03-22,7932.5810546875,MARUTI.NS,Maruti Suzuki
2023-03-23,8029.4736328125,MARUTI.NS,Maruti Suzuki
2023-03-24,7923.4482421875,MARUTI.NS,Maruti Suzuki
2023-03-27,7957.5244140625,MARUTI.NS,Maruti Suzuki
2023-03-28,7890.66943359375,MARUTI.NS,Maruti Suzuki
2023-03-29,7973.8173828125,MARUTI.NS,Maruti Suzuki
2023-03-31,7970.7900390625,MARUTI.NS,Maruti Suzuki
2023-04-03,8173.51708984375,MARUTI.NS,Maruti Suzuki
2023-04-05,8119.68603515625,MARUTI.NS,Maruti Suzuki
2023-04-06,8186.58984375,MARUTI.NS,Maruti Suzuki
2023-04-10,8204.373046875,MARUTI.NS,Maruti Suzuki
2023-04-11,8323.951171875,MARUTI.NS,Maruti Suzuki
2023-04-12,8286.943359375,MARUTI.NS,Maruti Suzuki
2023-04-13,8334.765625,MARUTI.NS,Maruti Suzuki
2023-04-17,8338.466796875,MARUTI.NS,Maruti Suzuki
2023-04-18,8394.2197265625,MARUTI.NS,Maruti Suzuki
2023-04-19,8343.560546875,MARUTI.NS,Maruti Suzuki
2023-04-20,8376.916015625,MARUTI.NS,Maruti Suzuki
2023-04-21,8226.76953125,MARUTI.NS,Maruti Suzuki
2023-04-24,8138.0478515625,MARUTI.NS,Maruti Suzuki
2023-04-25,8140.69091796875,MARUTI.NS,Maruti Suzuki
2023-04-26,8177.21826171875,MARUTI.NS,Maruti Suzuki
2023-04-27,8211.87109375,MARUTI.NS,Maruti Suzuki
2023-04-28,8256.6640625,MARUTI.NS,Maruti Suzuki
2023-05-02,8436.7060546875,MARUTI.NS,Maruti Suzuki
2023-05-03,8456.36328125,MARUTI.NS,Maruti Suzuki
2023-05-04,8459.5341796875,MARUTI.NS,Maruti Suzuki
2023-05-05,8601.84765625,MARUTI.NS,Maruti Suzuki
2023-05-08,8724.501953125,MARUTI.NS,Maruti Suzuki
2023-05-09,8758.4345703125,MARUTI.NS,Maruti Suzuki
2023-05-10,8812.8408203125,MARUTI.NS,Maruti Suzuki
2023-05-11,8901.9970703125,MARUTI.NS,Maruti Suzuki
2023-05-12,8935.158203125,MARUTI.NS,Maruti Suzuki
2023-05-15,8850.47265625,MARUTI.NS,Maruti Suzuki
2023-05-16,8719.791015625,MARUTI.NS,Maruti Suzuki
2023-05-17,8765.98046875,MARUTI.NS,Maruti Suzuki
2023-05-18,8702.4423828125,MARUTI.NS,Maruti Suzuki
2023-05-19,8753.0517578125,MARUTI.NS,Maruti Suzuki
2023-05-22,8801.7861328125,MARUTI.NS,Maruti Suzuki
2023-05-23,8844.1279296875,MARUTI.NS,Maruti Suzuki
2023-05-24,8911.46484375,MARUTI.NS,Maruti Suzuki
2023-05-25,8922.134765625,MARUTI.NS,Maruti Suzuki
2023-05-26,9035.6572265625,MARUTI.NS,Maruti Suzuki
2023-05-29,8971.7822265625,MARUTI.NS,Maruti Suzuki
2023-05-30,9019.7001953125,MARUTI.NS,Maruti Suzuki
2023-05-31,9004.6572265625,MARUTI.NS,Maruti Suzuki
2023-06-01,8966.783203125,MARUTI.NS,Maruti Suzuki
2023-06-02,9117.7470703125,MARUTI.NS,Maruti Suzuki
2023-06-05,9210.7470703125,MARUTI.NS,Maruti Suzuki
2023-06-06,9358.8759765625,MARUTI.NS,Maruti Suzuki
2023-06-07,9331.2880859375,MARUTI.NS,Maruti Suzuki
2023-06-08,9284.283203125,MARUTI.NS,Maruti Suzuki
2023-06-09,9254.6767578125,MARUTI.NS,Maruti Suzuki
2023-06-12,9180.3251953125,MARUTI.NS,Maruti Suzuki
2023-06-13,9148.6513671875,MARUTI.NS,Maruti Suzuki
2023-06-14,9163.0703125,MARUTI.NS,Maruti Suzuki
2023-06-15,9223.00390625,MARUTI.NS,Maruti Suzuki
2023-06-16,9231.5107421875,MARUTI.NS,Maruti Suzuki
2023-06-19,9162.5908203125,MARUTI.NS,Maruti Suzuki
2023-06-20,9124.236328125,MARUTI.NS,Maruti Suzuki
2023-06-21,9074.9716796875,MARUTI.NS,Maruti Suzuki
2023-06-22,9038.63671875,MARUTI.NS,Maruti Suzuki
2023-06-23,8965.822265625,MARUTI.NS,Maruti Suzuki
2023-06-26,9103.185546875,MARUTI.NS,Maruti Suzuki
2023-06-27,9094.3408203125,MARUTI.NS,Maruti Suzuki
2023-06-28,9170.904296875,MARUTI.NS,Maruti Suzuki
2023-06-30,9409.677734375,MARUTI.NS,Maruti Suzuki
2023-07-03,9298.125,MARUTI.NS,Maruti Suzuki
2023-07-04,9273.517578125,MARUTI.NS,Maruti Suzuki
2023-07-05,9605.05078125,MARUTI.NS,Maruti Suzuki
2023-07-06,9477.3017578125,MARUTI.NS,Maruti Suzuki
2023-07-07,9468.505859375,MARUTI.NS,Maruti Suzuki
2023-07-10,9358.9716796875,MARUTI.NS,Maruti Suzuki
2023-07-11,9516.47265625,MARUTI.NS,Maruti Suzuki
2023-07-12,9454.615234375,MARUTI.NS,Maruti Suzuki
2023-07-13,9273.662109375,MARUTI.NS,Maruti Suzuki
2023-07-14,9231.462890625,MARUTI.NS,Maruti Suzuki
2023-07-17,9314.033203125,MARUTI.NS,Maruti Suzuki
2023-07-18,9291.0615234375,MARUTI.NS,Maruti Suzuki
2023-07-19,9235.2119140625,MARUTI.NS,Maruti Suzuki
2023-07-20,9393.76953125,MARUTI.NS,Maruti Suzuki
2023-07-21,9391.4140625,MARUTI.NS,Maruti Suzuki
2023-07-24,9319.0810546875,MARUTI.NS,Maruti Suzuki
2023-07-25,9380.4072265625,MARUTI.NS,Maruti Suzuki
2023-07-26,9378.2451171875,MARUTI.NS,Maruti Suzuki
2023-07-27,9375.6005859375,MARUTI.NS,Maruti Suzuki
2023-07-28,9295.529296875,MARUTI.NS,Maruti Suzuki
2023-07-31,9440.1484375,MARUTI.NS,Maruti Suzuki
2023-08-01,9340.1796875,MARUTI.NS,Maruti Suzuki
2023-08-02,9279.6689453125,MARUTI.NS,Maruti Suzuki
2023-08-03,9260.1669921875,MARUTI.NS,Maruti Suzuki
2023-08-04,9189.0439453125,MARUTI.NS,Maruti Suzuki
2023-08-07,9240.857421875,MARUTI.NS,Maruti Suzuki
2023-08-08,9259.05078125,MARUTI.NS,Maruti Suzuki
2023-08-09,9181.9599609375,MARUTI.NS,Maruti Suzuki
2023-08-10,9118.40625,MARUTI.NS,Maruti Suzuki
2023-08-11,9078.8671875,MARUTI.NS,Maruti Suzuki
2023-08-14,9044.7138671875,MARUTI.NS,Maruti Suzuki
2023-08-16,9139.705078125,MARUTI.NS,Maruti Suzuki
2023-08-17,9096.7685546875,MARUTI.NS,Maruti Suzuki
2023-08-18,9175.1201171875,MARUTI.NS,Maruti Suzuki
2023-08-21,9158.3828125,MARUTI.NS,Maruti Suzuki
2023-08-22,9209.9052734375,MARUTI.NS,Maruti Suzuki
2023-08-23,9315.716796875,MARUTI.NS,Maruti Suzuki
2023-08-24,9289.275390625,MARUTI.NS,Maruti Suzuki
2023-08-25,9223.2958984375,MARUTI.NS,Maruti Suzuki
2023-08-28,9312.5625,MARUTI.NS,Maruti Suzuki
2023-08-29,9335.412109375,MARUTI.NS,Maruti Suzuki
2023-08-30,9505.3603515625,MARUTI.NS,Maruti Suzuki
2023-08-31,9706.5966796875,MARUTI.NS,Maruti Suzuki
2023-09-01,10024.3193359375,MARUTI.NS,Maruti Suzuki
2023-09-04,10054.591796875,MARUTI.NS,Maruti Suzuki
2023-09-05,9957.2236328125,MARUTI.NS,Maruti Suzuki
2023-09-06,9876.447265625,MARUTI.NS,Maruti Suzuki
2023-09-07,9975.3193359375,MARUTI.NS,Maruti Suzuki
2023-09-08,10025.046875,MARUTI.NS,Maruti Suzuki
2023-09-11,10220.8994140625,MARUTI.NS,Maruti Suzuki
2023-09-12,10191.548828125,MARUTI.NS,Maruti Suzuki
2023-09-13,10162.24609375,MARUTI.NS,Maruti Suzuki
2023-09-14,10176.5595703125,MARUTI.NS,Maruti Suzuki
2023-09-15,10212.556640625,MARUTI.NS,Maruti Suzuki
2023-09-18,10209.5,MARUTI.NS,Maruti Suzuki
2023-09-20,10039.3583984375,MARUTI.NS,Maruti Suzuki
2023-09-21,9978.763671875,MARUTI.NS,Maruti Suzuki
2023-09-22,10222.162109375,MARUTI.NS,Maruti Suzuki
2023-09-25,10273.6357421875,MARUTI.NS,Maruti Suzuki
2023-09-26,10243.0234375,MARUTI.NS,Maruti Suzuki
2023-09-27,10363.435546875,MARUTI.NS,Maruti Suzuki
2023-09-28,10251.462890625,MARUTI.NS,Maruti Suzuki
2023-09-29,10295.3701171875,MARUTI.NS,Maruti Suzuki
2023-10-03,10039.5048828125,MARUTI.NS,Maruti Suzuki
2023-10-04,9828.90234375,MARUTI.NS,Maruti Suzuki
2023-10-05,9906.8173828125,MARUTI.NS,Maruti Suzuki
2023-10-06,9995.986328125,MARUTI.NS,Maruti Suzuki
2023-10-09,9940.4375,MARUTI.NS,Maruti Suzuki
2023-10-10,10066.76953125,MARUTI.NS,Maruti Suzuki
2023-10-11,10102.767578125,MARUTI.NS,Maruti Suzuki
2023-10-12,10266.552734375,MARUTI.NS,Maruti Suzuki
2023-10-13,10408.845703125,MARUTI.NS,Maruti Suzuki
2023-10-16,10386.48046875,MARUTI.NS,Maruti Suzuki
2023-10-17,10431.404296875,MARUTI.NS,Maruti Suzuki
2023-10-18,10467.9365234375,MARUTI.NS,Maruti Suzuki
2023-10-19,10451.68359375,MARUTI.NS,Maruti Suzuki
2023-10-20,10407.0029296875,MARUTI.NS,Maruti Suzuki
2023-10-23,10240.1123046875,MARUTI.NS,Maruti Suzuki
2023-10-25,10274.265625,MARUTI.NS,Maruti Suzuki
2023-10-26,10114.4599609375,MARUTI.NS,Maruti Suzuki
2023-10-27,10246.9521484375,MARUTI.NS,Maruti Suzuki
2023-10-30,10088.794921875,MARUTI.NS,Maruti Suzuki
2023-10-31,10083.5546875,MARUTI.NS,Maruti Suzuki
2023-11-01,9923.89453125,MARUTI.NS,Maruti Suzuki
2023-11-02,9997.490234375,MARUTI.NS,Maruti Suzuki
2023-11-03,9971.001953125,MARUTI.NS,Maruti Suzuki
2023-11-06,9979.296875,MARUTI.NS,Maruti Suzuki
2023-11-07,9948.6845703125,MARUTI.NS,Maruti Suzuki
2023-11-08,10015.634765625,MARUTI.NS,Maruti Suzuki
2023-11-09,10091.365234375,MARUTI.NS,Maruti Suzuki
2023-11-10,10080.1591796875,MARUTI.NS,Maruti Suzuki
2023-11-13,10089.474609375,MARUTI.NS,Maruti Suzuki
2023-11-15,10145.4111328125,MARUTI.NS,Maruti Suzuki
2023-11-16,10173.0166015625,MARUTI.NS,Maruti Suzuki
2023-11-17,10210.8583984375,MARUTI.NS,Maruti Suzuki
2023-11-20,10252.337890625,MARUTI.NS,Maruti Suzuki
2023-11-21,10222.162109375,MARUTI.NS,Maruti Suzuki
2023-11-22,10182.767578125,MARUTI.NS,Maruti Suzuki
2023-11-23,10176.8974609375,MARUTI.NS,Maruti Suzuki
2023-11-24,10203.2421875,MARUTI.NS,Maruti Suzuki
2023-11-28,10224.490234375,MARUTI.NS,Maruti Suzuki
2023-11-29,10284.357421875,MARUTI.NS,Maruti Suzuki
2023-11-30,10293.5263671875,MARUTI.NS,Maruti Suzuki
2023-12-01,10271.2099609375,MARUTI.NS,Maruti Suzuki
2023-12-04,10284.5517578125,MARUTI.NS,Maruti Suzuki
2023-12-05,10403.3642578125,MARUTI.NS,Maruti Suzuki
2023-12-06,10310.0693359375,MARUTI.NS,Maruti Suzuki
2023-12-07,10378.8642578125,MARUTI.NS,Maruti Suzuki
2023-12-08,10303.083984375,MARUTI.NS,Maruti Suzuki
2023-12-11,10228.5654296875,MARUTI.NS,Maruti Suzuki
2023-12-12,10031.2568359375,MARUTI.NS,Maruti Suzuki
2023-12-13,10071.6689453125,MARUTI.NS,Maruti Suzuki
2023-12-14,10045.6181640625,MARUTI.NS,Maruti Suzuki
2023-12-15,9980.8017578125,MARUTI.NS,Maruti Suzuki
2023-12-18,10013.0146484375,MARUTI.NS,Maruti Suzuki
2023-12-19,9929.5693359375,MARUTI.NS,Maruti Suzuki
2023-12-20,9781.74609375,MARUTI.NS,Maruti Suzuki
2023-12-21,9715.3779296875,MARUTI.NS,Maruti Suzuki
2023-12-22,9913.609375,MARUTI.NS,Maruti Suzuki
2023-12-26,9965.5205078125,MARUTI.NS,Maruti Suzuki
2023-12-27,9982.8388671875,MARUTI.NS,Maruti Suzuki
2023-12-28,9966.4404296875,MARUTI.NS,Maruti Suzuki
2023-12-29,9996.27734375,MARUTI.NS,Maruti Suzuki
2024-01-01,9977.7939453125,MARUTI.NS,Maruti Suzuki
2024-01-02,9894.78515625,MARUTI.NS,Maruti Suzuki
2024-01-03,9778.25390625,MARUTI.NS,Maruti Suzuki
2024-01-04,9717.755859375,MARUTI.NS,Maruti Suzuki
2024-01-05,9719.4052734375,MARUTI.NS,Maruti Suzuki
2024-01-08,9651.193359375,MARUTI.NS,Maruti Suzuki
2024-01-09,9726.2939453125,MARUTI.NS,Maruti Suzuki
2024-01-10,9712.8076171875,MARUTI.NS,Maruti Suzuki
2024-01-11,9713.6806640625,MARUTI.NS,Maruti Suzuki
2024-01-12,9669.58203125,MARUTI.NS,Maruti Suzuki
2024-01-15,9787.2294921875,MARUTI.NS,Maruti Suzuki
2024-01-16,9881.0068359375,MARUTI.NS,Maruti Suzuki
2024-01-17,9753.07421875,MARUTI.NS,Maruti Suzuki
2024-01-18,9629.65234375,MARUTI.NS,Maruti Suzuki
2024-01-19,9739.4912109375,MARUTI.NS,Maruti Suzuki
2024-01-23,9567.5068359375,MARUTI.NS,Maruti Suzuki
2024-01-24,9691.4609375,MARUTI.NS,Maruti Suzuki
2024-01-25,9587.4453125,MARUTI.NS,Maruti Suzuki
2024-01-29,9694.56640625,MARUTI.NS,Maruti Suzuki
2024-01-30,9655.9970703125,MARUTI.NS,Maruti Suzuki
2024-01-31,9884.2578125,MARUTI.NS,Maruti Suzuki
2024-02-01,10321.908203125,MARUTI.NS,Maruti Suzuki
2024-02-02,10338.888671875,MARUTI.NS,Maruti Suzuki
2024-02-05,10118.728515625,MARUTI.NS,Maruti Suzuki
2024-02-06,10522.6611328125,MARUTI.NS,Maruti Suzuki
2024-02-07,10610.8125,MARUTI.NS,Maruti Suzuki
2024-02-08,10424.7099609375,MARUTI.NS,Maruti Suzuki
2024-02-09,10413.9873046875,MARUTI.NS,Maruti Suzuki
2024-02-12,10391.5263671875,MARUTI.NS,Maruti Suzuki
2024-02-13,10473.8056640625,MARUTI.NS,Maruti Suzuki
2024-02-14,10700.3212890625,MARUTI.NS,Maruti Suzuki
2024-02-15,10760.7705078125,MARUTI.NS,Maruti Suzuki
2024-02-16,11042.30078125,MARUTI.NS,Maruti Suzuki
2024-02-19,11142.19140625,MARUTI.NS,Maruti Suzuki
2024-02-20,11106.3876953125,MARUTI.NS,Maruti Suzuki
2024-02-21,11125.2119140625,MARUTI.NS,Maruti Suzuki
2024-02-22,11311.4580078125,MARUTI.NS,Maruti Suzuki
2024-02-23,11192.8896484375,MARUTI.NS,Maruti Suzuki
2024-02-26,11126.3271484375,MARUTI.NS,Maruti Suzuki
2024-02-27,11158.9775390625,MARUTI.NS,Maruti Suzuki
2024-02-28,10821.4619140625,MARUTI.NS,Maruti Suzuki
2024-02-29,10952.984375,MARUTI.NS,Maruti Suzuki
2024-03-01,11275.705078125,MARUTI.NS,Maruti Suzuki
2024-03-04,11249.7001953125,MARUTI.NS,Maruti Suzuki
2024-03-05,11323.87890625,MARUTI.NS,Maruti Suzuki
2024-03-06,11223.404296875,MARUTI.NS,Maruti Suzuki
2024-03-07,11168.0986328125,MARUTI.NS,Maruti Suzuki
2024-03-11,11057.0009765625,MARUTI.NS,Maruti Suzuki
2024-03-12,11167.953125,MARUTI.NS,Maruti Suzuki
2024-03-13,11051.7607421875,MARUTI.NS,Maruti Suzuki
2024-03-14,11065.7802734375,MARUTI.NS,Maruti Suzuki
2024-03-15,11135.6904296875,MARUTI.NS,Maruti Suzuki
2024-03-18,11290.59765625,MARUTI.NS,Maruti Suzuki
2024-03-19,11252.513671875,MARUTI.NS,Maruti Suzuki
2024-03-20,11586.390625,MARUTI.NS,Maruti Suzuki
2024-03-21,11554.37109375,MARUTI.NS,Maruti Suzuki
2024-03-22,11971.16015625,MARUTI.NS,Maruti Suzuki
2024-03-26,11886.5986328125,MARUTI.NS,Maruti Suzuki
2024-03-27,12138.6796875,MARUTI.NS,Maruti Suzuki
2024-03-28,12226.005859375,MARUTI.NS,Maruti Suzuki
2024-04-01,12196.169921875,MARUTI.NS,Maruti Suzuki
2024-04-02,12179.529296875,MARUTI.NS,Maruti Suzuki
2024-04-03,12058.630859375,MARUTI.NS,Maruti Suzuki
2024-04-04,12193.8896484375,MARUTI.NS,Maruti Suzuki
2024-04-05,12052.56640625,MARUTI.NS,Maruti Suzuki
2024-04-08,12482.890625,MARUTI.NS,Maruti Suzuki
2024-04-09,12505.111328125,MARUTI.NS,Maruti Suzuki
2024-04-10,12305.9580078125,MARUTI.NS,Maruti Suzuki
2024-04-12,11902.123046875,MARUTI.NS,Maruti Suzuki
2024-04-15,12053.779296875,MARUTI.NS,Maruti Suzuki
2024-04-16,12131.2578125,MARUTI.NS,Maruti Suzuki
2024-04-18,12036.4599609375,MARUTI.NS,Maruti Suzuki
2024-04-19,12333.3203125,MARUTI.NS,Maruti Suzuki
2024-04-22,12405.6552734375,MARUTI.NS,Maruti Suzuki
2024-04-23,12610.14453125,MARUTI.NS,Maruti Suzuki
2024-04-24,12559.4951171875,MARUTI.NS,Maruti Suzuki
2024-04-25,12538.5859375,MARUTI.NS,Maruti Suzuki
2024-04-26,12325.947265625,MARUTI.NS,Maruti Suzuki
2024-04-29,12312.84765625,MARUTI.NS,Maruti Suzuki
2024-04-30,12436.705078125,MARUTI.NS,Maruti Suzuki
2024-05-02,12424.916015625,MARUTI.NS,Maruti Suzuki
2024-05-03,12121.021484375,MARUTI.NS,Maruti Suzuki
2024-05-06,12069.740234375,MARUTI.NS,Maruti Suzuki
2024-05-07,11996.7255859375,MARUTI.NS,Maruti Suzuki
2024-05-08,12170.8935546875,MARUTI.NS,Maruti Suzuki
2024-05-09,12133.1494140625,MARUTI.NS,Maruti Suzuki
2024-05-10,12298.923828125,MARUTI.NS,Maruti Suzuki
2024-05-13,12297.322265625,MARUTI.NS,Maruti Suzuki
2024-05-14,12433.50390625,MARUTI.NS,Maruti Suzuki
2024-05-15,12387.9970703125,MARUTI.NS,Maruti Suzuki
2024-05-16,12126.3583984375,MARUTI.NS,Maruti Suzuki
2024-05-17,12265.93359375,MARUTI.NS,Maruti Suzuki
2024-05-21,12102.7314453125,MARUTI.NS,Maruti Suzuki
2024-05-22,12159.0556640625,MARUTI.NS,Maruti Suzuki
2024-05-23,12550.6181640625,MARUTI.NS,Maruti Suzuki
2024-05-24,12614.220703125,MARUTI.NS,Maruti Suzuki
2024-05-27,12522.671875,MARUTI.NS,Maruti Suzuki
2024-05-28,12437.771484375,MARUTI.NS,Maruti Suzuki
2024-05-29,12408.7119140625,MARUTI.NS,Maruti Suzuki
2024-05-30,12223.7265625,MARUTI.NS,Maruti Suzuki
2024-05-31,12030.9296875,MARUTI.NS,Maruti Suzuki
2024-06-03,12105.4970703125,MARUTI.NS,Maruti Suzuki
2024-06-04,11814.3125,MARUTI.NS,Maruti Suzuki
2024-06-05,12131.1611328125,MARUTI.NS,Maruti Suzuki
2024-06-06,12296.984375,MARUTI.NS,Maruti Suzuki
2024-06-07,12430.3017578125,MARUTI.NS,Maruti Suzuki
2024-06-10,12339.724609375,MARUTI.NS,Maruti Suzuki
2024-06-11,12481.4853515625,MARUTI.NS,Maruti Suzuki
2024-06-12,12467.609375,MARUTI.NS,Maruti Suzuki
2024-06-13,12465.18359375,MARUTI.NS,Maruti Suzuki
2024-06-14,12463.58203125,MARUTI.NS,Maruti Suzuki
2024-06-18,12187.77734375,MARUTI.NS,Maruti Suzuki
2024-06-19,11878.3994140625,MARUTI.NS,Maruti Suzuki
2024-06-20,11788.5517578125,MARUTI.NS,Maruti Suzuki
2024-06-21,11839.005859375,MARUTI.NS,Maruti Suzuki
2024-06-24,11821.4443359375,MARUTI.NS,Maruti Suzuki
2024-06-25,11756.62890625,MARUTI.NS,Maruti Suzuki
2024-06-26,11835.8525390625,MARUTI.NS,Maruti Suzuki
2024-06-27,11816.931640625,MARUTI.NS,Maruti Suzuki
2024-06-28,11676.3359375,MARUTI.NS,Maruti Suzuki
2024-07-01,11748.9150390625,MARUTI.NS,Maruti Suzuki
2024-07-02,11684.826171875,MARUTI.NS,Maruti Suzuki
2024-07-03,11763.4697265625,MARUTI.NS,Maruti Suzuki
2024-07-04,11730.4306640625,MARUTI.NS,Maruti Suzuki
2024-07-05,11744.451171875,MARUTI.NS,Maruti Suzuki
2024-07-08,11666.3916015625,MARUTI.NS,Maruti Suzuki
2024-07-09,12446.6025390625,MARUTI.NS,Maruti Suzuki
2024-07-10,12393.333984375,MARUTI.NS,Maruti Suzuki
2024-07-11,12337.4443359375,MARUTI.NS,Maruti Suzuki
2024-07-12,12189.28125,MARUTI.NS,Maruti Suzuki
2024-07-15,12268.3115234375,MARUTI.NS,Maruti Suzuki
2024-07-16,12264.0419921875,MARUTI.NS,Maruti Suzuki
2024-07-18,12268.408203125,MARUTI.NS,Maruti Suzuki
2024-07-19,12152.2158203125,MARUTI.NS,Maruti Suzuki
2024-07-22,12265.69140625,MARUTI.NS,Maruti Suzuki
2024-07-23,12253.853515625,MARUTI.NS,Maruti Suzuki
2024-07-24,12116.267578125,MARUTI.NS,Maruti Suzuki
2024-07-25,12137.5654296875,MARUTI.NS,Maruti Suzuki
2024-07-26,12287.474609375,MARUTI.NS,Maruti Suzuki
2024-07-29,12372.7138671875,MARUTI.NS,Maruti Suzuki
2024-07-30,12491.1875,MARUTI.NS,Maruti Suzuki
2024-07-31,12726.142578125,MARUTI.NS,Maruti Suzuki
2024-08-01,12962.166015625,MARUTI.NS,Maruti Suzuki
2024-08-02,12464.9462890625,MARUTI.NS,Maruti Suzuki
2024-08-05,11950.1923828125,MARUTI.NS,Maruti Suzuki
2024-08-06,11881.875,MARUTI.NS,Maruti Suzuki
2024-08-07,12117.337890625,MARUTI.NS,Maruti Suzuki
2024-08-08,11967.8232421875,MARUTI.NS,Maruti Suzuki
2024-08-09,11973.0634765625,MARUTI.NS,Maruti Suzuki
2024-08-12,12021.10546875,MARUTI.NS,Maruti Suzuki
2024-08-13,11926.0986328125,MARUTI.NS,Maruti Suzuki
2024-08-14,11954.89453125,MARUTI.NS,Maruti Suzuki
2024-08-16,11962.38671875,MARUTI.NS,Maruti Suzuki
2024-08-19,11900.19140625,MARUTI.NS,Maruti Suzuki
2024-08-20,11964.00390625,MARUTI.NS,Maruti Suzuki
2024-08-21,11969.8798828125,MARUTI.NS,Maruti Suzuki
2024-08-22,12024.1416015625,MARUTI.NS,Maruti Suzuki
2024-08-23,12049.55859375,MARUTI.NS,Maruti Suzuki
2024-08-26,11992.2607421875,MARUTI.NS,Maruti Suzuki
2024-08-27,12240.1611328125,MARUTI.NS,Maruti Suzuki
2024-08-28,12103.625,MARUTI.NS,Maruti Suzuki
2024-08-29,12197.9462890625,MARUTI.NS,Maruti Suzuki
2024-08-30,12148.1904296875,MARUTI.NS,Maruti Suzuki
2024-09-02,12172.0888671875,MARUTI.NS,Maruti Suzuki
2024-09-03,12142.4111328125,MARUTI.NS,Maruti Suzuki
2024-09-04,12082.810546875,MARUTI.NS,Maruti Suzuki
2024-09-05,12045.9345703125,MARUTI.NS,Maruti Suzuki
2024-09-06,11935.7958984375,MARUTI.NS,Maruti Suzuki
2024-09-09,11896.224609375,MARUTI.NS,Maruti Suzuki
2024-09-10,12011.4580078125,MARUTI.NS,Maruti Suzuki
2024-09-11,11991.0849609375,MARUTI.NS,Maruti Suzuki
2024-09-12,12146.083984375,MARUTI.NS,Maruti Suzuki
2024-09-13,12063.0263671875,MARUTI.NS,Maruti Suzuki
2024-09-16,12036.5322265625,MARUTI.NS,Maruti Suzuki
2024-09-17,11994.1708984375,MARUTI.NS,Maruti Suzuki
2024-09-18,11953.3759765625,MARUTI.NS,Maruti Suzuki
2024-09-19,12097.748046875,MARUTI.NS,Maruti Suzuki
2024-09-20,12355.3447265625,MARUTI.NS,Maruti Suzuki
2024-09-23,12422.53515625,MARUTI.NS,Maruti Suzuki
2024-09-24,12476.8955078125,MARUTI.NS,Maruti Suzuki
2024-09-25,12522.6357421875,MARUTI.NS,Maruti Suzuki
2024-09-26,13108.8408203125,MARUTI.NS,Maruti Suzuki
2024-09-27,13218.3427734375,MARUTI.NS,Maruti Suzuki
2024-09-30,12966.03515625,MARUTI.NS,Maruti Suzuki
2024-10-01,12895.5146484375,MARUTI.NS,Maruti Suzuki
2024-10-03,12387.51953125,MARUTI.NS,Maruti Suzuki
2024-10-04,12346.7744140625,MARUTI.NS,Maruti Suzuki
2024-10-07,12270.1318359375,MARUTI.NS,Maruti Suzuki
2024-10-08,12274.4912109375,MARUTI.NS,Maruti Suzuki
2024-10-09,12498.5419921875,MARUTI.NS,Maruti Suzuki
2024-10-10,12678.1728515625,MARUTI.NS,Maruti Suzuki
2024-10-11,12514.1640625,MARUTI.NS,Maruti Suzuki
2024-10-14,12280.26953125,MARUTI.NS,Maruti Suzuki
2024-10-15,12191.041015625,MARUTI.NS,Maruti Suzuki
2024-10-16,12129.482421875,MARUTI.NS,Maruti Suzuki
2024-10-17,11894.265625,MARUTI.NS,Maruti Suzuki
2024-10-18,11856.41015625,MARUTI.NS,Maruti Suzuki
2024-10-21,11925.755859375,MARUTI.NS,Maruti Suzuki
2024-10-22,11678.3447265625,MARUTI.NS,Maruti Suzuki
2024-10-23,11710.5693359375,MARUTI.NS,Maruti Suzuki
2024-10-24,11522.0244140625,MARUTI.NS,Maruti Suzuki
2024-10-25,11266.5322265625,MARUTI.NS,Maruti Suzuki
2024-10-28,11247.3359375,MARUTI.NS,Maruti Suzuki
2024-10-29,10819.0693359375,MARUTI.NS,Maruti Suzuki
2024-10-30,11025.1953125,MARUTI.NS,Maruti Suzuki
2024-10-31,10848.8935546875,MARUTI.NS,Maruti Suzuki
2024-11-01,10881.75390625,MARUTI.NS,Maruti Suzuki
2024-11-04,10825.38671875,MARUTI.NS,Maruti Suzuki
2024-11-05,10940.6181640625,MARUTI.NS,Maruti Suzuki
2024-11-06,11120.9853515625,MARUTI.NS,Maruti Suzuki
2024-11-07,11067.998046875,MARUTI.NS,Maruti Suzuki
2024-11-08,11070.7890625,MARUTI.NS,Maruti Suzuki
2024-11-11,11165.501953125,MARUTI.NS,Maruti Suzuki
2024-11-12,10914.173828125,MARUTI.NS,Maruti Suzuki
2024-11-13,10822.5947265625,MARUTI.NS,Maruti Suzuki
2024-11-14,10779.9384765625,MARUTI.NS,Maruti Suzuki
2024-11-18,10866.033203125,MARUTI.NS,Maruti Suzuki
2024-11-19,10734.1494140625,MARUTI.NS,Maruti Suzuki
2024-11-21,10638.310546875,MARUTI.NS,Maruti Suzuki
2024-11-22,10836.306640625,MARUTI.NS,Maruti Suzuki
2024-11-25,10798.6474609375,MARUTI.NS,Maruti Suzuki
2024-11-26,10719.115234375,MARUTI.NS,Maruti Suzuki
2024-11-27,10831.1650390625,MARUTI.NS,Maruti Suzuki
2024-11-28,10724.8935546875,MARUTI.NS,Maruti Suzuki
2024-11-29,10846.689453125,MARUTI.NS,Maruti Suzuki
2024-12-02,11008.396484375,MARUTI.NS,Maruti Suzuki
2024-12-03,11047.52734375,MARUTI.NS,Maruti Suzuki
2024-12-04,10901.1953125,MARUTI.NS,Maruti Suzuki
2024-12-05,10952.51953125,MARUTI.NS,Maruti Suzuki
2024-12-06,11085.431640625,MARUTI.NS,Maruti Suzuki
2024-12-09,11048.0654296875,MARUTI.NS,Maruti Suzuki
2024-12-10,10968.1416015625,MARUTI.NS,Maruti Suzuki
2024-12-11,11046.0576171875,MARUTI.NS,Maruti Suzuki
2024-12-12,10937.974609375,MARUTI.NS,Maruti Suzuki
2024-12-13,11040.9638671875,MARUTI.NS,Maruti Suzuki
2024-12-16,11045.3232421875,MARUTI.NS,Maruti Suzuki
2024-12-17,10880.333984375,MARUTI.NS,Maruti Suzuki
2024-12-18,10776.4130859375,MARUTI.NS,Maruti Suzuki
2024-12-19,10730.28125,MARUTI.NS,Maruti Suzuki
2024-12-20,10677.095703125,MARUTI.NS,Maruti Suzuki
2024-12-23,10599.669921875,MARUTI.NS,Maruti Suzuki
2024-12-24,10516.0244140625,MARUTI.NS,Maruti Suzuki
2024-12-26,10672.150390625,MARUTI.NS,Maruti Suzuki
2024-12-27,10716.2744140625,MARUTI.NS,Maruti Suzuki
2024-12-30,10577.09375,MARUTI.NS,Maruti Suzuki
2024-12-31,10635.3232421875,MARUTI.NS,Maruti Suzuki
2025-01-01,10978.0341796875,MARUTI.NS,Maruti Suzuki
2025-01-02,11598.029296875,MARUTI.NS,Maruti Suzuki
2025-01-03,11689.0703125,MARUTI.NS,Maruti Suzuki
2025-01-06,11514.1396484375,MARUTI.NS,Maruti Suzuki
2025-01-07,11480.4951171875,MARUTI.NS,Maruti Suzuki
2025-01-08,11579.1259765625,MARUTI.NS,Maruti Suzuki
2025-01-09,11499.349609375,MARUTI.NS,Maruti Suzuki
2025-01-10,11392.1474609375,MARUTI.NS,Maruti Suzuki
2025-01-13,11261.48828125,MARUTI.NS,Maruti Suzuki
2025-01-14,11499.9375,MARUTI.NS,Maruti Suzuki
2025-01-15,11701.951171875,MARUTI.NS,Maruti Suzuki
2025-01-16,11843.873046875,MARUTI.NS,Maruti Suzuki
2025-01-17,11887.017578125,MARUTI.NS,Maruti Suzuki
2025-01-20,11773.107421875,MARUTI.NS,Maruti Suzuki
2025-01-21,11639.55859375,MARUTI.NS,Maruti Suzuki
2025-01-22,11773.4013671875,MARUTI.NS,Maruti Suzuki
2025-01-23,11798.279296875,MARUTI.NS,Maruti Suzuki
2025-01-24,11722.029296875,MARUTI.NS,Maruti Suzuki
2025-01-27,11747.4453125,MARUTI.NS,Maruti Suzuki
2025-01-28,11874.6767578125,MARUTI.NS,Maruti Suzuki
2025-01-29,11731.8232421875,MARUTI.NS,Maruti Suzuki
2025-01-30,11753.4697265625,MARUTI.NS,Maruti Suzuki
2025-01-31,12057.7373046875,MARUTI.NS,Maruti Suzuki
2025-02-01,12651.140625,MARUTI.NS,Maruti Suzuki
2025-02-03,12870.0,MARUTI.NS,Maruti Suzuki
2025-02-04,12840.6171875,MARUTI.NS,Maruti Suzuki
2025-02-05,12817.9423828125,MARUTI.NS,Maruti Suzuki
2025-02-06,12805.4052734375,MARUTI.NS,Maruti Suzuki
2025-02-07,12781.408203125,MARUTI.NS,Maruti Suzuki
2025-02-10,12635.7138671875,MARUTI.NS,Maruti Suzuki
2025-02-11,12462.9375,MARUTI.NS,Maruti Suzuki
2025-02-12,12395.55078125,MARUTI.NS,Maruti Suzuki
2025-02-13,12410.9775390625,MARUTI.NS,Maruti Suzuki
2025-02-14,12419.744140625,MARUTI.NS,Maruti Suzuki
2025-02-17,12500.6962890625,MARUTI.NS,Maruti Suzuki
2025-02-18,12523.517578125,MARUTI.NS,Maruti Suzuki
2025-02-19,12425.5234375,MARUTI.NS,Maruti Suzuki
2025-02-20,12185.06640625,MARUTI.NS,Maruti Suzuki
2025-02-21,12070.2744140625,MARUTI.NS,Maruti Suzuki
2025-02-24,12091.5771484375,MARUTI.NS,Maruti Suzuki
2025-02-25,12220.033203125,MARUTI.NS,Maruti Suzuki
2025-02-27,12126.25,MARUTI.NS,Maruti Suzuki
2025-02-28,11700.4306640625,MARUTI.NS,Maruti Suzuki
2025-03-03,11533.6787109375,MARUTI.NS,Maruti Suzuki
2025-03-04,11377.6025390625,MARUTI.NS,Maruti Suzuki
2025-03-05,11378.6796875,MARUTI.NS,Maruti Suzuki
2025-03-06,11426.7236328125,MARUTI.NS,Maruti Suzuki
2025-03-07,11424.51953125,MARUTI.NS,Maruti Suzuki
2025-03-10,11348.0234375,MARUTI.NS,Maruti Suzuki
2025-03-11,11407.6728515625,MARUTI.NS,Maruti Suzuki
2025-03-12,11400.962890625,MARUTI.NS,Maruti Suzuki
2025-03-13,11277.2578125,MARUTI.NS,Maruti Suzuki
2025-03-17,11316.337890625,MARUTI.NS,Maruti Suzuki
2025-03-18,11316.337890625,MARUTI.NS,Maruti Suzuki
2025-03-19,11376.91796875,MARUTI.NS,Maruti Suzuki
2025-03-20,11489.2119140625,MARUTI.NS,Maruti Suzuki
2025-03-21,11491.7587890625,MARUTI.NS,Maruti Suzuki
2025-03-24,11677.3173828125,MARUTI.NS,Maruti Suzuki
2025-03-25,11625.0634765625,MARUTI.NS,Maruti Suzuki
2025-03-26,11493.2275390625,MARUTI.NS,Maruti Suzuki
2025-03-27,11481.1318359375,MARUTI.NS,Maruti Suzuki
2025-03-28,11285.4365234375,MARUTI.NS,Maruti Suzuki
2025-04-01,11245.228515625,MARUTI.NS,Maruti Suzuki
2025-04-02,11475.4013671875,MARUTI.NS,Maruti Suzuki
2025-04-03,11447.9765625,MARUTI.NS,Maruti Suzuki
2025-04-04,11246.111328125,MARUTI.NS,Maruti Suzuki
2025-04-07,11096.98828125,MARUTI.NS,Maruti Suzuki
2025-04-08,11223.4853515625,MARUTI.NS,Maruti Suzuki
2025-04-09,11222.017578125,MARUTI.NS,Maruti Suzuki
2025-04-11,11360.7568359375,MARUTI.NS,Maruti Suzuki
2025-04-15,11611.4482421875,MARUTI.NS,Maruti Suzuki
2025-04-16,11424.3720703125,MARUTI.NS,Maruti Suzuki
2025-04-17,11454.7353515625,MARUTI.NS,Maruti Suzuki
2025-04-21,11503.7080078125,MARUTI.NS,Maruti Suzuki
2025-04-22,11492.93359375,MARUTI.NS,Maruti Suzuki
2025-04-23,11662.3798828125,MARUTI.NS,Maruti Suzuki
2025-04-24,11649.646484375,MARUTI.NS,Maruti Suzuki
2025-04-25,11457.673828125,MARUTI.NS,Maruti Suzuki
2025-04-28,11602.6328125,MARUTI.NS,Maruti Suzuki
2025-04-29,11597.736328125,MARUTI.NS,Maruti Suzuki
2025-04-30,12005.189453125,MARUTI.NS,Maruti Suzuki
2025-05-02,12150.1484375,MARUTI.NS,Maruti Suzuki
2025-05-05,12202.060546875,MARUTI.NS,Maruti Suzuki
2025-05-06,12322.533203125,MARUTI.NS,Maruti Suzuki
2025-05-07,12373.46484375,MARUTI.NS,Maruti Suzuki
2025-05-08,12137.416015625,MARUTI.NS,Maruti Suzuki
2025-05-09,11998.333984375,MARUTI.NS,Maruti Suzuki
2025-05-12,12356.814453125,MARUTI.NS,Maruti Suzuki
2025-05-13,12225.56640625,MARUTI.NS,Maruti Suzuki
2025-05-14,12409.7041015625,MARUTI.NS,Maruti Suzuki
2025-05-15,12685.9111328125,MARUTI.NS,Maruti Suzuki
2025-05-16,12728.02734375,MARUTI.NS,Maruti Suzuki
2025-05-19,12722.150390625,MARUTI.NS,Maruti Suzuki
2025-05-20,12378.3623046875,MARUTI.NS,Maruti Suzuki
2025-05-21,12355.833984375,MARUTI.NS,Maruti Suzuki
2025-05-22,12189.3271484375,MARUTI.NS,Maruti Suzuki
2025-05-23,12197.1630859375,MARUTI.NS,Maruti Suzuki
2025-05-26,12165.8203125,MARUTI.NS,Maruti Suzuki
2025-05-27,12158.9638671875,MARUTI.NS,Maruti Suzuki
2025-05-28,12077.6689453125,MARUTI.NS,Maruti Suzuki
2025-05-29,12137.416015625,MARUTI.NS,Maruti Suzuki
2025-05-30,12065.916015625,MARUTI.NS,Maruti Suzuki
2025-06-02,12037.5107421875,MARUTI.NS,Maruti Suzuki
2025-06-03,11878.83984375,MARUTI.NS,Maruti Suzuki
2025-06-04,11913.1201171875,MARUTI.NS,Maruti Suzuki
2025-06-05,11876.880859375,MARUTI.NS,Maruti Suzuki
2025-06-06,12205.9775390625,MARUTI.NS,Maruti Suzuki
2025-06-09,12377.3828125,MARUTI.NS,Maruti Suzuki
2025-06-10,12262.787109375,MARUTI.NS,Maruti Suzuki
2025-06-11,12196.18359375,MARUTI.NS,Maruti Suzuki
2025-06-12,12135.45703125,MARUTI.NS,Maruti Suzuki
2025-06-13,12153.087890625,MARUTI.NS,Maruti Suzuki
2025-06-16,12272.5810546875,MARUTI.NS,Maruti Suzuki
2025-06-17,12336.24609375,MARUTI.NS,Maruti Suzuki
2025-06-18,12486.1025390625,MARUTI.NS,Maruti Suzuki
2025-06-19,12542.9111328125,MARUTI.NS,Maruti Suzuki
2025-06-20,12528.21875,MARUTI.NS,Maruti Suzuki
2025-06-23,12438.109375,MARUTI.NS,Maruti Suzuki
2025-06-24,12351.9169921875,MARUTI.NS,Maruti Suzuki
2025-06-25,12504.7119140625,MARUTI.NS,Maruti Suzuki
2025-06-26,12453.7802734375,MARUTI.NS,Maruti Suzuki
2025-06-27,12382.279296875,MARUTI.NS,Maruti Suzuki
2025-06-30,12145.2509765625,MARUTI.NS,Maruti Suzuki
2025-07-01,12186.388671875,MARUTI.NS,Maruti Suzuki
2025-07-02,12362.6904296875,MARUTI.NS,Maruti Suzuki
2025-07-03,12490.01953125,MARUTI.NS,Maruti Suzuki
2025-07-04,12386.1982421875,MARUTI.NS,Maruti Suzuki
2025-07-07,12262.787109375,MARUTI.NS,Maruti Suzuki
2025-07-08,12158.9638671875,MARUTI.NS,Maruti Suzuki
2025-07-09,12213.8134765625,MARUTI.NS,Maruti Suzuki
2025-07-10,12390.115234375,MARUTI.NS,Maruti Suzuki
2025-07-11,12315.6767578125,MARUTI.NS,Maruti Suzuki
2025-07-14,12256.91015625,MARUTI.NS,Maruti Suzuki
2025-07-15,12278.4580078125,MARUTI.NS,Maruti Suzuki
2025-07-16,12305.8828125,MARUTI.NS,Maruti Suzuki
2025-07-17,12219.6904296875,MARUTI.NS,Maruti Suzuki
2025-07-18,12163.861328125,MARUTI.NS,Maruti Suzuki
2025-07-21,12150.1484375,MARUTI.NS,Maruti Suzuki
2025-07-22,12235.3623046875,MARUTI.NS,Maruti Suzuki
2025-07-23,12367.587890625,MARUTI.NS,Maruti Suzuki
2025-07-24,12299.0263671875,MARUTI.NS,Maruti Suzuki
2025-07-25,12149.169921875,MARUTI.NS,Maruti Suzuki
2025-07-28,12086.484375,MARUTI.NS,Maruti Suzuki
2025-07-29,12212.833984375,MARUTI.NS,Maruti Suzuki
2025-07-30,12358.7734375,MARUTI.NS,Maruti Suzuki
2025-07-31,12348.978515625,MARUTI.NS,Maruti Suzuki
2025-08-01,12179.6787109375,MARUTI.NS,Maruti Suzuki
2025-08-04,12242.052734375,MARUTI.NS,Maruti Suzuki
2025-08-05,12412.341796875,MARUTI.NS,Maruti Suzuki
2025-08-06,12399.4716796875,MARUTI.NS,Maruti Suzuki
2025-08-07,12506.3974609375,MARUTI.NS,Maruti Suzuki
2025-08-08,12464.8154296875,MARUTI.NS,Maruti Suzuki
2025-08-11,12471.74609375,MARUTI.NS,Maruti Suzuki
2025-08-12,12712.3291015625,MARUTI.NS,Maruti Suzuki
2025-08-13,12706.388671875,MARUTI.NS,Maruti Suzuki
2025-08-14,12807.375,MARUTI.NS,Maruti Suzuki
2025-08-18,13928.119140625,MARUTI.NS,Maruti Suzuki
2025-08-19,14108.3095703125,MARUTI.NS,Maruti Suzuki
2025-08-20,14079.59765625,MARUTI.NS,Maruti Suzuki
2025-08-21,14138.01171875,MARUTI.NS,Maruti Suzuki
2025-08-22,14206.3251953125,MARUTI.NS,Maruti Suzuki
2025-08-25,14308.30078125,MARUTI.NS,Maruti Suzuki
2025-08-26,14567.6962890625,MARUTI.NS,Maruti Suzuki
2025-08-28,14605.318359375,MARUTI.NS,Maruti Suzuki
2025-08-29,14643.9306640625,MARUTI.NS,Maruti Suzuki
2025-09-01,14738.9755859375,MARUTI.NS,Maruti Suzuki
2025-09-02,14694.4228515625,MARUTI.NS,Maruti Suzuki
2025-09-03,14778.578125,MARUTI.NS,Maruti Suzuki
2025-09-04,14516.212890625,MARUTI.NS,Maruti Suzuki
2025-09-05,14746.896484375,MARUTI.NS,Maruti Suzuki
2025-09-08,15106.287109375,MARUTI.NS,Maruti Suzuki
2025-09-09,15212.22265625,MARUTI.NS,Maruti Suzuki
2025-09-10,14957.7783203125,MARUTI.NS,Maruti Suzuki
2025-09-11,14944.9072265625,MARUTI.NS,Maruti Suzuki
2025-09-12,15172.62109375,MARUTI.NS,Maruti Suzuki
2025-09-15,15113.216796875,MARUTI.NS,Maruti Suzuki
2025-09-16,15418.154296875,MARUTI.NS,Maruti Suzuki
2025-09-17,15643.8876953125,MARUTI.NS,Maruti Suzuki
2025-09-18,15659.728515625,MARUTI.NS,Maruti Suzuki
2025-09-19,15706.26171875,MARUTI.NS,Maruti Suzuki
2025-09-22,15658.73828125,MARUTI.NS,Maruti Suzuki
2025-09-23,15936.9443359375,MARUTI.NS,Maruti Suzuki
2025-09-24,16087.43359375,MARUTI.NS,Maruti Suzuki
2025-09-25,16107.234375,MARUTI.NS,Maruti Suzuki
2025-09-26,16124.0654296875,MARUTI.NS,Maruti Suzuki
2025-09-29,15825.068359375,MARUTI.NS,Maruti Suzuki
2025-09-30,15869.62109375,MARUTI.NS,Maruti Suzuki
2025-10-01,15806.2568359375,MARUTI.NS,Maruti Suzuki
2025-10-03,15648.837890625,MARUTI.NS,Maruti Suzuki
2025-10-06,15838.9287109375,MARUTI.NS,Maruti Suzuki
2025-10-07,15947.8349609375,MARUTI.NS,Maruti Suzuki
2025-10-08,15852.7900390625,MARUTI.NS,Maruti Suzuki
2025-10-09,15826.05859375,MARUTI.NS,Maruti Suzuki
2025-10-10,16103.2744140625,MARUTI.NS,Maruti Suzuki
2025-10-13,16160.697265625,MARUTI.NS,Maruti Suzuki
2025-10-14,16099.3134765625,MARUTI.NS,Maruti Suzuki
2025-10-15,16050.80078125,MARUTI.NS,Maruti Suzuki
2025-10-16,16135.9462890625,MARUTI.NS,Maruti Suzuki
2025-10-17,16237.921875,MARUTI.NS,Maruti Suzuki
2025-10-20,16260.693359375,MARUTI.NS,Maruti Suzuki
2025-10-21,16232.9716796875,MARUTI.NS,Maruti Suzuki
2025-10-23,16230.0009765625,MARUTI.NS,Maruti Suzuki
2025-10-24,16112.1845703125,MARUTI.NS,Maruti Suzuki
2025-10-27,16225.05078125,MARUTI.NS,Maruti Suzuki
2025-10-28,16148.81640625,MARUTI.NS,Maruti Suzuki
2025-10-29,15977.537109375,MARUTI.NS,Maruti Suzuki
2025-10-30,16044.8603515625,MARUTI.NS,Maruti Suzuki
2025-10-31,16025.0595703125,MARUTI.NS,Maruti Suzuki
2025-11-03,15495.37890625,MARUTI.NS,Maruti Suzuki
2025-11-04,15221.1337890625,MARUTI.NS,Maruti Suzuki
2025-11-06,15298.357421875,MARUTI.NS,Maruti Suzuki
2025-11-07,15325.08984375,MARUTI.NS,Maruti Suzuki
2025-11-10,15428.0556640625,MARUTI.NS,Maruti Suzuki
2025-11-11,15489.4384765625,MARUTI.NS,Maruti Suzuki
2025-11-12,15539.931640625,MARUTI.NS,Maruti Suzuki
2025-11-13,15592.404296875,MARUTI.NS,Maruti Suzuki
2025-11-14,15528.05078125,MARUTI.NS,Maruti Suzuki
2025-11-17,15720.1220703125,MARUTI.NS,Maruti Suzuki
2025-11-18,15771.60546875,MARUTI.NS,Maruti Suzuki
2025-11-19,15611.2158203125,MARUTI.NS,Maruti Suzuki
2025-11-20,15643.8876953125,MARUTI.NS,Maruti Suzuki
2025-11-21,15818.1376953125,MARUTI.NS,Maruti Suzuki
2025-11-24,15799.326171875,MARUTI.NS,Maruti Suzuki
2025-11-25,15731.0126953125,MARUTI.NS,Maruti Suzuki
2025-11-26,15995.357421875,MARUTI.NS,Maruti Suzuki
2025-11-27,15744.873046875,MARUTI.NS,Maruti Suzuki
2025-11-28,15741.9033203125,MARUTI.NS,Maruti Suzuki
2025-12-01,15936.9443359375,MARUTI.NS,Maruti Suzuki
2025-12-02,16077.5322265625,MARUTI.NS,Maruti Suzuki
2025-12-03,15922.09375,MARUTI.NS,Maruti Suzuki
2025-12-04,15834.96875,MARUTI.NS,Maruti Suzuki
2025-12-05,16120.10546875,MARUTI.NS,Maruti Suzuki
2025-12-08,16026.0498046875,MARUTI.NS,Maruti Suzuki
2025-12-09,15860.7099609375,MARUTI.NS,Maruti Suzuki
2025-12-10,15859.7197265625,MARUTI.NS,Maruti Suzuki
2025-12-11,16086.443359375,MARUTI.NS,Maruti Suzuki
2025-12-12,16357.71875,MARUTI.NS,Maruti Suzuki
2025-12-15,16251.7822265625,MARUTI.NS,Maruti Suzuki
2025-12-16,16191.388671875,MARUTI.NS,Maruti Suzuki
2025-12-17,16234.951171875,MARUTI.NS,Maruti Suzuki
2025-12-18,16166.6376953125,MARUTI.NS,Maruti Suzuki
2025-12-19,16250.79296875,MARUTI.NS,Maruti Suzuki
2025-12-22,16483.455078125,MARUTI.NS,Maruti Suzuki
2025-12-23,16420.091796875,MARUTI.NS,Maruti Suzuki
2025-12-24,16536.91796875,MARUTI.NS,Maruti Suzuki
2025-12-26,16430.982421875,MARUTI.NS,Maruti Suzuki
2025-12-29,16377.51953125,MARUTI.NS,Maruti Suzuki
2025-12-30,16481.4765625,MARUTI.NS,Maruti Suzuki
2025-12-31,16530.978515625,MARUTI.NS,Maruti Suzuki
2026-01-01,16541.869140625,MARUTI.NS,Maruti Suzuki
2026-01-02,16791.36328125,MARUTI.NS,Maruti Suzuki
2026-01-05,16984.423828125,MARUTI.NS,Maruti Suzuki
2026-01-06,17120.0625,MARUTI.NS,Maruti Suzuki
2026-01-07,16641.865234375,MARUTI.NS,Maruti Suzuki
2026-01-08,16498.306640625,MARUTI.NS,Maruti Suzuki
2026-01-09,16336.927734375,MARUTI.NS,Maruti Suzuki
2026-01-12,16417.12109375,MARUTI.NS,Maruti Suzuki
2026-01-13,16262.6728515625,MARUTI.NS,Maruti Suzuki
2026-01-14,15991.3974609375,MARUTI.NS,Maruti Suzuki
2026-01-15,15991.3974609375,MARUTI.NS,Maruti Suzuki
2026-01-16,15701.310546875,MARUTI.NS,Maruti Suzuki
2026-01-19,16015.1591796875,MARUTI.NS,Maruti Suzuki
2026-01-20,15721.1123046875,MARUTI.NS,Maruti Suzuki
2026-01-21,15613.1962890625,MARUTI.NS,Maruti Suzuki
2026-01-22,15608.24609375,MARUTI.NS,Maruti Suzuki
2026-01-23,15315.1884765625,MARUTI.NS,Maruti Suzuki
2026-01-27,15093.416015625,MARUTI.NS,Maruti Suzuki
2026-01-28,14729.0751953125,MARUTI.NS,Maruti Suzuki
2026-01-29,14357.8037109375,MARUTI.NS,Maruti Suzuki
2026-01-30,14453.83984375,MARUTI.NS,Maruti Suzuki
2026-02-02,14240.9775390625,MARUTI.NS,Maruti Suzuki
2026-02-03,14635.01953125,MARUTI.NS,Maruti Suzuki
2026-02-04,14921.146484375,MARUTI.NS,Maruti Suzuki
2026-02-05,14909.265625,MARUTI.NS,Maruti Suzuki
2026-02-06,14847.8818359375,MARUTI.NS,Maruti Suzuki
2026-02-09,14829.0712890625,MARUTI.NS,Maruti Suzuki
2026-02-10,14995.400390625,MARUTI.NS,Maruti Suzuki
2026-02-11,15258.755859375,MARUTI.NS,Maruti Suzuki
2026-02-12,15173.6103515625,MARUTI.NS,Maruti Suzuki
2026-02-13,15085.49609375,MARUTI.NS,Maruti Suzuki
2026-02-16,14901.3447265625,MARUTI.NS,Maruti Suzuki
2026-02-17,15028.072265625,MARUTI.NS,Maruti Suzuki
2026-02-18,15013.2216796875,MARUTI.NS,Maruti Suzuki
2026-02-19,14754.81640625,MARUTI.NS,Maruti Suzuki
2026-02-20,14828.0810546875,MARUTI.NS,Maruti Suzuki
2026-02-23,14922.13671875,MARUTI.NS,Maruti Suzuki
2026-02-24,14777.587890625,MARUTI.NS,Maruti Suzuki
2026-02-25,14920.15625,MARUTI.NS,Maruti Suzuki
2026-02-26,15061.734375,MARUTI.NS,Maruti Suzuki
2026-02-27,14709.2744140625,MARUTI.NS,Maruti Suzuki
2026-03-02,14244.9375,MARUTI.NS,Maruti Suzuki
2026-03-04,14017.224609375,MARUTI.NS,Maruti Suzuki
2026-03-05,14271.6689453125,MARUTI.NS,Maruti Suzuki
2026-03-06,14018.21484375,MARUTI.NS,Maruti Suzuki
2026-03-09,13373.6875,MARUTI.NS,Maruti Suzuki
2026-03-10,13729.1181640625,MARUTI.NS,Maruti Suzuki
2026-03-11,13362.796875,MARUTI.NS,Maruti Suzuki
2026-03-12,12881.62890625,MARUTI.NS,Maruti Suzuki
2026-03-13,12465.8056640625,MARUTI.NS,Maruti Suzuki
2026-03-16,12630.154296875,MARUTI.NS,Maruti Suzuki
2026-03-17,12843.0166015625,MARUTI.NS,Maruti Suzuki
2026-03-18,12918.26171875,MARUTI.NS,Maruti Suzuki
2026-03-19,12473.7255859375,MARUTI.NS,Maruti Suzuki
2026-03-20,12475.7060546875,MARUTI.NS,Maruti Suzuki
2026-03-23,12232.15234375,MARUTI.NS,Maruti Suzuki
2026-03-24,12340.068359375,MARUTI.NS,Maruti Suzuki
2026-03-25,12584.6123046875,MARUTI.NS,Maruti Suzuki
2026-03-27,12265.8134765625,MARUTI.NS,Maruti Suzuki
2026-03-30,12183.638671875,MARUTI.NS,Maruti Suzuki
2026-04-01,12384.62109375,MARUTI.NS,Maruti Suzuki
2026-04-02,12505.4072265625,MARUTI.NS,Maruti Suzuki
2026-04-06,12561.8408203125,MARUTI.NS,Maruti Suzuki
2026-04-07,12670.7470703125,MARUTI.NS,Maruti Suzuki
2026-04-08,13466.7529296875,MARUTI.NS,Maruti Suzuki
2026-04-09,13453.8818359375,MARUTI.NS,Maruti Suzuki
2026-04-10,13572.6884765625,MARUTI.NS,Maruti Suzuki
2026-04-13,12945.982421875,MARUTI.NS,Maruti Suzuki
2026-04-15,13156.865234375,MARUTI.NS,Maruti Suzuki
2026-04-16,13202.4072265625,MARUTI.NS,Maruti Suzuki
2026-04-17,13319.234375,MARUTI.NS,Maruti Suzuki
2026-04-20,13316.263671875,MARUTI.NS,Maruti Suzuki
2026-04-21,13327.154296875,MARUTI.NS,Maruti Suzuki
2026-04-22,13204.3876953125,MARUTI.NS,Maruti Suzuki
2026-04-23,13029.1474609375,MARUTI.NS,Maruti Suzuki
2026-04-24,12918.26171875,MARUTI.NS,Maruti Suzuki
2026-04-27,13090.53125,MARUTI.NS,Maruti Suzuki
2026-04-28,12763.8125,MARUTI.NS,Maruti Suzuki
2026-04-29,13125.18359375,MARUTI.NS,Maruti Suzuki
2026-04-30,13181.6162109375,MARUTI.NS,Maruti Suzuki
2026-05-01,13181.6162109375,MARUTI.NS,Maruti Suzuki
2026-05-04,13444.9716796875,MARUTI.NS,Maruti Suzuki
2026-05-05,13292.5029296875,MARUTI.NS,Maruti Suzuki
2026-05-06,13585.5595703125,MARUTI.NS,Maruti Suzuki
2026-05-07,13633.08203125,MARUTI.NS,Maruti Suzuki
2026-05-08,13589.51953125,MARUTI.NS,Maruti Suzuki
2026-05-11,13348.935546875,MARUTI.NS,Maruti Suzuki
2026-05-12,13041.0283203125,MARUTI.NS,Maruti Suzuki
2026-05-13,12972.71484375,MARUTI.NS,Maruti Suzuki
2026-05-14,12944.9931640625,MARUTI.NS,Maruti Suzuki
2026-05-15,13089.541015625,MARUTI.NS,Maruti Suzuki
2026-05-18,12886.5791015625,MARUTI.NS,Maruti Suzuki
2026-05-19,12827.17578125,MARUTI.NS,Maruti Suzuki
2026-05-20,12873.708984375,MARUTI.NS,Maruti Suzuki
2026-05-21,12880.638671875,MARUTI.NS,Maruti Suzuki
2026-05-22,12857.8681640625,MARUTI.NS,Maruti Suzuki
2026-05-25,13039.0478515625,MARUTI.NS,Maruti Suzuki
2026-05-26,13076.669921875,MARUTI.NS,Maruti Suzuki
2026-05-27,13231.119140625,MARUTI.NS,Maruti Suzuki
2026-05-28,13231.119140625,MARUTI.NS,Maruti Suzuki
2026-05-29,12996.4755859375,MARUTI.NS,Maruti Suzuki
2026-06-01,12817.275390625,MARUTI.NS,Maruti Suzuki
2026-06-02,12892.51953125,MARUTI.NS,Maruti Suzuki
2026-06-03,12914.30078125,MARUTI.NS,Maruti Suzuki
2026-06-04,12934.1025390625,MARUTI.NS,Maruti Suzuki
2026-06-05,12920.2412109375,MARUTI.NS,Maruti Suzuki
2026-06-08,12783.61328125,MARUTI.NS,Maruti Suzuki
2026-06-09,12989.544921875,MARUTI.NS,Maruti Suzuki
2026-06-10,12943.0126953125,MARUTI.NS,Maruti Suzuki
2026-06-11,12967.763671875,MARUTI.NS,Maruti Suzuki
2026-06-12,13233.099609375,MARUTI.NS,Maruti Suzuki
2026-06-15,13667.734375,MARUTI.NS,Maruti Suzuki
2026-06-16,13554.8681640625,MARUTI.NS,Maruti Suzuki
2026-06-17,13494.474609375,MARUTI.NS,Maruti Suzuki
2026-06-18,13349.92578125,MARUTI.NS,Maruti Suzuki
2026-06-19,13261.810546875,MARUTI.NS,Maruti Suzuki
2026-06-22,13287.552734375,MARUTI.NS,Maruti Suzuki
2026-06-23,13317.25390625,MARUTI.NS,Maruti Suzuki
2026-06-24,13116.2724609375,MARUTI.NS,Maruti Suzuki
2026-06-25,13608.3310546875,MARUTI.NS,Maruti Suzuki
2026-06-26,13608.3310546875,MARUTI.NS,Maruti Suzuki
2026-06-29,13278.6416015625,MARUTI.NS,Maruti Suzuki
2026-06-30,13974.65234375,MARUTI.NS,Maruti Suzuki
2026-07-01,14251.8681640625,MARUTI.NS,Maruti Suzuki
2026-07-02,14205.3349609375,MARUTI.NS,Maruti Suzuki
2026-07-03,14223.15625,MARUTI.NS,Maruti Suzuki
2026-07-06,14312.26171875,MARUTI.NS,Maruti Suzuki
2026-07-07,14393.4462890625,MARUTI.NS,Maruti Suzuki
2026-07-08,13812.2822265625,MARUTI.NS,Maruti Suzuki
2026-07-09,13591.5,MARUTI.NS,Maruti Suzuki
2026-07-10,13716.2470703125,MARUTI.NS,Maruti Suzuki
2026-07-13,13558.828125,MARUTI.NS,Maruti Suzuki
2026-07-14,13354.8759765625,MARUTI.NS,Maruti Suzuki
2026-07-15,13447.94140625,MARUTI.NS,Maruti Suzuki
2026-07-16,13645.953125,MARUTI.NS,Maruti Suzuki
2026-07-17,13665.75390625,MARUTI.NS,Maruti Suzuki
2026-07-20,13379.6279296875,MARUTI.NS,Maruti Suzuki
2026-07-21,13461.802734375,MARUTI.NS,Maruti Suzuki
2026-07-22,13410.3193359375,MARUTI.NS,Maruti Suzuki
2026-07-23,13269.7314453125,MARUTI.NS,Maruti Suzuki
2026-07-24,13308.34375,MARUTI.NS,Maruti Suzuki
2026-07-27,13593.48046875,MARUTI.NS,Maruti Suzuki
2026-07-28,13664.763671875,MARUTI.NS,Maruti Suzuki
2026-07-29,13809.3125,MARUTI.NS,Maruti Suzuki
2026-07-30,14046.92578125,MARUTI.NS,Maruti Suzuki
2026-08-03,14009.3037109375,MARUTI.NS,Maruti Suzuki
2026-08-04,14027.125,MARUTI.NS,Maruti Suzuki
2026-08-05,14048.90625,MARUTI.NS,Maruti Suzuki
2026-08-06,13940.0,MARUTI.NS,Maruti Suzuki
2026-08-07,14037.0,MARUTI.NS,Maruti Suzuki
2026-08-10,14097.0,MARUTI.NS,Maruti Suzuki
2026-08-11,13990.0,MARUTI.NS,Maruti Suzuki
2026-08-12,13875.0,MARUTI.NS,Maruti Suzuki
2026-08-13,13905.0,MARUTI.NS,Maruti Suzuki
2026-08-14,13834.0,MARUTI.NS,Maruti Suzuki
2026-08-17,13760.0,MARUTI.NS,Maruti Suzuki
2026-08-18,,MARUTI.NS,Maruti Suzuki
2021-08-18,922.0590209960938,HCLTECH.NS,HCL Technologies
2021-08-20,908.32080078125,HCLTECH.NS,HCL Technologies
2021-08-23,945.5119018554688,HCLTECH.NS,HCL Technologies
2021-08-24,937.2201538085938,HCLTECH.NS,HCL Technologies
2021-08-25,938.3989868164062,HCLTECH.NS,HCL Technologies
2021-08-26,949.0482177734375,HCLTECH.NS,HCL Technologies
2021-08-27,945.39013671875,HCLTECH.NS,HCL Technologies
2021-08-30,945.7559204101562,HCLTECH.NS,HCL Technologies
2021-08-31,961.1201171875,HCLTECH.NS,HCL Technologies
2021-09-01,946.7721557617188,HCLTECH.NS,HCL Technologies
2021-09-02,953.3570556640625,HCLTECH.NS,HCL Technologies
2021-09-03,954.9827880859375,HCLTECH.NS,HCL Technologies
2021-09-06,975.6307983398438,HCLTECH.NS,HCL Technologies
2021-09-07,961.0388793945312,HCLTECH.NS,HCL Technologies
2021-09-08,966.4044799804688,HCLTECH.NS,HCL Technologies
2021-09-09,974.330322265625,HCLTECH.NS,HCL Technologies
2021-09-13,982.337646484375,HCLTECH.NS,HCL Technologies
2021-09-14,1006.9285278320312,HCLTECH.NS,HCL Technologies
2021-09-15,1035.0555419921875,HCLTECH.NS,HCL Technologies
2021-09-16,1026.804443359375,HCLTECH.NS,HCL Technologies
2021-09-17,1026.967041015625,HCLTECH.NS,HCL Technologies
2021-09-20,1037.4132080078125,HCLTECH.NS,HCL Technologies
2021-09-21,1056.395263671875,HCLTECH.NS,HCL Technologies
2021-09-22,1069.4014892578125,HCLTECH.NS,HCL Technologies
2021-09-23,1079.8074951171875,HCLTECH.NS,HCL Technologies
2021-09-24,1104.113525390625,HCLTECH.NS,HCL Technologies
2021-09-27,1052.8994140625,HCLTECH.NS,HCL Technologies
2021-09-28,1031.600830078125,HCLTECH.NS,HCL Technologies
2021-09-29,1041.5181884765625,HCLTECH.NS,HCL Technologies
2021-09-30,1040.1771240234375,HCLTECH.NS,HCL Technologies
2021-10-01,1035.4620361328125,HCLTECH.NS,HCL Technologies
2021-10-04,1039.445556640625,HCLTECH.NS,HCL Technologies
2021-10-05,1060.9879150390625,HCLTECH.NS,HCL Technologies
2021-10-06,1036.84423828125,HCLTECH.NS,HCL Technologies
2021-10-07,1061.9229736328125,HCLTECH.NS,HCL Technologies
2021-10-08,1074.8077392578125,HCLTECH.NS,HCL Technologies
2021-10-11,1059.158935546875,HCLTECH.NS,HCL Technologies
2021-10-12,1016.4398193359375,HCLTECH.NS,HCL Technologies
2021-10-13,1028.6336669921875,HCLTECH.NS,HCL Technologies
2021-10-14,1017.090087890625,HCLTECH.NS,HCL Technologies
2021-10-18,992.905517578125,HCLTECH.NS,HCL Technologies
2021-10-19,1001.6040649414062,HCLTECH.NS,HCL Technologies
2021-10-20,1002.2540893554688,HCLTECH.NS,HCL Technologies
2021-10-21,992.2555541992188,HCLTECH.NS,HCL Technologies
2021-10-22,978.5682983398438,HCLTECH.NS,HCL Technologies
2021-10-25,955.1288452148438,HCLTECH.NS,HCL Technologies
2021-10-26,956.276123046875,HCLTECH.NS,HCL Technologies
2021-10-27,964.7586669921875,HCLTECH.NS,HCL Technologies
2021-10-28,944.1465454101562,HCLTECH.NS,HCL Technologies
2021-10-29,937.385009765625,HCLTECH.NS,HCL Technologies
2021-11-01,974.634521484375,HCLTECH.NS,HCL Technologies
2021-11-02,959.4314575195312,HCLTECH.NS,HCL Technologies
2021-11-03,964.1032104492188,HCLTECH.NS,HCL Technologies
2021-11-04,969.6351318359375,HCLTECH.NS,HCL Technologies
2021-11-08,969.4303588867188,HCLTECH.NS,HCL Technologies
2021-11-09,961.1937866210938,HCLTECH.NS,HCL Technologies
2021-11-10,958.2022705078125,HCLTECH.NS,HCL Technologies
2021-11-11,951.2767944335938,HCLTECH.NS,HCL Technologies
2021-11-12,960.8248291015625,HCLTECH.NS,HCL Technologies
2021-11-15,959.5953369140625,HCLTECH.NS,HCL Technologies
2021-11-16,953.48974609375,HCLTECH.NS,HCL Technologies
2021-11-17,944.5153198242188,HCLTECH.NS,HCL Technologies
2021-11-18,918.084228515625,HCLTECH.NS,HCL Technologies
2021-11-22,909.8065185546875,HCLTECH.NS,HCL Technologies
2021-11-23,911.85546875,HCLTECH.NS,HCL Technologies
2021-11-24,917.4696044921875,HCLTECH.NS,HCL Technologies
2021-11-25,921.8543090820312,HCLTECH.NS,HCL Technologies
2021-11-26,909.7654418945312,HCLTECH.NS,HCL Technologies
2021-11-29,928.6974487304688,HCLTECH.NS,HCL Technologies
2021-11-30,933.2052001953125,HCLTECH.NS,HCL Technologies
2021-12-01,947.99853515625,HCLTECH.NS,HCL Technologies
2021-12-02,970.946533203125,HCLTECH.NS,HCL Technologies
2021-12-03,960.0462646484375,HCLTECH.NS,HCL Technologies
2021-12-06,931.4840698242188,HCLTECH.NS,HCL Technologies
2021-12-07,942.2206420898438,HCLTECH.NS,HCL Technologies
2021-12-08,960.2100830078125,HCLTECH.NS,HCL Technologies
2021-12-09,957.7105712890625,HCLTECH.NS,HCL Technologies
2021-12-10,952.5062255859375,HCLTECH.NS,HCL Technologies
2021-12-13,949.9653930664062,HCLTECH.NS,HCL Technologies
2021-12-14,952.6289672851562,HCLTECH.NS,HCL Technologies
2021-12-15,941.6058959960938,HCLTECH.NS,HCL Technologies
2021-12-16,950.498046875,HCLTECH.NS,HCL Technologies
2021-12-17,960.0462646484375,HCLTECH.NS,HCL Technologies
2021-12-20,950.6212158203125,HCLTECH.NS,HCL Technologies
2021-12-21,987.5839233398438,HCLTECH.NS,HCL Technologies
2021-12-22,1002.1724243164062,HCLTECH.NS,HCL Technologies
2021-12-23,1005.9830322265625,HCLTECH.NS,HCL Technologies
2021-12-24,1036.9222412109375,HCLTECH.NS,HCL Technologies
2021-12-27,1038.561279296875,HCLTECH.NS,HCL Technologies
2021-12-28,1052.248046875,HCLTECH.NS,HCL Technologies
2021-12-29,1058.8046875,HCLTECH.NS,HCL Technologies
2021-12-30,1079.4171142578125,HCLTECH.NS,HCL Technologies
2021-12-31,1081.096923828125,HCLTECH.NS,HCL Technologies
2022-01-03,1086.8748779296875,HCLTECH.NS,HCL Technologies
2022-01-04,1092.85791015625,HCLTECH.NS,HCL Technologies
2022-01-05,1074.25341796875,HCLTECH.NS,HCL Technologies
2022-01-06,1053.0677490234375,HCLTECH.NS,HCL Technologies
2022-01-07,1057.6982421875,HCLTECH.NS,HCL Technologies
2022-01-10,1055.6903076171875,HCLTECH.NS,HCL Technologies
2022-01-11,1101.217529296875,HCLTECH.NS,HCL Technologies
2022-01-12,1108.183837890625,HCLTECH.NS,HCL Technologies
2022-01-13,1093.513427734375,HCLTECH.NS,HCL Technologies
2022-01-14,1095.9312744140625,HCLTECH.NS,HCL Technologies
2022-01-17,1031.6358642578125,HCLTECH.NS,HCL Technologies
2022-01-18,999.6725463867188,HCLTECH.NS,HCL Technologies
2022-01-19,982.8301391601562,HCLTECH.NS,HCL Technologies
2022-01-20,971.3838500976562,HCLTECH.NS,HCL Technologies
2022-01-21,965.2679443359375,HCLTECH.NS,HCL Technologies
2022-01-24,929.688720703125,HCLTECH.NS,HCL Technologies
2022-01-25,928.6968994140625,HCLTECH.NS,HCL Technologies
2022-01-27,890.7208862304688,HCLTECH.NS,HCL Technologies
2022-01-28,892.9523315429688,HCLTECH.NS,HCL Technologies
2022-01-31,908.6138916015625,HCLTECH.NS,HCL Technologies
2022-02-01,936.2178344726562,HCLTECH.NS,HCL Technologies
2022-02-02,967.7473754882812,HCLTECH.NS,HCL Technologies
2022-02-03,956.0115966796875,HCLTECH.NS,HCL Technologies
2022-02-04,961.8384399414062,HCLTECH.NS,HCL Technologies
2022-02-07,956.5073852539062,HCLTECH.NS,HCL Technologies
2022-02-08,960.3089599609375,HCLTECH.NS,HCL Technologies
2022-02-09,975.970458984375,HCLTECH.NS,HCL Technologies
2022-02-10,983.7808227539062,HCLTECH.NS,HCL Technologies
2022-02-11,961.75537109375,HCLTECH.NS,HCL Technologies
2022-02-14,947.4988403320312,HCLTECH.NS,HCL Technologies
2022-02-15,965.7639770507812,HCLTECH.NS,HCL Technologies
2022-02-16,965.143798828125,HCLTECH.NS,HCL Technologies
2022-02-17,961.2183227539062,HCLTECH.NS,HCL Technologies
2022-02-18,962.8298950195312,HCLTECH.NS,HCL Technologies
2022-02-21,962.6231689453125,HCLTECH.NS,HCL Technologies
2022-02-22,950.0609130859375,HCLTECH.NS,HCL Technologies
2022-02-23,952.912353515625,HCLTECH.NS,HCL Technologies
2022-02-24,907.9114990234375,HCLTECH.NS,HCL Technologies
2022-02-25,933.6558227539062,HCLTECH.NS,HCL Technologies
2022-02-28,931.3828735351562,HCLTECH.NS,HCL Technologies
2022-03-02,921.9613037109375,HCLTECH.NS,HCL Technologies
2022-03-03,941.9203491210938,HCLTECH.NS,HCL Technologies
2022-03-04,940.8870849609375,HCLTECH.NS,HCL Technologies
2022-03-07,953.9039306640625,HCLTECH.NS,HCL Technologies
2022-03-08,971.3424072265625,HCLTECH.NS,HCL Technologies
2022-03-09,977.4581298828125,HCLTECH.NS,HCL Technologies
2022-03-10,985.2681884765625,HCLTECH.NS,HCL Technologies
2022-03-11,986.3427734375,HCLTECH.NS,HCL Technologies
2022-03-14,994.1114501953125,HCLTECH.NS,HCL Technologies
2022-03-15,972.6235961914062,HCLTECH.NS,HCL Technologies
2022-03-16,991.343017578125,HCLTECH.NS,HCL Technologies
2022-03-17,989.1939697265625,HCLTECH.NS,HCL Technologies
2022-03-21,965.3505859375,HCLTECH.NS,HCL Technologies
2022-03-22,972.2517700195312,HCLTECH.NS,HCL Technologies
2022-03-23,975.80517578125,HCLTECH.NS,HCL Technologies
2022-03-24,985.2269287109375,HCLTECH.NS,HCL Technologies
2022-03-25,974.6895141601562,HCLTECH.NS,HCL Technologies
2022-03-28,961.9620361328125,HCLTECH.NS,HCL Technologies
2022-03-29,965.061279296875,HCLTECH.NS,HCL Technologies
2022-03-30,962.9951782226562,HCLTECH.NS,HCL Technologies
2022-03-31,961.7968139648438,HCLTECH.NS,HCL Technologies
2022-04-01,966.6729736328125,HCLTECH.NS,HCL Technologies
2022-04-04,981.0535278320312,HCLTECH.NS,HCL Technologies
2022-04-05,987.9956665039062,HCLTECH.NS,HCL Technologies
2022-04-06,967.3753662109375,HCLTECH.NS,HCL Technologies
2022-04-07,969.6895141601562,HCLTECH.NS,HCL Technologies
2022-04-08,963.1190185546875,HCLTECH.NS,HCL Technologies
2022-04-11,936.7962646484375,HCLTECH.NS,HCL Technologies
2022-04-12,934.8540649414062,HCLTECH.NS,HCL Technologies
2022-04-13,929.8541259765625,HCLTECH.NS,HCL Technologies
2022-04-18,910.5562133789062,HCLTECH.NS,HCL Technologies
2022-04-19,884.5224609375,HCLTECH.NS,HCL Technologies
2022-04-20,900.34912109375,HCLTECH.NS,HCL Technologies
2022-04-21,908.448486328125,HCLTECH.NS,HCL Technologies
2022-04-22,910.8041381835938,HCLTECH.NS,HCL Technologies
2022-04-25,900.7210693359375,HCLTECH.NS,HCL Technologies
2022-04-26,904.3991088867188,HCLTECH.NS,HCL Technologies
2022-04-27,905.473388671875,HCLTECH.NS,HCL Technologies
2022-04-28,917.9932861328125,HCLTECH.NS,HCL Technologies
2022-04-29,906.8596801757812,HCLTECH.NS,HCL Technologies
2022-05-02,896.4825439453125,HCLTECH.NS,HCL Technologies
2022-05-04,878.0383911132812,HCLTECH.NS,HCL Technologies
2022-05-05,900.8099975585938,HCLTECH.NS,HCL Technologies
2022-05-06,882.4498901367188,HCLTECH.NS,HCL Technologies
2022-05-09,904.212890625,HCLTECH.NS,HCL Technologies
2022-05-10,901.22998046875,HCLTECH.NS,HCL Technologies
2022-05-11,891.4407958984375,HCLTECH.NS,HCL Technologies
2022-05-12,890.1805419921875,HCLTECH.NS,HCL Technologies
2022-05-13,884.0885620117188,HCLTECH.NS,HCL Technologies
2022-05-16,877.7025756835938,HCLTECH.NS,HCL Technologies
2022-05-17,909.9266357421875,HCLTECH.NS,HCL Technologies
2022-05-18,902.1962890625,HCLTECH.NS,HCL Technologies
2022-05-19,848.1671142578125,HCLTECH.NS,HCL Technologies
2022-05-20,864.51025390625,HCLTECH.NS,HCL Technologies
2022-05-23,855.6454467773438,HCLTECH.NS,HCL Technologies
2022-05-24,833.3363037109375,HCLTECH.NS,HCL Technologies
2022-05-25,818.7998046875,HCLTECH.NS,HCL Technologies
2022-05-26,824.0513916015625,HCLTECH.NS,HCL Technologies
2022-05-27,843.5455322265625,HCLTECH.NS,HCL Technologies
2022-05-30,873.7952880859375,HCLTECH.NS,HCL Technologies
2022-05-31,874.509521484375,HCLTECH.NS,HCL Technologies
2022-06-01,855.3093872070312,HCLTECH.NS,HCL Technologies
2022-06-02,873.6270141601562,HCLTECH.NS,HCL Technologies
2022-06-03,876.4000244140625,HCLTECH.NS,HCL Technologies
2022-06-06,871.610595703125,HCLTECH.NS,HCL Technologies
2022-06-07,859.5106811523438,HCLTECH.NS,HCL Technologies
2022-06-08,865.6444702148438,HCLTECH.NS,HCL Technologies
2022-06-09,864.3422241210938,HCLTECH.NS,HCL Technologies
2022-06-10,853.1665649414062,HCLTECH.NS,HCL Technologies
2022-06-13,833.37841796875,HCLTECH.NS,HCL Technologies
2022-06-14,837.6637573242188,HCLTECH.NS,HCL Technologies
2022-06-15,831.7816772460938,HCLTECH.NS,HCL Technologies
2022-06-16,810.8169555664062,HCLTECH.NS,HCL Technologies
2022-06-17,805.6073608398438,HCLTECH.NS,HCL Technologies
2022-06-20,806.6997680664062,HCLTECH.NS,HCL Technologies
2022-06-21,829.0089721679688,HCLTECH.NS,HCL Technologies
2022-06-22,807.7501831054688,HCLTECH.NS,HCL Technologies
2022-06-23,816.1107177734375,HCLTECH.NS,HCL Technologies
2022-06-24,812.2875366210938,HCLTECH.NS,HCL Technologies
2022-06-27,833.8404541015625,HCLTECH.NS,HCL Technologies
2022-06-28,841.906982421875,HCLTECH.NS,HCL Technologies
2022-06-29,829.8070678710938,HCLTECH.NS,HCL Technologies
2022-06-30,817.7913818359375,HCLTECH.NS,HCL Technologies
2022-07-01,819.5559692382812,HCLTECH.NS,HCL Technologies
2022-07-04,827.3283081054688,HCLTECH.NS,HCL Technologies
2022-07-05,825.2697143554688,HCLTECH.NS,HCL Technologies
2022-07-06,829.0089721679688,HCLTECH.NS,HCL Technologies
2022-07-07,831.7396240234375,HCLTECH.NS,HCL Technologies
2022-07-08,826.4459838867188,HCLTECH.NS,HCL Technologies
2022-07-11,792.8353271484375,HCLTECH.NS,HCL Technologies
2022-07-12,779.6011352539062,HCLTECH.NS,HCL Technologies
2022-07-13,771.156494140625,HCLTECH.NS,HCL Technologies
2022-07-14,758.7625122070312,HCLTECH.NS,HCL Technologies
2022-07-15,742.0831298828125,HCLTECH.NS,HCL Technologies
2022-07-18,756.4938354492188,HCLTECH.NS,HCL Technologies
2022-07-19,755.9840698242188,HCLTECH.NS,HCL Technologies
2022-07-20,779.5208740234375,HCLTECH.NS,HCL Technologies
2022-07-21,785.5113525390625,HCLTECH.NS,HCL Technologies
2022-07-22,781.9424438476562,HCLTECH.NS,HCL Technologies
2022-07-25,790.7794799804688,HCLTECH.NS,HCL Technologies
2022-07-26,776.2068481445312,HCLTECH.NS,HCL Technologies
2022-07-27,788.909912109375,HCLTECH.NS,HCL Technologies
2022-07-28,803.9072875976562,HCLTECH.NS,HCL Technologies
2022-07-29,805.8616943359375,HCLTECH.NS,HCL Technologies
2022-08-01,809.048095703125,HCLTECH.NS,HCL Technologies
2022-08-02,808.1134033203125,HCLTECH.NS,HCL Technologies
2022-08-03,813.3390502929688,HCLTECH.NS,HCL Technologies
2022-08-04,814.1038208007812,HCLTECH.NS,HCL Technologies
2022-08-05,813.8065185546875,HCLTECH.NS,HCL Technologies
2022-08-08,820.8590698242188,HCLTECH.NS,HCL Technologies
2022-08-10,808.9630737304688,HCLTECH.NS,HCL Technologies
2022-08-11,817.7150268554688,HCLTECH.NS,HCL Technologies
2022-08-12,812.6593627929688,HCLTECH.NS,HCL Technologies
2022-08-16,814.1888427734375,HCLTECH.NS,HCL Technologies
2022-08-17,833.2222290039062,HCLTECH.NS,HCL Technologies
2022-08-18,827.1892700195312,HCLTECH.NS,HCL Technologies
2022-08-19,824.2578125,HCLTECH.NS,HCL Technologies
2022-08-22,815.2508544921875,HCLTECH.NS,HCL Technologies
2022-08-23,804.5870971679688,HCLTECH.NS,HCL Technologies
2022-08-24,806.4988403320312,HCLTECH.NS,HCL Technologies
2022-08-25,801.9530639648438,HCLTECH.NS,HCL Technologies
2022-08-26,803.5250244140625,HCLTECH.NS,HCL Technologies
2022-08-29,779.6056518554688,HCLTECH.NS,HCL Technologies
2022-08-30,797.8319702148438,HCLTECH.NS,HCL Technologies
2022-09-01,786.870849609375,HCLTECH.NS,HCL Technologies
2022-09-02,785.5113525390625,HCLTECH.NS,HCL Technologies
2022-09-05,795.3253173828125,HCLTECH.NS,HCL Technologies
2022-09-06,796.8548583984375,HCLTECH.NS,HCL Technologies
2022-09-07,791.6714477539062,HCLTECH.NS,HCL Technologies
2022-09-08,791.1192016601562,HCLTECH.NS,HCL Technologies
2022-09-09,805.94677734375,HCLTECH.NS,HCL Technologies
2022-09-12,811.9371337890625,HCLTECH.NS,HCL Technologies
2022-09-13,811.8096313476562,HCLTECH.NS,HCL Technologies
2022-09-14,791.926513671875,HCLTECH.NS,HCL Technologies
2022-09-15,781.64501953125,HCLTECH.NS,HCL Technologies
2022-09-16,762.1017456054688,HCLTECH.NS,HCL Technologies
2022-09-19,762.8665161132812,HCLTECH.NS,HCL Technologies
2022-09-20,776.6317138671875,HCLTECH.NS,HCL Technologies
2022-09-21,765.5431518554688,HCLTECH.NS,HCL Technologies
2022-09-22,762.739013671875,HCLTECH.NS,HCL Technologies
2022-09-23,761.2096557617188,HCLTECH.NS,HCL Technologies
2022-09-26,770.428955078125,HCLTECH.NS,HCL Technologies
2022-09-27,780.6679077148438,HCLTECH.NS,HCL Technologies
2022-09-28,782.4097290039062,HCLTECH.NS,HCL Technologies
2022-09-29,784.3215942382812,HCLTECH.NS,HCL Technologies
2022-09-30,792.223876953125,HCLTECH.NS,HCL Technologies
2022-10-03,790.4393920898438,HCLTECH.NS,HCL Technologies
2022-10-04,803.822509765625,HCLTECH.NS,HCL Technologies
2022-10-06,819.5844116210938,HCLTECH.NS,HCL Technologies
2022-10-07,813.7639770507812,HCLTECH.NS,HCL Technologies
2022-10-10,818.479736328125,HCLTECH.NS,HCL Technologies
2022-10-11,797.5345458984375,HCLTECH.NS,HCL Technologies
2022-10-12,808.9205932617188,HCLTECH.NS,HCL Technologies
2022-10-13,834.496826171875,HCLTECH.NS,HCL Technologies
2022-10-14,851.8732299804688,HCLTECH.NS,HCL Technologies
2022-10-17,845.1181030273438,HCLTECH.NS,HCL Technologies
2022-10-18,857.52392578125,HCLTECH.NS,HCL Technologies
2022-10-19,854.4772338867188,HCLTECH.NS,HCL Technologies
2022-10-20,873.1433715820312,HCLTECH.NS,HCL Technologies
2022-10-21,881.5536499023438,HCLTECH.NS,HCL Technologies
2022-10-24,885.3297729492188,HCLTECH.NS,HCL Technologies
2022-10-25,880.9530029296875,HCLTECH.NS,HCL Technologies
2022-10-27,885.716064453125,HCLTECH.NS,HCL Technologies
2022-10-28,883.9567260742188,HCLTECH.NS,HCL Technologies
2022-10-31,893.5256958007812,HCLTECH.NS,HCL Technologies
2022-11-01,909.7460327148438,HCLTECH.NS,HCL Technologies
2022-11-02,897.00146484375,HCLTECH.NS,HCL Technologies
2022-11-03,896.95849609375,HCLTECH.NS,HCL Technologies
2022-11-04,897.1302490234375,HCLTECH.NS,HCL Technologies
2022-11-07,898.675048828125,HCLTECH.NS,HCL Technologies
2022-11-09,904.0816650390625,HCLTECH.NS,HCL Technologies
2022-11-10,903.2234497070312,HCLTECH.NS,HCL Technologies
2022-11-11,936.0072631835938,HCLTECH.NS,HCL Technologies
2022-11-14,943.1731567382812,HCLTECH.NS,HCL Technologies
2022-11-15,947.378662109375,HCLTECH.NS,HCL Technologies
2022-11-16,948.4940185546875,HCLTECH.NS,HCL Technologies
2022-11-17,937.637939453125,HCLTECH.NS,HCL Technologies
2022-11-18,946.7346801757812,HCLTECH.NS,HCL Technologies
2022-11-21,940.1695556640625,HCLTECH.NS,HCL Technologies
2022-11-22,946.9493408203125,HCLTECH.NS,HCL Technologies
2022-11-23,946.9493408203125,HCLTECH.NS,HCL Technologies
2022-11-24,969.4344482421875,HCLTECH.NS,HCL Technologies
2022-11-25,968.2328491210938,HCLTECH.NS,HCL Technologies
2022-11-28,960.1658935546875,HCLTECH.NS,HCL Technologies
2022-11-29,968.8766479492188,HCLTECH.NS,HCL Technologies
2022-11-30,961.8822631835938,HCLTECH.NS,HCL Technologies
2022-12-01,975.270263671875,HCLTECH.NS,HCL Technologies
2022-12-02,974.5408935546875,HCLTECH.NS,HCL Technologies
2022-12-05,970.5072631835938,HCLTECH.NS,HCL Technologies
2022-12-06,962.0106811523438,HCLTECH.NS,HCL Technologies
2022-12-07,949.0950927734375,HCLTECH.NS,HCL Technologies
2022-12-08,945.1900024414062,HCLTECH.NS,HCL Technologies
2022-12-09,881.8112182617188,HCLTECH.NS,HCL Technologies
2022-12-12,882.5836181640625,HCLTECH.NS,HCL Technologies
2022-12-13,896.572265625,HCLTECH.NS,HCL Technologies
2022-12-14,906.4417114257812,HCLTECH.NS,HCL Technologies
2022-12-15,894.5556030273438,HCLTECH.NS,HCL Technologies
2022-12-16,883.6563720703125,HCLTECH.NS,HCL Technologies
2022-12-19,886.7459716796875,HCLTECH.NS,HCL Technologies
2022-12-20,883.6992797851562,HCLTECH.NS,HCL Technologies
2022-12-21,892.839111328125,HCLTECH.NS,HCL Technologies
2022-12-22,891.7664184570312,HCLTECH.NS,HCL Technologies
2022-12-23,884.4716796875,HCLTECH.NS,HCL Technologies
2022-12-26,885.4156494140625,HCLTECH.NS,HCL Technologies
2022-12-27,889.4063110351562,HCLTECH.NS,HCL Technologies
2022-12-28,888.6339721679688,HCLTECH.NS,HCL Technologies
2022-12-29,896.3579711914062,HCLTECH.NS,HCL Technologies
2022-12-30,891.9381103515625,HCLTECH.NS,HCL Technologies
2023-01-02,892.0665893554688,HCLTECH.NS,HCL Technologies
2023-01-03,893.6973876953125,HCLTECH.NS,HCL Technologies
2023-01-04,889.6207885742188,HCLTECH.NS,HCL Technologies
2023-01-05,896.0574951171875,HCLTECH.NS,HCL Technologies
2023-01-06,886.3597412109375,HCLTECH.NS,HCL Technologies
2023-01-09,916.0966796875,HCLTECH.NS,HCL Technologies
2023-01-10,913.0072631835938,HCLTECH.NS,HCL Technologies
2023-01-11,905.2404174804688,HCLTECH.NS,HCL Technologies
2023-01-12,919.701171875,HCLTECH.NS,HCL Technologies
2023-01-13,924.9791259765625,HCLTECH.NS,HCL Technologies
2023-01-16,938.624755859375,HCLTECH.NS,HCL Technologies
2023-01-17,953.5147094726562,HCLTECH.NS,HCL Technologies
2023-01-18,957.033447265625,HCLTECH.NS,HCL Technologies
2023-01-19,962.4457397460938,HCLTECH.NS,HCL Technologies
2023-01-20,959.3281860351562,HCLTECH.NS,HCL Technologies
2023-01-23,970.9322509765625,HCLTECH.NS,HCL Technologies
2023-01-24,985.3508911132812,HCLTECH.NS,HCL Technologies
2023-01-25,972.274658203125,HCLTECH.NS,HCL Technologies
2023-01-27,966.0828247070312,HCLTECH.NS,HCL Technologies
2023-01-30,982.6661987304688,HCLTECH.NS,HCL Technologies
2023-01-31,971.7982177734375,HCLTECH.NS,HCL Technologies
2023-02-01,980.371337890625,HCLTECH.NS,HCL Technologies
2023-02-02,995.5258178710938,HCLTECH.NS,HCL Technologies
2023-02-03,992.53857421875,HCLTECH.NS,HCL Technologies
2023-02-06,992.1483154296875,HCLTECH.NS,HCL Technologies
2023-02-07,977.0372924804688,HCLTECH.NS,HCL Technologies
2023-02-08,991.54248046875,HCLTECH.NS,HCL Technologies
2023-02-09,992.7114868164062,HCLTECH.NS,HCL Technologies
2023-02-10,966.1260375976562,HCLTECH.NS,HCL Technologies
2023-02-13,963.831298828125,HCLTECH.NS,HCL Technologies
2023-02-14,974.6126098632812,HCLTECH.NS,HCL Technologies
2023-02-15,981.0642700195312,HCLTECH.NS,HCL Technologies
2023-02-16,976.9508056640625,HCLTECH.NS,HCL Technologies
2023-02-17,960.8436889648438,HCLTECH.NS,HCL Technologies
2023-02-20,966.1692504882812,HCLTECH.NS,HCL Technologies
2023-02-21,957.0765380859375,HCLTECH.NS,HCL Technologies
2023-02-22,946.1653442382812,HCLTECH.NS,HCL Technologies
2023-02-23,947.680908203125,HCLTECH.NS,HCL Technologies
2023-02-24,948.1135864257812,HCLTECH.NS,HCL Technologies
2023-02-27,938.674560546875,HCLTECH.NS,HCL Technologies
2023-02-28,933.17578125,HCLTECH.NS,HCL Technologies
2023-03-01,953.5260009765625,HCLTECH.NS,HCL Technologies
2023-03-02,957.7260131835938,HCLTECH.NS,HCL Technologies
2023-03-03,969.0269775390625,HCLTECH.NS,HCL Technologies
2023-03-06,975.695068359375,HCLTECH.NS,HCL Technologies
2023-03-08,970.4561767578125,HCLTECH.NS,HCL Technologies
2023-03-09,966.9921264648438,HCLTECH.NS,HCL Technologies
2023-03-10,966.6889038085938,HCLTECH.NS,HCL Technologies
2023-03-13,951.3610229492188,HCLTECH.NS,HCL Technologies
2023-03-14,938.76123046875,HCLTECH.NS,HCL Technologies
2023-03-15,934.950927734375,HCLTECH.NS,HCL Technologies
2023-03-16,928.6725463867188,HCLTECH.NS,HCL Technologies
2023-03-17,959.8910522460938,HCLTECH.NS,HCL Technologies
2023-03-20,944.6497802734375,HCLTECH.NS,HCL Technologies
2023-03-21,938.6312866210938,HCLTECH.NS,HCL Technologies
2023-03-22,936.509765625,HCLTECH.NS,HCL Technologies
2023-03-23,923.0438232421875,HCLTECH.NS,HCL Technologies
2023-03-24,910.790283203125,HCLTECH.NS,HCL Technologies
2023-03-27,910.5737915039062,HCLTECH.NS,HCL Technologies
2023-03-28,901.5675048828125,HCLTECH.NS,HCL Technologies
2023-03-29,924.4293823242188,HCLTECH.NS,HCL Technologies
2023-03-31,939.80029296875,HCLTECH.NS,HCL Technologies
2023-04-03,950.9716186523438,HCLTECH.NS,HCL Technologies
2023-04-05,962.2723999023438,HCLTECH.NS,HCL Technologies
2023-04-06,945.5157470703125,HCLTECH.NS,HCL Technologies
2023-04-10,955.2579956054688,HCLTECH.NS,HCL Technologies
2023-04-11,941.3158569335938,HCLTECH.NS,HCL Technologies
2023-04-12,947.8107299804688,HCLTECH.NS,HCL Technologies
2023-04-13,928.1962890625,HCLTECH.NS,HCL Technologies
2023-04-17,902.52001953125,HCLTECH.NS,HCL Technologies
2023-04-18,921.2685546875,HCLTECH.NS,HCL Technologies
2023-04-19,899.4891357421875,HCLTECH.NS,HCL Technologies
2023-04-20,898.4500732421875,HCLTECH.NS,HCL Technologies
2023-04-21,908.3655395507812,HCLTECH.NS,HCL Technologies
2023-04-24,912.781982421875,HCLTECH.NS,HCL Technologies
2023-04-25,912.26220703125,HCLTECH.NS,HCL Technologies
2023-04-26,922.74072265625,HCLTECH.NS,HCL Technologies
2023-04-27,927.6768188476562,HCLTECH.NS,HCL Technologies
2023-04-28,937.2332763671875,HCLTECH.NS,HCL Technologies
2023-05-02,940.2718505859375,HCLTECH.NS,HCL Technologies
2023-05-03,932.6970825195312,HCLTECH.NS,HCL Technologies
2023-05-04,939.6111450195312,HCLTECH.NS,HCL Technologies
2023-05-05,929.7025756835938,HCLTECH.NS,HCL Technologies
2023-05-08,947.4942016601562,HCLTECH.NS,HCL Technologies
2023-05-09,950.3567504882812,HCLTECH.NS,HCL Technologies
2023-05-10,949.7402954101562,HCLTECH.NS,HCL Technologies
2023-05-11,958.3716430664062,HCLTECH.NS,HCL Technologies
2023-05-12,964.8895263671875,HCLTECH.NS,HCL Technologies
2023-05-15,968.6328735351562,HCLTECH.NS,HCL Technologies
2023-05-16,960.6618041992188,HCLTECH.NS,HCL Technologies
2023-05-17,946.4373168945312,HCLTECH.NS,HCL Technologies
2023-05-18,951.1494750976562,HCLTECH.NS,HCL Technologies
2023-05-19,964.7574462890625,HCLTECH.NS,HCL Technologies
2023-05-22,986.3363037109375,HCLTECH.NS,HCL Technologies
2023-05-23,975.32666015625,HCLTECH.NS,HCL Technologies
2023-05-24,979.3783569335938,HCLTECH.NS,HCL Technologies
2023-05-25,982.9454956054688,HCLTECH.NS,HCL Technologies
2023-05-26,1003.3792724609375,HCLTECH.NS,HCL Technologies
2023-05-29,991.9293212890625,HCLTECH.NS,HCL Technologies
2023-05-30,1000.4288330078125,HCLTECH.NS,HCL Technologies
2023-05-31,1008.575927734375,HCLTECH.NS,HCL Technologies
2023-06-01,1005.757568359375,HCLTECH.NS,HCL Technologies
2023-06-02,1001.4856567382812,HCLTECH.NS,HCL Technologies
2023-06-05,1002.58642578125,HCLTECH.NS,HCL Technologies
2023-06-06,994.0431518554688,HCLTECH.NS,HCL Technologies
2023-06-07,994.4395141601562,HCLTECH.NS,HCL Technologies
2023-06-08,992.413818359375,HCLTECH.NS,HCL Technologies
2023-06-09,977.4405517578125,HCLTECH.NS,HCL Technologies
2023-06-12,1003.7760009765625,HCLTECH.NS,HCL Technologies
2023-06-13,996.4213256835938,HCLTECH.NS,HCL Technologies
2023-06-14,1000.4288330078125,HCLTECH.NS,HCL Technologies
2023-06-15,1007.2547607421875,HCLTECH.NS,HCL Technologies
2023-06-16,1011.3062744140625,HCLTECH.NS,HCL Technologies
2023-06-19,1001.9261474609375,HCLTECH.NS,HCL Technologies
2023-06-20,1029.3182373046875,HCLTECH.NS,HCL Technologies
2023-06-21,1030.9034423828125,HCLTECH.NS,HCL Technologies
2023-06-22,1024.6939697265625,HCLTECH.NS,HCL Technologies
2023-06-23,1026.235595703125,HCLTECH.NS,HCL Technologies
2023-06-26,1028.3052978515625,HCLTECH.NS,HCL Technologies
2023-06-27,1030.50732421875,HCLTECH.NS,HCL Technologies
2023-06-28,1030.7274169921875,HCLTECH.NS,HCL Technologies
2023-06-30,1046.3172607421875,HCLTECH.NS,HCL Technologies
2023-07-03,1040.72412109375,HCLTECH.NS,HCL Technologies
2023-07-04,1048.651123046875,HCLTECH.NS,HCL Technologies
2023-07-05,1052.3505859375,HCLTECH.NS,HCL Technologies
2023-07-06,1039.887451171875,HCLTECH.NS,HCL Technologies
2023-07-07,1019.5857543945312,HCLTECH.NS,HCL Technologies
2023-07-10,990.4320068359375,HCLTECH.NS,HCL Technologies
2023-07-11,981.9766845703125,HCLTECH.NS,HCL Technologies
2023-07-12,978.145263671875,HCLTECH.NS,HCL Technologies
2023-07-13,976.6039428710938,HCLTECH.NS,HCL Technologies
2023-07-14,1013.728515625,HCLTECH.NS,HCL Technologies
2023-07-17,1016.1947021484375,HCLTECH.NS,HCL Technologies
2023-07-18,1028.0411376953125,HCLTECH.NS,HCL Technologies
2023-07-19,1029.670654296875,HCLTECH.NS,HCL Technologies
2023-07-20,1026.783447265625,HCLTECH.NS,HCL Technologies
2023-07-21,990.9374389648438,HCLTECH.NS,HCL Technologies
2023-07-24,988.672119140625,HCLTECH.NS,HCL Technologies
2023-07-25,987.4727783203125,HCLTECH.NS,HCL Technologies
2023-07-26,990.5377197265625,HCLTECH.NS,HCL Technologies
2023-07-27,992.6253662109375,HCLTECH.NS,HCL Technologies
2023-07-28,980.36572265625,HCLTECH.NS,HCL Technologies
2023-07-31,992.0477294921875,HCLTECH.NS,HCL Technologies
2023-08-01,1011.4144897460938,HCLTECH.NS,HCL Technologies
2023-08-02,1004.6627197265625,HCLTECH.NS,HCL Technologies
2023-08-03,999.8656616210938,HCLTECH.NS,HCL Technologies
2023-08-04,1016.6113891601562,HCLTECH.NS,HCL Technologies
2023-08-07,1022.3414916992188,HCLTECH.NS,HCL Technologies
2023-08-08,1013.9462280273438,HCLTECH.NS,HCL Technologies
2023-08-09,1016.43359375,HCLTECH.NS,HCL Technologies
2023-08-10,1007.6832885742188,HCLTECH.NS,HCL Technologies
2023-08-11,1040.686279296875,HCLTECH.NS,HCL Technologies
2023-08-14,1040.28662109375,HCLTECH.NS,HCL Technologies
2023-08-16,1045.7501220703125,HCLTECH.NS,HCL Technologies
2023-08-17,1045.3504638671875,HCLTECH.NS,HCL Technologies
2023-08-18,1042.685302734375,HCLTECH.NS,HCL Technologies
2023-08-21,1047.6156005859375,HCLTECH.NS,HCL Technologies
2023-08-22,1047.8377685546875,HCLTECH.NS,HCL Technologies
2023-08-23,1050.5029296875,HCLTECH.NS,HCL Technologies
2023-08-24,1040.5087890625,HCLTECH.NS,HCL Technologies
2023-08-25,1025.139892578125,HCLTECH.NS,HCL Technologies
2023-08-28,1018.4769287109375,HCLTECH.NS,HCL Technologies
2023-08-29,1028.338134765625,HCLTECH.NS,HCL Technologies
2023-08-30,1039.84228515625,HCLTECH.NS,HCL Technologies
2023-08-31,1041.30810546875,HCLTECH.NS,HCL Technologies
2023-09-01,1053.4346923828125,HCLTECH.NS,HCL Technologies
2023-09-04,1094.9217529296875,HCLTECH.NS,HCL Technologies
2023-09-05,1097.6314697265625,HCLTECH.NS,HCL Technologies
2023-09-06,1097.8975830078125,HCLTECH.NS,HCL Technologies
2023-09-07,1114.021728515625,HCLTECH.NS,HCL Technologies
2023-09-08,1121.1732177734375,HCLTECH.NS,HCL Technologies
2023-09-11,1138.496826171875,HCLTECH.NS,HCL Technologies
2023-09-12,1139.2515869140625,HCLTECH.NS,HCL Technologies
2023-09-13,1132.899658203125,HCLTECH.NS,HCL Technologies
2023-09-14,1140.317626953125,HCLTECH.NS,HCL Technologies
2023-09-15,1158.973388671875,HCLTECH.NS,HCL Technologies
2023-09-18,1159.3287353515625,HCLTECH.NS,HCL Technologies
2023-09-20,1149.023681640625,HCLTECH.NS,HCL Technologies
2023-09-21,1135.3427734375,HCLTECH.NS,HCL Technologies
2023-09-22,1131.522705078125,HCLTECH.NS,HCL Technologies
2023-09-25,1122.416748046875,HCLTECH.NS,HCL Technologies
2023-09-26,1120.6402587890625,HCLTECH.NS,HCL Technologies
2023-09-27,1120.3289794921875,HCLTECH.NS,HCL Technologies
2023-09-28,1103.2723388671875,HCLTECH.NS,HCL Technologies
2023-09-29,1096.9649658203125,HCLTECH.NS,HCL Technologies
2023-10-03,1100.4296875,HCLTECH.NS,HCL Technologies
2023-10-04,1101.184814453125,HCLTECH.NS,HCL Technologies
2023-10-05,1097.5421142578125,HCLTECH.NS,HCL Technologies
2023-10-06,1099.541015625,HCLTECH.NS,HCL Technologies
2023-10-09,1110.11279296875,HCLTECH.NS,HCL Technologies
2023-10-10,1120.951171875,HCLTECH.NS,HCL Technologies
2023-10-11,1106.5592041015625,HCLTECH.NS,HCL Technologies
2023-10-12,1087.1483154296875,HCLTECH.NS,HCL Technologies
2023-10-13,1115.7098388671875,HCLTECH.NS,HCL Technologies
2023-10-16,1128.813232421875,HCLTECH.NS,HCL Technologies
2023-10-17,1134.5877685546875,HCLTECH.NS,HCL Technologies
2023-10-18,1127.7470703125,HCLTECH.NS,HCL Technologies
2023-10-19,1125.881591796875,HCLTECH.NS,HCL Technologies
2023-10-20,1128.7962646484375,HCLTECH.NS,HCL Technologies
2023-10-23,1109.1102294921875,HCLTECH.NS,HCL Technologies
2023-10-25,1102.2490234375,HCLTECH.NS,HCL Technologies
2023-10-26,1104.7603759765625,HCLTECH.NS,HCL Technologies
2023-10-27,1137.8546142578125,HCLTECH.NS,HCL Technologies
2023-10-30,1134.3121337890625,HCLTECH.NS,HCL Technologies
2023-10-31,1144.401611328125,HCLTECH.NS,HCL Technologies
2023-11-01,1129.1103515625,HCLTECH.NS,HCL Technologies
2023-11-02,1142.070068359375,HCLTECH.NS,HCL Technologies
2023-11-03,1135.6573486328125,HCLTECH.NS,HCL Technologies
2023-11-06,1138.75146484375,HCLTECH.NS,HCL Technologies
2023-11-07,1142.5631103515625,HCLTECH.NS,HCL Technologies
2023-11-08,1136.912841796875,HCLTECH.NS,HCL Technologies
2023-11-09,1136.778564453125,HCLTECH.NS,HCL Technologies
2023-11-10,1125.97119140625,HCLTECH.NS,HCL Technologies
2023-11-13,1130.9486083984375,HCLTECH.NS,HCL Technologies
2023-11-15,1144.984619140625,HCLTECH.NS,HCL Technologies
2023-11-16,1175.8369140625,HCLTECH.NS,HCL Technologies
2023-11-17,1174.1329345703125,HCLTECH.NS,HCL Technologies
2023-11-20,1188.70703125,HCLTECH.NS,HCL Technologies
2023-11-21,1189.7833251953125,HCLTECH.NS,HCL Technologies
2023-11-22,1192.5633544921875,HCLTECH.NS,HCL Technologies
2023-11-23,1191.9356689453125,HCLTECH.NS,HCL Technologies
2023-11-24,1174.1329345703125,HCLTECH.NS,HCL Technologies
2023-11-28,1180.859619140625,HCLTECH.NS,HCL Technologies
2023-11-29,1196.3751220703125,HCLTECH.NS,HCL Technologies
2023-11-30,1202.6085205078125,HCLTECH.NS,HCL Technologies
2023-12-01,1198.8416748046875,HCLTECH.NS,HCL Technologies
2023-12-04,1199.96240234375,HCLTECH.NS,HCL Technologies
2023-12-05,1181.6666259765625,HCLTECH.NS,HCL Technologies
2023-12-06,1192.4290771484375,HCLTECH.NS,HCL Technologies
2023-12-07,1191.038818359375,HCLTECH.NS,HCL Technologies
2023-12-08,1223.415771484375,HCLTECH.NS,HCL Technologies
2023-12-11,1233.460693359375,HCLTECH.NS,HCL Technologies
2023-12-12,1233.460693359375,HCLTECH.NS,HCL Technologies
2023-12-13,1227.989501953125,HCLTECH.NS,HCL Technologies
2023-12-14,1268.7073974609375,HCLTECH.NS,HCL Technologies
2023-12-15,1337.497314453125,HCLTECH.NS,HCL Technologies
2023-12-18,1349.156494140625,HCLTECH.NS,HCL Technologies
2023-12-19,1334.8067626953125,HCLTECH.NS,HCL Technologies
2023-12-20,1291.443115234375,HCLTECH.NS,HCL Technologies
2023-12-21,1275.38916015625,HCLTECH.NS,HCL Technologies
2023-12-22,1311.8465576171875,HCLTECH.NS,HCL Technologies
2023-12-26,1307.765869140625,HCLTECH.NS,HCL Technologies
2023-12-27,1320.2325439453125,HCLTECH.NS,HCL Technologies
2023-12-28,1320.5911865234375,HCLTECH.NS,HCL Technologies
2023-12-29,1314.8961181640625,HCLTECH.NS,HCL Technologies
2024-01-01,1330.7259521484375,HCLTECH.NS,HCL Technologies
2024-01-02,1317.9903564453125,HCLTECH.NS,HCL Technologies
2024-01-03,1289.469970703125,HCLTECH.NS,HCL Technologies
2024-01-04,1273.505615234375,HCLTECH.NS,HCL Technologies
2024-01-05,1285.0306396484375,HCLTECH.NS,HCL Technologies
2024-01-08,1298.5731201171875,HCLTECH.NS,HCL Technologies
2024-01-09,1309.783935546875,HCLTECH.NS,HCL Technologies
2024-01-10,1338.214599609375,HCLTECH.NS,HCL Technologies
2024-01-11,1331.667724609375,HCLTECH.NS,HCL Technologies
2024-01-12,1381.8919677734375,HCLTECH.NS,HCL Technologies
2024-01-15,1424.4034423828125,HCLTECH.NS,HCL Technologies
2024-01-16,1395.0311279296875,HCLTECH.NS,HCL Technologies
2024-01-17,1413.3720703125,HCLTECH.NS,HCL Technologies
2024-01-18,1405.8834228515625,HCLTECH.NS,HCL Technologies
2024-01-19,1417.0899658203125,HCLTECH.NS,HCL Technologies
2024-01-23,1377.0526123046875,HCLTECH.NS,HCL Technologies
2024-01-24,1424.7269287109375,HCLTECH.NS,HCL Technologies
2024-01-25,1401.0931396484375,HCLTECH.NS,HCL Technologies
2024-01-29,1423.05517578125,HCLTECH.NS,HCL Technologies
2024-01-30,1409.2725830078125,HCLTECH.NS,HCL Technologies
2024-01-31,1424.3656005859375,HCLTECH.NS,HCL Technologies
2024-02-01,1425.6309814453125,HCLTECH.NS,HCL Technologies
2024-02-02,1431.3699951171875,HCLTECH.NS,HCL Technologies
2024-02-05,1405.7025146484375,HCLTECH.NS,HCL Technologies
2024-02-06,1467.521484375,HCLTECH.NS,HCL Technologies
2024-02-07,1459.9296875,HCLTECH.NS,HCL Technologies
2024-02-08,1476.6046142578125,HCLTECH.NS,HCL Technologies
2024-02-09,1473.7122802734375,HCLTECH.NS,HCL Technologies
2024-02-12,1506.5648193359375,HCLTECH.NS,HCL Technologies
2024-02-13,1505.3448486328125,HCLTECH.NS,HCL Technologies
2024-02-14,1510.677001953125,HCLTECH.NS,HCL Technologies
2024-02-15,1502.58837890625,HCLTECH.NS,HCL Technologies
2024-02-16,1507.0167236328125,HCLTECH.NS,HCL Technologies
2024-02-19,1514.0662841796875,HCLTECH.NS,HCL Technologies
2024-02-20,1503.040283203125,HCLTECH.NS,HCL Technologies
2024-02-21,1478.864013671875,HCLTECH.NS,HCL Technologies
2024-02-22,1524.1436767578125,HCLTECH.NS,HCL Technologies
2024-02-23,1505.4803466796875,HCLTECH.NS,HCL Technologies
2024-02-26,1491.06494140625,HCLTECH.NS,HCL Technologies
2024-02-27,1499.19921875,HCLTECH.NS,HCL Technologies
2024-02-28,1492.9627685546875,HCLTECH.NS,HCL Technologies
2024-02-29,1503.76318359375,HCLTECH.NS,HCL Technologies
2024-03-01,1485.913330078125,HCLTECH.NS,HCL Technologies
2024-03-04,1480.35498046875,HCLTECH.NS,HCL Technologies
2024-03-05,1463.544677734375,HCLTECH.NS,HCL Technologies
2024-03-06,1486.00390625,HCLTECH.NS,HCL Technologies
2024-03-07,1480.084228515625,HCLTECH.NS,HCL Technologies
2024-03-11,1480.98779296875,HCLTECH.NS,HCL Technologies
2024-03-12,1478.231201171875,HCLTECH.NS,HCL Technologies
2024-03-13,1474.525634765625,HCLTECH.NS,HCL Technologies
2024-03-14,1517.6815185546875,HCLTECH.NS,HCL Technologies
2024-03-15,1488.805419921875,HCLTECH.NS,HCL Technologies
2024-03-18,1485.28076171875,HCLTECH.NS,HCL Technologies
2024-03-19,1445.288330078125,HCLTECH.NS,HCL Technologies
2024-03-20,1434.397705078125,HCLTECH.NS,HCL Technologies
2024-03-21,1442.2607421875,HCLTECH.NS,HCL Technologies
2024-03-22,1407.962158203125,HCLTECH.NS,HCL Technologies
2024-03-26,1411.938720703125,HCLTECH.NS,HCL Technologies
2024-03-27,1397.432861328125,HCLTECH.NS,HCL Technologies
2024-03-28,1395.037841796875,HCLTECH.NS,HCL Technologies
2024-04-01,1406.922607421875,HCLTECH.NS,HCL Technologies
2024-04-02,1381.255126953125,HCLTECH.NS,HCL Technologies
2024-04-03,1388.0784912109375,HCLTECH.NS,HCL Technologies
2024-04-04,1391.51318359375,HCLTECH.NS,HCL Technologies
2024-04-05,1396.57421875,HCLTECH.NS,HCL Technologies
2024-04-08,1391.87451171875,HCLTECH.NS,HCL Technologies
2024-04-09,1392.2813720703125,HCLTECH.NS,HCL Technologies
2024-04-10,1391.06103515625,HCLTECH.NS,HCL Technologies
2024-04-12,1375.1092529296875,HCLTECH.NS,HCL Technologies
2024-04-15,1360.2420654296875,HCLTECH.NS,HCL Technologies
2024-04-16,1335.1622314453125,HCLTECH.NS,HCL Technologies
2024-04-18,1325.7176513671875,HCLTECH.NS,HCL Technologies
2024-04-19,1308.2293701171875,HCLTECH.NS,HCL Technologies
2024-04-22,1324.8587646484375,HCLTECH.NS,HCL Technologies
2024-04-23,1343.6126708984375,HCLTECH.NS,HCL Technologies
2024-04-24,1336.92431640625,HCLTECH.NS,HCL Technologies
2024-04-25,1359.4287109375,HCLTECH.NS,HCL Technologies
2024-04-26,1332.0438232421875,HCLTECH.NS,HCL Technologies
2024-04-29,1253.911865234375,HCLTECH.NS,HCL Technologies
2024-04-30,1235.1129150390625,HCLTECH.NS,HCL Technologies
2024-05-02,1229.78076171875,HCLTECH.NS,HCL Technologies
2024-05-03,1218.347900390625,HCLTECH.NS,HCL Technologies
2024-05-06,1228.0635986328125,HCLTECH.NS,HCL Technologies
2024-05-07,1219.0413818359375,HCLTECH.NS,HCL Technologies
2024-05-08,1203.1962890625,HCLTECH.NS,HCL Technologies
2024-05-09,1209.05810546875,HCLTECH.NS,HCL Technologies
2024-05-10,1205.5318603515625,HCLTECH.NS,HCL Technologies
2024-05-13,1202.5093994140625,HCLTECH.NS,HCL Technologies
2024-05-14,1209.97412109375,HCLTECH.NS,HCL Technologies
2024-05-15,1220.8277587890625,HCLTECH.NS,HCL Technologies
2024-05-16,1234.79541015625,HCLTECH.NS,HCL Technologies
2024-05-17,1221.1021728515625,HCLTECH.NS,HCL Technologies
2024-05-21,1229.071044921875,HCLTECH.NS,HCL Technologies
2024-05-22,1230.124267578125,HCLTECH.NS,HCL Technologies
2024-05-23,1239.741455078125,HCLTECH.NS,HCL Technologies
2024-05-24,1232.0933837890625,HCLTECH.NS,HCL Technologies
2024-05-27,1239.5123291015625,HCLTECH.NS,HCL Technologies
2024-05-28,1244.18359375,HCLTECH.NS,HCL Technologies
2024-05-29,1239.3292236328125,HCLTECH.NS,HCL Technologies
2024-05-30,1219.8660888671875,HCLTECH.NS,HCL Technologies
2024-05-31,1212.7674560546875,HCLTECH.NS,HCL Technologies
2024-06-03,1203.9290771484375,HCLTECH.NS,HCL Technologies
2024-06-04,1193.945556640625,HCLTECH.NS,HCL Technologies
2024-06-05,1230.719482421875,HCLTECH.NS,HCL Technologies
2024-06-06,1279.99609375,HCLTECH.NS,HCL Technologies
2024-06-07,1311.1373291015625,HCLTECH.NS,HCL Technologies
2024-06-10,1299.45947265625,HCLTECH.NS,HCL Technologies
2024-06-11,1308.6644287109375,HCLTECH.NS,HCL Technologies
2024-06-12,1317.777587890625,HCLTECH.NS,HCL Technologies
2024-06-13,1322.7235107421875,HCLTECH.NS,HCL Technologies
2024-06-14,1310.7252197265625,HCLTECH.NS,HCL Technologies
2024-06-18,1316.35791015625,HCLTECH.NS,HCL Technologies
2024-06-19,1324.28076171875,HCLTECH.NS,HCL Technologies
2024-06-20,1322.08251953125,HCLTECH.NS,HCL Technologies
2024-06-21,1326.112548828125,HCLTECH.NS,HCL Technologies
2024-06-24,1319.701171875,HCLTECH.NS,HCL Technologies
2024-06-25,1326.2039794921875,HCLTECH.NS,HCL Technologies
2024-06-26,1322.3114013671875,HCLTECH.NS,HCL Technologies
2024-06-27,1332.569580078125,HCLTECH.NS,HCL Technologies
2024-06-28,1336.87451171875,HCLTECH.NS,HCL Technologies
2024-07-01,1345.3468017578125,HCLTECH.NS,HCL Technologies
2024-07-02,1356.292236328125,HCLTECH.NS,HCL Technologies
2024-07-03,1356.4752197265625,HCLTECH.NS,HCL Technologies
2024-07-04,1394.3485107421875,HCLTECH.NS,HCL Technologies
2024-07-05,1391.646484375,HCLTECH.NS,HCL Technologies
2024-07-08,1404.46923828125,HCLTECH.NS,HCL Technologies
2024-07-09,1402.362548828125,HCLTECH.NS,HCL Technologies
2024-07-10,1382.9910888671875,HCLTECH.NS,HCL Technologies
2024-07-11,1384.77685546875,HCLTECH.NS,HCL Technologies
2024-07-12,1429.015869140625,HCLTECH.NS,HCL Technologies
2024-07-15,1437.625732421875,HCLTECH.NS,HCL Technologies
2024-07-16,1437.5799560546875,HCLTECH.NS,HCL Technologies
2024-07-18,1460.4776611328125,HCLTECH.NS,HCL Technologies
2024-07-19,1460.4776611328125,HCLTECH.NS,HCL Technologies
2024-07-22,1444.4947509765625,HCLTECH.NS,HCL Technologies
2024-07-23,1475.1826171875,HCLTECH.NS,HCL Technologies
2024-07-24,1461.6617431640625,HCLTECH.NS,HCL Technologies
2024-07-25,1465.26123046875,HCLTECH.NS,HCL Technologies
2024-07-26,1509.3316650390625,HCLTECH.NS,HCL Technologies
2024-07-29,1506.562744140625,HCLTECH.NS,HCL Technologies
2024-07-30,1504.6246337890625,HCLTECH.NS,HCL Technologies
2024-07-31,1516.02294921875,HCLTECH.NS,HCL Technologies
2024-08-01,1514.1309814453125,HCLTECH.NS,HCL Technologies
2024-08-02,1485.2889404296875,HCLTECH.NS,HCL Technologies
2024-08-05,1442.0030517578125,HCLTECH.NS,HCL Technologies
2024-08-06,1460.7847900390625,HCLTECH.NS,HCL Technologies
2024-08-07,1471.721923828125,HCLTECH.NS,HCL Technologies
2024-08-08,1437.8037109375,HCLTECH.NS,HCL Technologies
2024-08-09,1467.4298095703125,HCLTECH.NS,HCL Technologies
2024-08-12,1463.0924072265625,HCLTECH.NS,HCL Technologies
2024-08-13,1469.9219970703125,HCLTECH.NS,HCL Technologies
2024-08-14,1500.8404541015625,HCLTECH.NS,HCL Technologies
2024-08-16,1539.6962890625,HCLTECH.NS,HCL Technologies
2024-08-19,1549.1566162109375,HCLTECH.NS,HCL Technologies
2024-08-20,1556.7708740234375,HCLTECH.NS,HCL Technologies
2024-08-21,1548.0029296875,HCLTECH.NS,HCL Technologies
2024-08-22,1546.987548828125,HCLTECH.NS,HCL Technologies
2024-08-23,1533.4202880859375,HCLTECH.NS,HCL Technologies
2024-08-26,1586.9508056640625,HCLTECH.NS,HCL Technologies
2024-08-27,1579.705810546875,HCLTECH.NS,HCL Technologies
2024-08-28,1586.9508056640625,HCLTECH.NS,HCL Technologies
2024-08-29,1616.8538818359375,HCLTECH.NS,HCL Technologies
2024-08-30,1618.1463623046875,HCLTECH.NS,HCL Technologies
2024-09-02,1667.4315185546875,HCLTECH.NS,HCL Technologies
2024-09-03,1652.4796142578125,HCLTECH.NS,HCL Technologies
2024-09-04,1647.6805419921875,HCLTECH.NS,HCL Technologies
2024-09-05,1652.572021484375,HCLTECH.NS,HCL Technologies
2024-09-06,1620.77685546875,HCLTECH.NS,HCL Technologies
2024-09-09,1612.1473388671875,HCLTECH.NS,HCL Technologies
2024-09-10,1642.004150390625,HCLTECH.NS,HCL Technologies
2024-09-11,1641.6812744140625,HCLTECH.NS,HCL Technologies
2024-09-12,1668.308349609375,HCLTECH.NS,HCL Technologies
2024-09-13,1673.1072998046875,HCLTECH.NS,HCL Technologies
2024-09-16,1672.23046875,HCLTECH.NS,HCL Technologies
2024-09-17,1673.9842529296875,HCLTECH.NS,HCL Technologies
2024-09-18,1621.1461181640625,HCLTECH.NS,HCL Technologies
2024-09-19,1602.687255859375,HCLTECH.NS,HCL Technologies
2024-09-20,1624.4222412109375,HCLTECH.NS,HCL Technologies
2024-09-23,1617.7310791015625,HCLTECH.NS,HCL Technologies
2024-09-24,1638.774169921875,HCLTECH.NS,HCL Technologies
2024-09-25,1645.0499267578125,HCLTECH.NS,HCL Technologies
2024-09-26,1646.38818359375,HCLTECH.NS,HCL Technologies
2024-09-27,1669.046630859375,HCLTECH.NS,HCL Technologies
2024-09-30,1657.6942138671875,HCLTECH.NS,HCL Technologies
2024-10-01,1676.5223388671875,HCLTECH.NS,HCL Technologies
2024-10-03,1641.496826171875,HCLTECH.NS,HCL Technologies
2024-10-04,1639.6968994140625,HCLTECH.NS,HCL Technologies
2024-10-07,1640.0198974609375,HCLTECH.NS,HCL Technologies
2024-10-08,1651.5567626953125,HCLTECH.NS,HCL Technologies
2024-10-09,1670.246337890625,HCLTECH.NS,HCL Technologies
2024-10-10,1669.2772216796875,HCLTECH.NS,HCL Technologies
2024-10-11,1697.8883056640625,HCLTECH.NS,HCL Technologies
2024-10-14,1712.8863525390625,HCLTECH.NS,HCL Technologies
2024-10-15,1725.991943359375,HCLTECH.NS,HCL Technologies
2024-10-16,1721.5157470703125,HCLTECH.NS,HCL Technologies
2024-10-17,1723.869384765625,HCLTECH.NS,HCL Technologies
2024-10-18,1714.547607421875,HCLTECH.NS,HCL Technologies
2024-10-21,1701.5340576171875,HCLTECH.NS,HCL Technologies
2024-10-22,1693.3125,HCLTECH.NS,HCL Technologies
2024-10-23,1714.6793212890625,HCLTECH.NS,HCL Technologies
2024-10-24,1713.8895263671875,HCLTECH.NS,HCL Technologies
2024-10-25,1720.8106689453125,HCLTECH.NS,HCL Technologies
2024-10-28,1738.8328857421875,HCLTECH.NS,HCL Technologies
2024-10-29,1738.8328857421875,HCLTECH.NS,HCL Technologies
2024-10-30,1708.222900390625,HCLTECH.NS,HCL Technologies
2024-10-31,1640.6390380859375,HCLTECH.NS,HCL Technologies
2024-11-01,1632.6031494140625,HCLTECH.NS,HCL Technologies
2024-11-04,1637.759033203125,HCLTECH.NS,HCL Technologies
2024-11-05,1647.6063232421875,HCLTECH.NS,HCL Technologies
2024-11-06,1707.8511962890625,HCLTECH.NS,HCL Technologies
2024-11-07,1701.8590087890625,HCLTECH.NS,HCL Technologies
2024-11-08,1707.014892578125,HCLTECH.NS,HCL Technologies
2024-11-11,1734.6990966796875,HCLTECH.NS,HCL Technologies
2024-11-12,1739.854736328125,HCLTECH.NS,HCL Technologies
2024-11-13,1732.3299560546875,HCLTECH.NS,HCL Technologies
2024-11-14,1726.941650390625,HCLTECH.NS,HCL Technologies
2024-11-18,1704.692626953125,HCLTECH.NS,HCL Technologies
2024-11-19,1691.2686767578125,HCLTECH.NS,HCL Technologies
2024-11-21,1705.94677734375,HCLTECH.NS,HCL Technologies
2024-11-22,1763.5904541015625,HCLTECH.NS,HCL Technologies
2024-11-25,1757.365966796875,HCLTECH.NS,HCL Technologies
2024-11-26,1764.65869140625,HCLTECH.NS,HCL Technologies
2024-11-27,1756.7623291015625,HCLTECH.NS,HCL Technologies
2024-11-28,1710.1737060546875,HCLTECH.NS,HCL Technologies
2024-11-29,1716.81591796875,HCLTECH.NS,HCL Technologies
2024-12-02,1738.6005859375,HCLTECH.NS,HCL Technologies
2024-12-03,1756.483642578125,HCLTECH.NS,HCL Technologies
2024-12-04,1762.8935546875,HCLTECH.NS,HCL Technologies
2024-12-05,1787.3724365234375,HCLTECH.NS,HCL Technologies
2024-12-06,1786.1646728515625,HCLTECH.NS,HCL Technologies
2024-12-09,1774.27392578125,HCLTECH.NS,HCL Technologies
2024-12-10,1798.845458984375,HCLTECH.NS,HCL Technologies
2024-12-11,1793.782470703125,HCLTECH.NS,HCL Technologies
2024-12-12,1798.7060546875,HCLTECH.NS,HCL Technologies
2024-12-13,1828.9912109375,HCLTECH.NS,HCL Technologies
2024-12-16,1815.61376953125,HCLTECH.NS,HCL Technologies
2024-12-17,1812.0836181640625,HCLTECH.NS,HCL Technologies
2024-12-18,1821.1412353515625,HCLTECH.NS,HCL Technologies
2024-12-19,1796.894775390625,HCLTECH.NS,HCL Technologies
2024-12-20,1775.6207275390625,HCLTECH.NS,HCL Technologies
2024-12-23,1767.86376953125,HCLTECH.NS,HCL Technologies
2024-12-24,1762.2432861328125,HCLTECH.NS,HCL Technologies
2024-12-26,1765.7735595703125,HCLTECH.NS,HCL Technologies
2024-12-27,1757.64501953125,HCLTECH.NS,HCL Technologies
2024-12-30,1791.9710693359375,HCLTECH.NS,HCL Technologies
2024-12-31,1781.2412109375,HCLTECH.NS,HCL Technologies
2025-01-01,1776.17822265625,HCLTECH.NS,HCL Technologies
2025-01-02,1832.1497802734375,HCLTECH.NS,HCL Technologies
2025-01-03,1808.4141845703125,HCLTECH.NS,HCL Technologies
2025-01-06,1814.3597412109375,HCLTECH.NS,HCL Technologies
2025-01-07,1779.8477783203125,HCLTECH.NS,HCL Technologies
2025-01-08,1795.0367431640625,HCLTECH.NS,HCL Technologies
2025-01-09,1797.405517578125,HCLTECH.NS,HCL Technologies
2025-01-10,1853.4234619140625,HCLTECH.NS,HCL Technologies
2025-01-13,1848.12841796875,HCLTECH.NS,HCL Technologies
2025-01-14,1684.765869140625,HCLTECH.NS,HCL Technologies
2025-01-15,1696.0528564453125,HCLTECH.NS,HCL Technologies
2025-01-16,1664.9783935546875,HCLTECH.NS,HCL Technologies
2025-01-17,1678.7261962890625,HCLTECH.NS,HCL Technologies
2025-01-20,1685.5765380859375,HCLTECH.NS,HCL Technologies
2025-01-21,1691.3946533203125,HCLTECH.NS,HCL Technologies
2025-01-22,1715.1365966796875,HCLTECH.NS,HCL Technologies
2025-01-23,1695.71142578125,HCLTECH.NS,HCL Technologies
2025-01-24,1682.432861328125,HCLTECH.NS,HCL Technologies
2025-01-27,1606.51513671875,HCLTECH.NS,HCL Technologies
2025-01-28,1588.9669189453125,HCLTECH.NS,HCL Technologies
2025-01-29,1613.131103515625,HCLTECH.NS,HCL Technologies
2025-01-30,1607.594482421875,HCLTECH.NS,HCL Technologies
2025-01-31,1619.183837890625,HCLTECH.NS,HCL Technologies
2025-02-01,1589.6707763671875,HCLTECH.NS,HCL Technologies
2025-02-03,1587.7940673828125,HCLTECH.NS,HCL Technologies
2025-02-04,1625.8466796875,HCLTECH.NS,HCL Technologies
2025-02-05,1607.35986328125,HCLTECH.NS,HCL Technologies
2025-02-06,1617.3541259765625,HCLTECH.NS,HCL Technologies
2025-02-07,1619.3717041015625,HCLTECH.NS,HCL Technologies
2025-02-10,1627.06640625,HCLTECH.NS,HCL Technologies
2025-02-11,1617.0723876953125,HCLTECH.NS,HCL Technologies
2025-02-12,1611.535888671875,HCLTECH.NS,HCL Technologies
2025-02-13,1598.21044921875,HCLTECH.NS,HCL Technologies
2025-02-14,1605.8582763671875,HCLTECH.NS,HCL Technologies
2025-02-17,1604.591552734375,HCLTECH.NS,HCL Technologies
2025-02-18,1619.2308349609375,HCLTECH.NS,HCL Technologies
2025-02-19,1606.8438720703125,HCLTECH.NS,HCL Technologies
2025-02-20,1583.6181640625,HCLTECH.NS,HCL Technologies
2025-02-21,1595.9581298828125,HCLTECH.NS,HCL Technologies
2025-02-24,1542.797119140625,HCLTECH.NS,HCL Technologies
2025-02-25,1535.336669921875,HCLTECH.NS,HCL Technologies
2025-02-27,1528.861572265625,HCLTECH.NS,HCL Technologies
2025-02-28,1478.0467529296875,HCLTECH.NS,HCL Technologies
2025-03-03,1475.56005859375,HCLTECH.NS,HCL Technologies
2025-03-04,1440.932373046875,HCLTECH.NS,HCL Technologies
2025-03-05,1476.0760498046875,HCLTECH.NS,HCL Technologies
2025-03-06,1487.8060302734375,HCLTECH.NS,HCL Technologies
2025-03-07,1461.9998779296875,HCLTECH.NS,HCL Technologies
2025-03-10,1453.8824462890625,HCLTECH.NS,HCL Technologies
2025-03-11,1471.2901611328125,HCLTECH.NS,HCL Technologies
2025-03-12,1445.71826171875,HCLTECH.NS,HCL Technologies
2025-03-13,1440.228515625,HCLTECH.NS,HCL Technologies
2025-03-17,1449.9881591796875,HCLTECH.NS,HCL Technologies
2025-03-18,1449.9881591796875,HCLTECH.NS,HCL Technologies
2025-03-19,1449.331298828125,HCLTECH.NS,HCL Technologies
2025-03-20,1465.8004150390625,HCLTECH.NS,HCL Technologies
2025-03-21,1470.210693359375,HCLTECH.NS,HCL Technologies
2025-03-24,1505.3544921875,HCLTECH.NS,HCL Technologies
2025-03-25,1524.8265380859375,HCLTECH.NS,HCL Technologies
2025-03-26,1532.8031005859375,HCLTECH.NS,HCL Technologies
2025-03-27,1529.7532958984375,HCLTECH.NS,HCL Technologies
2025-03-28,1494.4219970703125,HCLTECH.NS,HCL Technologies
2025-04-01,1436.099609375,HCLTECH.NS,HCL Technologies
2025-04-02,1433.4720458984375,HCLTECH.NS,HCL Technologies
2025-04-03,1379.56005859375,HCLTECH.NS,HCL Technologies
2025-04-04,1334.516357421875,HCLTECH.NS,HCL Technologies
2025-04-07,1289.47265625,HCLTECH.NS,HCL Technologies
2025-04-08,1316.921142578125,HCLTECH.NS,HCL Technologies
2025-04-09,1295.0093994140625,HCLTECH.NS,HCL Technologies
2025-04-11,1304.9095458984375,HCLTECH.NS,HCL Technologies
2025-04-15,1338.6455078125,HCLTECH.NS,HCL Technologies
2025-04-16,1343.525146484375,HCLTECH.NS,HCL Technologies
2025-04-17,1349.4373779296875,HCLTECH.NS,HCL Technologies
2025-04-21,1390.727294921875,HCLTECH.NS,HCL Technologies
2025-04-22,1388.7567138671875,HCLTECH.NS,HCL Technologies
2025-04-23,1495.82958984375,HCLTECH.NS,HCL Technologies
2025-04-24,1488.97900390625,HCLTECH.NS,HCL Technologies
2025-04-25,1481.00244140625,HCLTECH.NS,HCL Technologies
2025-04-28,1470.6558837890625,HCLTECH.NS,HCL Technologies
2025-04-29,1489.3558349609375,HCLTECH.NS,HCL Technologies
2025-04-30,1487.9320068359375,HCLTECH.NS,HCL Technologies
2025-05-02,1492.58349609375,HCLTECH.NS,HCL Technologies
2025-05-05,1488.9761962890625,HCLTECH.NS,HCL Technologies
2025-05-06,1498.943115234375,HCLTECH.NS,HCL Technologies
2025-05-07,1483.9453125,HCLTECH.NS,HCL Technologies
2025-05-08,1500.4620361328125,HCLTECH.NS,HCL Technologies
2025-05-09,1489.735595703125,HCLTECH.NS,HCL Technologies
2025-05-12,1585.5137939453125,HCLTECH.NS,HCL Technologies
2025-05-13,1537.3873291015625,HCLTECH.NS,HCL Technologies
2025-05-14,1554.568603515625,HCLTECH.NS,HCL Technologies
2025-05-15,1609.9093017578125,HCLTECH.NS,HCL Technologies
2025-05-16,1575.641845703125,HCLTECH.NS,HCL Technologies
2025-05-19,1565.864501953125,HCLTECH.NS,HCL Technologies
2025-05-20,1555.13818359375,HCLTECH.NS,HCL Technologies
2025-05-21,1568.1427001953125,HCLTECH.NS,HCL Technologies
2025-05-22,1550.107421875,HCLTECH.NS,HCL Technologies
2025-05-23,1564.5355224609375,HCLTECH.NS,HCL Technologies
2025-05-26,1588.6463623046875,HCLTECH.NS,HCL Technologies
2025-05-27,1568.2376708984375,HCLTECH.NS,HCL Technologies
2025-05-28,1573.1737060546875,HCLTECH.NS,HCL Technologies
2025-05-29,1580.197998046875,HCLTECH.NS,HCL Technologies
2025-05-30,1553.5245361328125,HCLTECH.NS,HCL Technologies
2025-06-02,1548.683349609375,HCLTECH.NS,HCL Technologies
2025-06-03,1547.63916015625,HCLTECH.NS,HCL Technologies
2025-06-04,1543.557373046875,HCLTECH.NS,HCL Technologies
2025-06-05,1549.5377197265625,HCLTECH.NS,HCL Technologies
2025-06-06,1554.568603515625,HCLTECH.NS,HCL Technologies
2025-06-09,1564.630615234375,HCLTECH.NS,HCL Technologies
2025-06-10,1583.4256591796875,HCLTECH.NS,HCL Technologies
2025-06-11,1634.49462890625,HCLTECH.NS,HCL Technologies
2025-06-12,1614.8453369140625,HCLTECH.NS,HCL Technologies
2025-06-13,1609.2447509765625,HCLTECH.NS,HCL Technologies
2025-06-16,1635.5386962890625,HCLTECH.NS,HCL Technologies
2025-06-17,1641.8035888671875,HCLTECH.NS,HCL Technologies
2025-06-18,1628.7991943359375,HCLTECH.NS,HCL Technologies
2025-06-19,1626.9005126953125,HCLTECH.NS,HCL Technologies
2025-06-20,1651.580810546875,HCLTECH.NS,HCL Technologies
2025-06-23,1616.7437744140625,HCLTECH.NS,HCL Technologies
2025-06-24,1605.9224853515625,HCLTECH.NS,HCL Technologies
2025-06-25,1629.9381103515625,HCLTECH.NS,HCL Technologies
2025-06-26,1636.5828857421875,HCLTECH.NS,HCL Technologies
2025-06-27,1635.82373046875,HCLTECH.NS,HCL Technologies
2025-06-30,1640.8543701171875,HCLTECH.NS,HCL Technologies
2025-07-01,1631.077392578125,HCLTECH.NS,HCL Technologies
2025-07-02,1631.362060546875,HCLTECH.NS,HCL Technologies
2025-07-03,1625.002197265625,HCLTECH.NS,HCL Technologies
2025-07-04,1638.2916259765625,HCLTECH.NS,HCL Technologies
2025-07-07,1623.578369140625,HCLTECH.NS,HCL Technologies
2025-07-08,1621.3951416015625,HCLTECH.NS,HCL Technologies
2025-07-09,1589.0260009765625,HCLTECH.NS,HCL Technologies
2025-07-10,1579.2489013671875,HCLTECH.NS,HCL Technologies
2025-07-11,1555.13818359375,HCLTECH.NS,HCL Technologies
2025-07-14,1537.5772705078125,HCLTECH.NS,HCL Technologies
2025-07-15,1486.8880615234375,HCLTECH.NS,HCL Technologies
2025-07-16,1483.470703125,HCLTECH.NS,HCL Technologies
2025-07-17,1465.530029296875,HCLTECH.NS,HCL Technologies
2025-07-18,1481.6978759765625,HCLTECH.NS,HCL Technologies
2025-07-21,1464.0950927734375,HCLTECH.NS,HCL Technologies
2025-07-22,1454.2412109375,HCLTECH.NS,HCL Technologies
2025-07-23,1463.52099609375,HCLTECH.NS,HCL Technologies
2025-07-24,1441.900146484375,HCLTECH.NS,HCL Technologies
2025-07-25,1425.5408935546875,HCLTECH.NS,HCL Technologies
2025-07-28,1402.580810546875,HCLTECH.NS,HCL Technologies
2025-07-29,1408.60791015625,HCLTECH.NS,HCL Technologies
2025-07-30,1412.5301513671875,HCLTECH.NS,HCL Technologies
2025-07-31,1404.3028564453125,HCLTECH.NS,HCL Technologies
2025-08-01,1389.1873779296875,HCLTECH.NS,HCL Technologies
2025-08-04,1410.521240234375,HCLTECH.NS,HCL Technologies
2025-08-05,1418.4615478515625,HCLTECH.NS,HCL Technologies
2025-08-06,1399.806396484375,HCLTECH.NS,HCL Technologies
2025-08-07,1411.5736083984375,HCLTECH.NS,HCL Technologies
2025-08-08,1411.7647705078125,HCLTECH.NS,HCL Technologies
2025-08-11,1423.5321044921875,HCLTECH.NS,HCL Technologies
2025-08-12,1434.151123046875,HCLTECH.NS,HCL Technologies
2025-08-13,1436.064453125,HCLTECH.NS,HCL Technologies
2025-08-14,1425.254150390625,HCLTECH.NS,HCL Technologies
2025-08-18,1420.6619873046875,HCLTECH.NS,HCL Technologies
2025-08-19,1412.1475830078125,HCLTECH.NS,HCL Technologies
2025-08-20,1431.185302734375,HCLTECH.NS,HCL Technologies
2025-08-21,1428.793701171875,HCLTECH.NS,HCL Technologies
2025-08-22,1402.7720947265625,HCLTECH.NS,HCL Technologies
2025-08-25,1439.030029296875,HCLTECH.NS,HCL Technologies
2025-08-26,1428.1240234375,HCLTECH.NS,HCL Technologies
2025-08-28,1386.987060546875,HCLTECH.NS,HCL Technologies
2025-08-29,1391.7705078125,HCLTECH.NS,HCL Technologies
2025-09-01,1404.78125,HCLTECH.NS,HCL Technologies
2025-09-02,1402.1982421875,HCLTECH.NS,HCL Technologies
2025-09-03,1402.580810546875,HCLTECH.NS,HCL Technologies
2025-09-04,1380.7685546875,HCLTECH.NS,HCL Technologies
2025-09-05,1357.5213623046875,HCLTECH.NS,HCL Technologies
2025-09-08,1342.214599609375,HCLTECH.NS,HCL Technologies
2025-09-09,1365.2703857421875,HCLTECH.NS,HCL Technologies
2025-09-10,1400.4761962890625,HCLTECH.NS,HCL Technologies
2025-09-11,1404.1114501953125,HCLTECH.NS,HCL Technologies
2025-09-12,1403.6331787109375,HCLTECH.NS,HCL Technologies
2025-09-15,1402.963623046875,HCLTECH.NS,HCL Technologies
2025-09-16,1418.84423828125,HCLTECH.NS,HCL Technologies
2025-09-17,1417.3135986328125,HCLTECH.NS,HCL Technologies
2025-09-18,1429.080810546875,HCLTECH.NS,HCL Technologies
2025-09-19,1403.824462890625,HCLTECH.NS,HCL Technologies
2025-09-22,1377.5159912109375,HCLTECH.NS,HCL Technologies
2025-09-23,1367.8536376953125,HCLTECH.NS,HCL Technologies
2025-09-24,1379.81201171875,HCLTECH.NS,HCL Technologies
2025-09-25,1362.1136474609375,HCLTECH.NS,HCL Technologies
2025-09-26,1334.8482666015625,HCLTECH.NS,HCL Technologies
2025-09-29,1327.2906494140625,HCLTECH.NS,HCL Technologies
2025-09-30,1325.090087890625,HCLTECH.NS,HCL Technologies
2025-10-01,1329.299560546875,HCLTECH.NS,HCL Technologies
2025-10-03,1333.126220703125,HCLTECH.NS,HCL Technologies
2025-10-06,1356.2777099609375,HCLTECH.NS,HCL Technologies
2025-10-07,1371.2977294921875,HCLTECH.NS,HCL Technologies
2025-10-08,1390.2396240234375,HCLTECH.NS,HCL Technologies
2025-10-09,1422.096923828125,HCLTECH.NS,HCL Technologies
2025-10-10,1430.70703125,HCLTECH.NS,HCL Technologies
2025-10-13,1429.941650390625,HCLTECH.NS,HCL Technologies
2025-10-14,1430.6114501953125,HCLTECH.NS,HCL Technologies
2025-10-15,1430.8984375,HCLTECH.NS,HCL Technologies
2025-10-16,1449.3623046875,HCLTECH.NS,HCL Technologies
2025-10-17,1433.1617431640625,HCLTECH.NS,HCL Technologies
2025-10-20,1442.0335693359375,HCLTECH.NS,HCL Technologies
2025-10-21,1432.968994140625,HCLTECH.NS,HCL Technologies
2025-10-23,1469.5164794921875,HCLTECH.NS,HCL Technologies
2025-10-24,1469.4200439453125,HCLTECH.NS,HCL Technologies
2025-10-27,1478.7738037109375,HCLTECH.NS,HCL Technologies
2025-10-28,1467.7806396484375,HCLTECH.NS,HCL Technologies
2025-10-29,1501.7244873046875,HCLTECH.NS,HCL Technologies
2025-10-30,1494.4921875,HCLTECH.NS,HCL Technologies
2025-10-31,1486.4884033203125,HCLTECH.NS,HCL Technologies
2025-11-03,1488.4168701171875,HCLTECH.NS,HCL Technologies
2025-11-04,1474.53076171875,HCLTECH.NS,HCL Technologies
2025-11-06,1471.92724609375,HCLTECH.NS,HCL Technologies
2025-11-07,1458.4267578125,HCLTECH.NS,HCL Technologies
2025-11-10,1485.5240478515625,HCLTECH.NS,HCL Technologies
2025-11-11,1513.9713134765625,HCLTECH.NS,HCL Technologies
2025-11-12,1537.11474609375,HCLTECH.NS,HCL Technologies
2025-11-13,1541.4539794921875,HCLTECH.NS,HCL Technologies
2025-11-14,1537.6932373046875,HCLTECH.NS,HCL Technologies
2025-11-17,1549.0721435546875,HCLTECH.NS,HCL Technologies
2025-11-18,1538.2718505859375,HCLTECH.NS,HCL Technologies
2025-11-19,1603.2666015625,HCLTECH.NS,HCL Technologies
2025-11-20,1586.680419921875,HCLTECH.NS,HCL Technologies
2025-11-21,1550.6151123046875,HCLTECH.NS,HCL Technologies
2025-11-24,1552.929443359375,HCLTECH.NS,HCL Technologies
2025-11-25,1543.9613037109375,HCLTECH.NS,HCL Technologies
2025-11-26,1560.1617431640625,HCLTECH.NS,HCL Technologies
2025-11-27,1570.86572265625,HCLTECH.NS,HCL Technologies
2025-11-28,1566.23681640625,HCLTECH.NS,HCL Technologies
2025-12-01,1584.26953125,HCLTECH.NS,HCL Technologies
2025-12-02,1577.133544921875,HCLTECH.NS,HCL Technologies
2025-12-03,1581.9552001953125,HCLTECH.NS,HCL Technologies
2025-12-04,1595.552001953125,HCLTECH.NS,HCL Technologies
2025-12-05,1622.9385986328125,HCLTECH.NS,HCL Technologies
2025-12-08,1628.3387451171875,HCLTECH.NS,HCL Technologies
2025-12-09,1598.4449462890625,HCLTECH.NS,HCL Technologies
2025-12-10,1606.545166015625,HCLTECH.NS,HCL Technologies
2025-12-11,1612.716796875,HCLTECH.NS,HCL Technologies
2025-12-12,1613.48828125,HCLTECH.NS,HCL Technologies
2025-12-15,1623.90283203125,HCLTECH.NS,HCL Technologies
2025-12-16,1592.7554931640625,HCLTECH.NS,HCL Technologies
2025-12-17,1595.9378662109375,HCLTECH.NS,HCL Technologies
2025-12-18,1602.1092529296875,HCLTECH.NS,HCL Technologies
2025-12-19,1583.7874755859375,HCLTECH.NS,HCL Technologies
2025-12-22,1610.6917724609375,HCLTECH.NS,HCL Technologies
2025-12-23,1619.94921875,HCLTECH.NS,HCL Technologies
2025-12-24,1614.9346923828125,HCLTECH.NS,HCL Technologies
2025-12-26,1601.6273193359375,HCLTECH.NS,HCL Technologies
2025-12-29,1572.6014404296875,HCLTECH.NS,HCL Technologies
2025-12-30,1557.55810546875,HCLTECH.NS,HCL Technologies
2025-12-31,1565.369140625,HCLTECH.NS,HCL Technologies
2026-01-01,1576.16943359375,HCLTECH.NS,HCL Technologies
2026-01-02,1581.666015625,HCLTECH.NS,HCL Technologies
2026-01-05,1550.2293701171875,HCLTECH.NS,HCL Technologies
2026-01-06,1558.618896484375,HCLTECH.NS,HCL Technologies
2026-01-07,1588.8983154296875,HCLTECH.NS,HCL Technologies
2026-01-08,1587.93408203125,HCLTECH.NS,HCL Technologies
2026-01-09,1602.1092529296875,HCLTECH.NS,HCL Technologies
2026-01-12,1608.088134765625,HCLTECH.NS,HCL Technologies
2026-01-13,1605.5809326171875,HCLTECH.NS,HCL Technologies
2026-01-14,1608.9560546875,HCLTECH.NS,HCL Technologies
2026-01-15,1608.9560546875,HCLTECH.NS,HCL Technologies
2026-01-16,1649.264892578125,HCLTECH.NS,HCL Technologies
2026-01-19,1667.525390625,HCLTECH.NS,HCL Technologies
2026-01-20,1638.8720703125,HCLTECH.NS,HCL Technologies
2026-01-21,1634.209716796875,HCLTECH.NS,HCL Technologies
2026-01-22,1654.218505859375,HCLTECH.NS,HCL Technologies
2026-01-23,1658.006591796875,HCLTECH.NS,HCL Technologies
2026-01-27,1670.82763671875,HCLTECH.NS,HCL Technologies
2026-01-28,1679.9578857421875,HCLTECH.NS,HCL Technologies
2026-01-29,1672.1875,HCLTECH.NS,HCL Technologies
2026-01-30,1646.9337158203125,HCLTECH.NS,HCL Technologies
2026-02-02,1628.67333984375,HCLTECH.NS,HCL Technologies
2026-02-03,1646.6424560546875,HCLTECH.NS,HCL Technologies
2026-02-04,1575.2520751953125,HCLTECH.NS,HCL Technologies
2026-02-05,1563.7906494140625,HCLTECH.NS,HCL Technologies
2026-02-06,1547.9583740234375,HCLTECH.NS,HCL Technologies
2026-02-09,1556.020263671875,HCLTECH.NS,HCL Technologies
2026-02-10,1527.94970703125,HCLTECH.NS,HCL Technologies
2026-02-11,1507.066650390625,HCLTECH.NS,HCL Technologies
2026-02-12,1433.7337646484375,HCLTECH.NS,HCL Technologies
2026-02-13,1413.4334716796875,HCLTECH.NS,HCL Technologies
2026-02-16,1419.84423828125,HCLTECH.NS,HCL Technologies
2026-02-17,1440.047119140625,HCLTECH.NS,HCL Technologies
2026-02-18,1425.089111328125,HCLTECH.NS,HCL Technologies
2026-02-19,1408.771484375,HCLTECH.NS,HCL Technologies
2026-02-20,1395.2703857421875,HCLTECH.NS,HCL Technologies
2026-02-23,1385.265869140625,HCLTECH.NS,HCL Technologies
2026-02-24,1300.762939453125,HCLTECH.NS,HCL Technologies
2026-02-25,1338.6435546875,HCLTECH.NS,HCL Technologies
2026-02-26,1334.0784912109375,HCLTECH.NS,HCL Technologies
2026-02-27,1349.2308349609375,HCLTECH.NS,HCL Technologies
2026-03-02,1331.6502685546875,HCLTECH.NS,HCL Technologies
2026-03-04,1324.8511962890625,HCLTECH.NS,HCL Technologies
2026-03-05,1315.2352294921875,HCLTECH.NS,HCL Technologies
2026-03-06,1317.7606201171875,HCLTECH.NS,HCL Technologies
2026-03-09,1319.606201171875,HCLTECH.NS,HCL Technologies
2026-03-10,1322.4229736328125,HCLTECH.NS,HCL Technologies
2026-03-11,1311.54443359375,HCLTECH.NS,HCL Technologies
2026-03-12,1319.1204833984375,HCLTECH.NS,HCL Technologies
2026-03-13,1287.3590087890625,HCLTECH.NS,HCL Technologies
2026-03-16,1290.4671630859375,HCLTECH.NS,HCL Technologies
2026-03-17,1283.182373046875,HCLTECH.NS,HCL Technologies
2026-03-18,1318.246337890625,HCLTECH.NS,HCL Technologies
2026-03-19,1274.1494140625,HCLTECH.NS,HCL Technologies
2026-03-20,1295.4207763671875,HCLTECH.NS,HCL Technologies
2026-03-23,1319.606201171875,HCLTECH.NS,HCL Technologies
2026-03-24,1333.88427734375,HCLTECH.NS,HCL Technologies
2026-03-25,1341.6546630859375,HCLTECH.NS,HCL Technologies
2026-03-27,1325.23974609375,HCLTECH.NS,HCL Technologies
2026-03-30,1303.093994140625,HCLTECH.NS,HCL Technologies
2026-04-01,1315.5267333984375,HCLTECH.NS,HCL Technologies
2026-04-02,1361.9547119140625,HCLTECH.NS,HCL Technologies
2026-04-06,1363.023193359375,HCLTECH.NS,HCL Technologies
2026-04-07,1400.223876953125,HCLTECH.NS,HCL Technologies
2026-04-08,1419.067138671875,HCLTECH.NS,HCL Technologies
2026-04-09,1422.855224609375,HCLTECH.NS,HCL Technologies
2026-04-10,1409.5484619140625,HCLTECH.NS,HCL Technologies
2026-04-13,1388.3741455078125,HCLTECH.NS,HCL Technologies
2026-04-15,1409.6455078125,HCLTECH.NS,HCL Technologies
2026-04-16,1408.5770263671875,HCLTECH.NS,HCL Technologies
2026-04-17,1400.90380859375,HCLTECH.NS,HCL Technologies
2026-04-20,1387.3056640625,HCLTECH.NS,HCL Technologies
2026-04-21,1399.8353271484375,HCLTECH.NS,HCL Technologies
2026-04-22,1248.4100341796875,HCLTECH.NS,HCL Technologies
2026-04-23,1240.9310302734375,HCLTECH.NS,HCL Technologies
2026-04-24,1191.040283203125,HCLTECH.NS,HCL Technologies
2026-04-27,1215.78759765625,HCLTECH.NS,HCL Technologies
2026-04-28,1183.9130859375,HCLTECH.NS,HCL Technologies
2026-04-29,1188.0706787109375,HCLTECH.NS,HCL Technologies
2026-04-30,1186.9818115234375,HCLTECH.NS,HCL Technologies
2026-05-01,1186.9818115234375,HCLTECH.NS,HCL Technologies
2026-05-04,1188.36767578125,HCLTECH.NS,HCL Technologies
2026-05-05,1188.0706787109375,HCLTECH.NS,HCL Technologies
2026-05-06,1177.0828857421875,HCLTECH.NS,HCL Technologies
2026-05-07,1171.4404296875,HCLTECH.NS,HCL Technologies
2026-05-08,1186.2889404296875,HCLTECH.NS,HCL Technologies
2026-05-11,1182.82421875,HCLTECH.NS,HCL Technologies
2026-05-12,1134.220458984375,HCLTECH.NS,HCL Technologies
2026-05-13,1131.646728515625,HCLTECH.NS,HCL Technologies
2026-05-14,1112.6407470703125,HCLTECH.NS,HCL Technologies
2026-05-15,1121.15380859375,HCLTECH.NS,HCL Technologies
2026-05-18,1135.0123291015625,HCLTECH.NS,HCL Technologies
2026-05-19,1167.48095703125,HCLTECH.NS,HCL Technologies
2026-05-20,1157.9779052734375,HCLTECH.NS,HCL Technologies
2026-05-21,1156.39404296875,HCLTECH.NS,HCL Technologies
2026-05-22,1152.236572265625,HCLTECH.NS,HCL Technologies
2026-05-25,1153.9193115234375,HCLTECH.NS,HCL Technologies
2026-05-26,1150.15771484375,HCLTECH.NS,HCL Technologies
2026-05-27,1153.42431640625,HCLTECH.NS,HCL Technologies
2026-05-28,1153.42431640625,HCLTECH.NS,HCL Technologies
2026-05-29,1171.83642578125,HCLTECH.NS,HCL Technologies
2026-06-01,1183.022216796875,HCLTECH.NS,HCL Technologies
2026-06-02,1230.93310546875,HCLTECH.NS,HCL Technologies
2026-06-03,1167.0849609375,HCLTECH.NS,HCL Technologies
2026-06-04,1156.4931640625,HCLTECH.NS,HCL Technologies
2026-06-05,1143.0303955078125,HCLTECH.NS,HCL Technologies
2026-06-08,1139.6649169921875,HCLTECH.NS,HCL Technologies
2026-06-09,1134.7154541015625,HCLTECH.NS,HCL Technologies
2026-06-10,1120.658935546875,HCLTECH.NS,HCL Technologies
2026-06-11,1098.980224609375,HCLTECH.NS,HCL Technologies
2026-06-12,1098.38623046875,HCLTECH.NS,HCL Technologies
2026-06-15,1107.98828125,HCLTECH.NS,HCL Technologies
2026-06-16,1147.2869873046875,HCLTECH.NS,HCL Technologies
2026-06-17,1155.00830078125,HCLTECH.NS,HCL Technologies
2026-06-18,1150.058837890625,HCLTECH.NS,HCL Technologies
2026-06-19,1120.262939453125,HCLTECH.NS,HCL Technologies
2026-06-22,1119.0750732421875,HCLTECH.NS,HCL Technologies
2026-06-23,1098.287353515625,HCLTECH.NS,HCL Technologies
2026-06-24,1102.642822265625,HCLTECH.NS,HCL Technologies
2026-06-25,1089.576171875,HCLTECH.NS,HCL Technologies
2026-06-26,1089.576171875,HCLTECH.NS,HCL Technologies
2026-06-29,1091.259033203125,HCLTECH.NS,HCL Technologies
2026-06-30,1060.9683837890625,HCLTECH.NS,HCL Technologies
2026-07-01,1023.7482299804688,HCLTECH.NS,HCL Technologies
2026-07-02,1067.20458984375,HCLTECH.NS,HCL Technologies
2026-07-03,1127.4891357421875,HCLTECH.NS,HCL Technologies
2026-07-06,1122.7376708984375,HCLTECH.NS,HCL Technologies
2026-07-07,1156.39404296875,HCLTECH.NS,HCL Technologies
2026-07-08,1134.0224609375,HCLTECH.NS,HCL Technologies
2026-07-09,1138.77392578125,HCLTECH.NS,HCL Technologies
2026-07-10,1152.33544921875,HCLTECH.NS,HCL Technologies
2026-07-13,1208.8583984375,HCLTECH.NS,HCL Technologies
2026-07-14,1154.9091796875,HCLTECH.NS,HCL Technologies
2026-07-15,1156.196044921875,HCLTECH.NS,HCL Technologies
2026-07-16,1175.4000244140625,HCLTECH.NS,HCL Technologies
2026-07-17,1203.9000244140625,HCLTECH.NS,HCL Technologies
2026-07-20,1221.300048828125,HCLTECH.NS,HCL Technologies
2026-07-21,1239.5,HCLTECH.NS,HCL Technologies
2026-07-22,1237.300048828125,HCLTECH.NS,HCL Technologies
2026-07-23,1244.699951171875,HCLTECH.NS,HCL Technologies
2026-07-24,1271.0,HCLTECH.NS,HCL Technologies
2026-07-27,1295.9000244140625,HCLTECH.NS,HCL Technologies
2026-07-28,1318.5999755859375,HCLTECH.NS,HCL Technologies
2026-07-29,1344.300048828125,HCLTECH.NS,HCL Technologies
2026-07-30,1352.699951171875,HCLTECH.NS,HCL Technologies
2026-07-31,1346.9000244140625,HCLTECH.NS,HCL Technologies
2026-08-03,1377.0,HCLTECH.NS,HCL Technologies
2026-08-04,1369.9000244140625,HCLTECH.NS,HCL Technologies
2026-08-05,1350.0,HCLTECH.NS,HCL Technologies
2026-08-06,1335.0,HCLTECH.NS,HCL Technologies
2026-08-07,1356.5999755859375,HCLTECH.NS,HCL Technologies
2026-08-10,1357.199951171875,HCLTECH.NS,HCL Technologies
2026-08-11,1365.4000244140625,HCLTECH.NS,HCL Technologies
2026-08-12,1365.4000244140625,HCLTECH.NS,HCL Technologies
2026-08-13,1370.0,HCLTECH.NS,HCL Technologies
2026-08-14,1360.0,HCLTECH.NS,HCL Technologies
2026-08-17,1325.0,HCLTECH.NS,HCL Technologies
2026-08-18,,HCLTECH.NS,HCL Technologies
